port_code,port_name,state,border,date,latitude,longitude,trains,trucks
103,Eastport,Maine,US-Canada Border,2018-01-01,44.8594395785,-66.98007566,0,149
103,Eastport,Maine,US-Canada Border,2018-02-01,44.8594395785,-66.98007566,0,161
103,Eastport,Maine,US-Canada Border,2018-03-01,44.8594395785,-66.98007566,0,154
103,Eastport,Maine,US-Canada Border,2018-04-01,44.8594395785,-66.98007566,0,175
103,Eastport,Maine,US-Canada Border,2018-05-01,44.8594395785,-66.98007566,0,236
103,Eastport,Maine,US-Canada Border,2018-06-01,44.8594395785,-66.98007566,0,250
103,Eastport,Maine,US-Canada Border,2018-07-01,44.8594395785,-66.98007566,0,287
103,Eastport,Maine,US-Canada Border,2018-08-01,44.8594395785,-66.98007566,0,309
103,Eastport,Maine,US-Canada Border,2018-09-01,44.8594395785,-66.98007566,0,359
103,Eastport,Maine,US-Canada Border,2018-10-01,44.8594395785,-66.98007566,0,254
103,Eastport,Maine,US-Canada Border,2018-11-01,44.8594395785,-66.98007566,0,229
103,Eastport,Maine,US-Canada Border,2018-12-01,44.8594395785,-66.98007566,0,151
103,Eastport,Maine,US-Canada Border,2019-01-01,44.8594395785,-66.98007566,0,184
103,Eastport,Maine,US-Canada Border,2019-02-01,44.8594395785,-66.98007566,0,186
103,Eastport,Maine,US-Canada Border,2019-03-01,44.8594395785,-66.98007566,0,165
103,Eastport,Maine,US-Canada Border,2019-04-01,44.8594395785,-66.98007566,0,169
103,Eastport,Maine,US-Canada Border,2019-05-01,44.8594395785,-66.98007566,0,254
103,Eastport,Maine,US-Canada Border,2019-06-01,44.8594395785,-66.98007566,0,240
103,Eastport,Maine,US-Canada Border,2019-07-01,44.8594395785,-66.98007566,0,209
103,Eastport,Maine,US-Canada Border,2019-08-01,44.8594395785,-66.98007566,0,241
103,Eastport,Maine,US-Canada Border,2019-09-01,44.8594395785,-66.98007566,0,234
103,Eastport,Maine,US-Canada Border,2019-10-01,44.8594395785,-66.98007566,0,284
103,Eastport,Maine,US-Canada Border,2019-11-01,44.8594395785,-66.98007566,0,241
103,Eastport,Maine,US-Canada Border,2019-12-01,44.8594395785,-66.98007566,0,160
103,Eastport,Maine,US-Canada Border,2020-01-01,44.8594395785,-66.98007566,0,166
103,Eastport,Maine,US-Canada Border,2020-02-01,44.8594395785,-66.98007566,0,146
103,Eastport,Maine,US-Canada Border,2020-03-01,44.8594395785,-66.98007566,0,120
103,Eastport,Maine,US-Canada Border,2020-04-01,44.8594395785,-66.98007566,0,96
103,Eastport,Maine,US-Canada Border,2020-05-01,44.8594395785,-66.98007566,0,155
103,Eastport,Maine,US-Canada Border,2020-06-01,44.8594395785,-66.98007566,0,158
103,Eastport,Maine,US-Canada Border,2020-07-01,44.8594395785,-66.98007566,0,156
103,Eastport,Maine,US-Canada Border,2020-08-01,44.8594395785,-66.98007566,0,150
103,Eastport,Maine,US-Canada Border,2020-09-01,44.8594395785,-66.98007566,0,171
103,Eastport,Maine,US-Canada Border,2020-10-01,44.8594395785,-66.98007566,0,177
103,Eastport,Maine,US-Canada Border,2020-11-01,44.8594395785,-66.98007566,0,128
103,Eastport,Maine,US-Canada Border,2020-12-01,44.8594395785,-66.98007566,0,136
103,Eastport,Maine,US-Canada Border,2021-01-01,44.8594395785,-66.98007566,0,127
103,Eastport,Maine,US-Canada Border,2021-02-01,44.8594395785,-66.98007566,0,89
103,Eastport,Maine,US-Canada Border,2021-03-01,44.8594395785,-66.98007566,0,129
103,Eastport,Maine,US-Canada Border,2021-04-01,44.8594395785,-66.98007566,0,138
103,Eastport,Maine,US-Canada Border,2021-05-01,44.8594395785,-66.98007566,0,130
103,Eastport,Maine,US-Canada Border,2021-06-01,44.8594395785,-66.98007566,0,143
103,Eastport,Maine,US-Canada Border,2021-07-01,44.8594395785,-66.98007566,0,141
103,Eastport,Maine,US-Canada Border,2021-08-01,44.8594395785,-66.98007566,0,137
103,Eastport,Maine,US-Canada Border,2021-09-01,44.8594395785,-66.98007566,0,127
103,Eastport,Maine,US-Canada Border,2021-10-01,44.8594395785,-66.98007566,0,150
103,Eastport,Maine,US-Canada Border,2021-11-01,44.8594395785,-66.98007566,0,147
103,Eastport,Maine,US-Canada Border,2021-12-01,44.8594395785,-66.98007566,0,144
103,Eastport,Maine,US-Canada Border,2022-01-01,44.8594395785,-66.98007566,0,155
103,Eastport,Maine,US-Canada Border,2022-02-01,44.8594395785,-66.98007566,0,110
103,Eastport,Maine,US-Canada Border,2022-03-01,44.8594395785,-66.98007566,0,130
103,Eastport,Maine,US-Canada Border,2022-04-01,44.8594395785,-66.98007566,0,114
103,Eastport,Maine,US-Canada Border,2022-05-01,44.8594395785,-66.98007566,0,137
103,Eastport,Maine,US-Canada Border,2022-06-01,44.8594395785,-66.98007566,0,168
103,Eastport,Maine,US-Canada Border,2022-07-01,44.8594395785,-66.98007566,0,163
103,Eastport,Maine,US-Canada Border,2022-08-01,44.8594395785,-66.98007566,0,186
103,Eastport,Maine,US-Canada Border,2022-09-01,44.8594395785,-66.98007566,0,163
103,Eastport,Maine,US-Canada Border,2022-10-01,44.8594395785,-66.98007566,0,165
103,Eastport,Maine,US-Canada Border,2022-11-01,44.8594395785,-66.98007566,0,194
103,Eastport,Maine,US-Canada Border,2022-12-01,44.8594395785,-66.98007566,0,117
103,Eastport,Maine,US-Canada Border,2023-01-01,44.8594395785,-66.98007566,0,136
103,Eastport,Maine,US-Canada Border,2023-02-01,44.8594395785,-66.98007566,0,171
103,Eastport,Maine,US-Canada Border,2023-03-01,44.8594395785,-66.98007566,0,225
103,Eastport,Maine,US-Canada Border,2023-04-01,44.8594395785,-66.98007566,0,187
103,Eastport,Maine,US-Canada Border,2023-05-01,44.8594395785,-66.98007566,0,181
103,Eastport,Maine,US-Canada Border,2023-06-01,44.8594395785,-66.98007566,0,171
103,Eastport,Maine,US-Canada Border,2023-07-01,44.8594395785,-66.98007566,0,166
103,Eastport,Maine,US-Canada Border,2023-08-01,44.8594395785,-66.98007566,0,134
103,Eastport,Maine,US-Canada Border,2023-09-01,44.8594395785,-66.98007566,0,181
103,Eastport,Maine,US-Canada Border,2023-10-01,44.8594395785,-66.98007566,0,215
103,Eastport,Maine,US-Canada Border,2023-11-01,44.8594395785,-66.98007566,0,210
103,Eastport,Maine,US-Canada Border,2023-12-01,44.8594395785,-66.98007566,0,154
103,Eastport,Maine,US-Canada Border,2024-01-01,44.8594395785,-66.98007566,0,151
103,Eastport,Maine,US-Canada Border,2024-02-01,44.8594395785,-66.98007566,0,171
103,Eastport,Maine,US-Canada Border,2024-03-01,44.8594395785,-66.98007566,0,157
103,Eastport,Maine,US-Canada Border,2024-04-01,44.8594395785,-66.98007566,0,168
103,Eastport,Maine,US-Canada Border,2024-05-01,44.8594395785,-66.98007566,0,229
103,Eastport,Maine,US-Canada Border,2024-06-01,44.8594395785,-66.98007566,0,195
103,Eastport,Maine,US-Canada Border,2024-07-01,44.8594395785,-66.98007566,0,200
103,Eastport,Maine,US-Canada Border,2024-08-01,44.8594395785,-66.98007566,0,217
103,Eastport,Maine,US-Canada Border,2024-09-01,44.8594395785,-66.98007566,0,161
103,Eastport,Maine,US-Canada Border,2024-10-01,44.8594395785,-66.98007566,0,220
103,Eastport,Maine,US-Canada Border,2024-11-01,44.8594395785,-66.98007566,0,214
103,Eastport,Maine,US-Canada Border,2024-12-01,44.8594395785,-66.98007566,0,166
104,Jackman,Maine,US-Canada Border,2018-01-01,45.805661,-70.396722,20,7218
104,Jackman,Maine,US-Canada Border,2018-02-01,45.805661,-70.396722,19,7217
104,Jackman,Maine,US-Canada Border,2018-03-01,45.805661,-70.396722,21,7819
104,Jackman,Maine,US-Canada Border,2018-04-01,45.805661,-70.396722,16,5601
104,Jackman,Maine,US-Canada Border,2018-05-01,45.805661,-70.396722,18,5519
104,Jackman,Maine,US-Canada Border,2018-06-01,45.805661,-70.396722,19,5484
104,Jackman,Maine,US-Canada Border,2018-07-01,45.805661,-70.396722,14,5267
104,Jackman,Maine,US-Canada Border,2018-08-01,45.805661,-70.396722,21,5979
104,Jackman,Maine,US-Canada Border,2018-09-01,45.805661,-70.396722,21,5292
104,Jackman,Maine,US-Canada Border,2018-10-01,45.805661,-70.396722,21,6556
104,Jackman,Maine,US-Canada Border,2018-11-01,45.805661,-70.396722,21,5536
104,Jackman,Maine,US-Canada Border,2018-12-01,45.805661,-70.396722,18,5768
104,Jackman,Maine,US-Canada Border,2019-01-01,45.805661,-70.396722,46,7395
104,Jackman,Maine,US-Canada Border,2019-02-01,45.805661,-70.396722,35,7177
104,Jackman,Maine,US-Canada Border,2019-03-01,45.805661,-70.396722,45,7117
104,Jackman,Maine,US-Canada Border,2019-04-01,45.805661,-70.396722,21,5573
104,Jackman,Maine,US-Canada Border,2019-05-01,45.805661,-70.396722,23,5004
104,Jackman,Maine,US-Canada Border,2019-06-01,45.805661,-70.396722,20,4538
104,Jackman,Maine,US-Canada Border,2019-07-01,45.805661,-70.396722,38,5921
104,Jackman,Maine,US-Canada Border,2019-08-01,45.805661,-70.396722,38,5910
104,Jackman,Maine,US-Canada Border,2019-09-01,45.805661,-70.396722,36,5854
104,Jackman,Maine,US-Canada Border,2019-10-01,45.805661,-70.396722,23,6766
104,Jackman,Maine,US-Canada Border,2019-11-01,45.805661,-70.396722,16,5785
104,Jackman,Maine,US-Canada Border,2019-12-01,45.805661,-70.396722,17,5998
104,Jackman,Maine,US-Canada Border,2020-01-01,45.805661,-70.396722,36,7450
104,Jackman,Maine,US-Canada Border,2020-02-01,45.805661,-70.396722,37,7621
104,Jackman,Maine,US-Canada Border,2020-03-01,45.805661,-70.396722,29,7316
104,Jackman,Maine,US-Canada Border,2020-04-01,45.805661,-70.396722,29,4966
104,Jackman,Maine,US-Canada Border,2020-05-01,45.805661,-70.396722,25,4354
104,Jackman,Maine,US-Canada Border,2020-06-01,45.805661,-70.396722,21,4565
104,Jackman,Maine,US-Canada Border,2020-07-01,45.805661,-70.396722,21,4500
104,Jackman,Maine,US-Canada Border,2020-08-01,45.805661,-70.396722,32,5873
104,Jackman,Maine,US-Canada Border,2020-09-01,45.805661,-70.396722,33,6422
104,Jackman,Maine,US-Canada Border,2020-10-01,45.805661,-70.396722,35,6097
104,Jackman,Maine,US-Canada Border,2020-11-01,45.805661,-70.396722,25,5612
104,Jackman,Maine,US-Canada Border,2020-12-01,45.805661,-70.396722,32,5799
104,Jackman,Maine,US-Canada Border,2021-01-01,45.805661,-70.396722,24,6548
104,Jackman,Maine,US-Canada Border,2021-02-01,45.805661,-70.396722,26,5909
104,Jackman,Maine,US-Canada Border,2021-03-01,45.805661,-70.396722,40,6969
104,Jackman,Maine,US-Canada Border,2021-04-01,45.805661,-70.396722,33,4704
104,Jackman,Maine,US-Canada Border,2021-05-01,45.805661,-70.396722,38,4323
104,Jackman,Maine,US-Canada Border,2021-06-01,45.805661,-70.396722,44,5276
104,Jackman,Maine,US-Canada Border,2021-07-01,45.805661,-70.396722,46,4327
104,Jackman,Maine,US-Canada Border,2021-08-01,45.805661,-70.396722,32,5641
104,Jackman,Maine,US-Canada Border,2021-09-01,45.805661,-70.396722,40,5215
104,Jackman,Maine,US-Canada Border,2021-10-01,45.805661,-70.396722,35,5202
104,Jackman,Maine,US-Canada Border,2021-11-01,45.805661,-70.396722,26,5794
104,Jackman,Maine,US-Canada Border,2021-12-01,45.805661,-70.396722,25,5428
104,Jackman,Maine,US-Canada Border,2022-01-01,45.805661,-70.396722,35,6188
104,Jackman,Maine,US-Canada Border,2022-02-01,45.805661,-70.396722,34,5727
104,Jackman,Maine,US-Canada Border,2022-03-01,45.805661,-70.396722,34,6930
104,Jackman,Maine,US-Canada Border,2022-04-01,45.805661,-70.396722,34,4613
104,Jackman,Maine,US-Canada Border,2022-05-01,45.805661,-70.396722,37,5030
104,Jackman,Maine,US-Canada Border,2022-06-01,45.805661,-70.396722,38,5216
104,Jackman,Maine,US-Canada Border,2022-07-01,45.805661,-70.396722,37,4402
104,Jackman,Maine,US-Canada Border,2022-08-01,45.805661,-70.396722,40,5066
104,Jackman,Maine,US-Canada Border,2022-09-01,45.805661,-70.396722,39,5354
104,Jackman,Maine,US-Canada Border,2022-10-01,45.805661,-70.396722,50,5167
104,Jackman,Maine,US-Canada Border,2022-11-01,45.805661,-70.396722,52,5519
104,Jackman,Maine,US-Canada Border,2022-12-01,45.805661,-70.396722,37,4738
104,Jackman,Maine,US-Canada Border,2023-01-01,45.805661,-70.396722,32,5614
104,Jackman,Maine,US-Canada Border,2023-02-01,45.805661,-70.396722,34,5342
104,Jackman,Maine,US-Canada Border,2023-03-01,45.805661,-70.396722,37,6545
104,Jackman,Maine,US-Canada Border,2023-04-01,45.805661,-70.396722,38,4072
104,Jackman,Maine,US-Canada Border,2023-05-01,45.805661,-70.396722,34,4446
104,Jackman,Maine,US-Canada Border,2023-06-01,45.805661,-70.396722,33,4038
104,Jackman,Maine,US-Canada Border,2023-07-01,45.805661,-70.396722,27,3688
104,Jackman,Maine,US-Canada Border,2023-08-01,45.805661,-70.396722,30,3575
104,Jackman,Maine,US-Canada Border,2023-09-01,45.805661,-70.396722,30,4472
104,Jackman,Maine,US-Canada Border,2023-10-01,45.805661,-70.396722,37,5043
104,Jackman,Maine,US-Canada Border,2023-11-01,45.805661,-70.396722,34,5456
104,Jackman,Maine,US-Canada Border,2023-12-01,45.805661,-70.396722,31,4183
104,Jackman,Maine,US-Canada Border,2024-01-01,45.805661,-70.396722,34,6556
104,Jackman,Maine,US-Canada Border,2024-02-01,45.805661,-70.396722,33,6889
104,Jackman,Maine,US-Canada Border,2024-03-01,45.805661,-70.396722,35,5601
104,Jackman,Maine,US-Canada Border,2024-04-01,45.805661,-70.396722,34,4598
104,Jackman,Maine,US-Canada Border,2024-05-01,45.805661,-70.396722,26,4781
104,Jackman,Maine,US-Canada Border,2024-06-01,45.805661,-70.396722,24,4626
104,Jackman,Maine,US-Canada Border,2024-07-01,45.805661,-70.396722,25,4595
104,Jackman,Maine,US-Canada Border,2024-08-01,45.805661,-70.396722,25,5204
104,Jackman,Maine,US-Canada Border,2024-09-01,45.805661,-70.396722,29,5601
104,Jackman,Maine,US-Canada Border,2024-10-01,45.805661,-70.396722,32,5970
104,Jackman,Maine,US-Canada Border,2024-11-01,45.805661,-70.396722,34,5389
104,Jackman,Maine,US-Canada Border,2024-12-01,45.805661,-70.396722,31,5153
105,Vanceboro,Maine,US-Canada Border,2018-01-01,45.568761,-67.428541,23,52
105,Vanceboro,Maine,US-Canada Border,2018-02-01,45.568761,-67.428541,24,60
105,Vanceboro,Maine,US-Canada Border,2018-03-01,45.568761,-67.428541,24,44
105,Vanceboro,Maine,US-Canada Border,2018-04-01,45.568761,-67.428541,22,34
105,Vanceboro,Maine,US-Canada Border,2018-05-01,45.568761,-67.428541,20,34
105,Vanceboro,Maine,US-Canada Border,2018-06-01,45.568761,-67.428541,20,34
105,Vanceboro,Maine,US-Canada Border,2018-07-01,45.568761,-67.428541,21,44
105,Vanceboro,Maine,US-Canada Border,2018-08-01,45.568761,-67.428541,23,75
105,Vanceboro,Maine,US-Canada Border,2018-09-01,45.568761,-67.428541,21,84
105,Vanceboro,Maine,US-Canada Border,2018-10-01,45.568761,-67.428541,25,63
105,Vanceboro,Maine,US-Canada Border,2018-11-01,45.568761,-67.428541,24,42
105,Vanceboro,Maine,US-Canada Border,2018-12-01,45.568761,-67.428541,22,38
105,Vanceboro,Maine,US-Canada Border,2019-01-01,45.568761,-67.428541,26,37
105,Vanceboro,Maine,US-Canada Border,2019-02-01,45.568761,-67.428541,24,22
105,Vanceboro,Maine,US-Canada Border,2019-03-01,45.568761,-67.428541,28,12
105,Vanceboro,Maine,US-Canada Border,2019-04-01,45.568761,-67.428541,26,14
105,Vanceboro,Maine,US-Canada Border,2019-05-01,45.568761,-67.428541,27,37
105,Vanceboro,Maine,US-Canada Border,2019-06-01,45.568761,-67.428541,25,55
105,Vanceboro,Maine,US-Canada Border,2019-07-01,45.568761,-67.428541,25,63
105,Vanceboro,Maine,US-Canada Border,2019-08-01,45.568761,-67.428541,26,94
105,Vanceboro,Maine,US-Canada Border,2019-09-01,45.568761,-67.428541,27,101
105,Vanceboro,Maine,US-Canada Border,2019-10-01,45.568761,-67.428541,27,90
105,Vanceboro,Maine,US-Canada Border,2019-11-01,45.568761,-67.428541,24,44
105,Vanceboro,Maine,US-Canada Border,2019-12-01,45.568761,-67.428541,23,46
105,Vanceboro,Maine,US-Canada Border,2020-01-01,45.568761,-67.428541,27,42
105,Vanceboro,Maine,US-Canada Border,2020-02-01,45.568761,-67.428541,26,48
105,Vanceboro,Maine,US-Canada Border,2020-03-01,45.568761,-67.428541,29,30
105,Vanceboro,Maine,US-Canada Border,2020-04-01,45.568761,-67.428541,27,36
105,Vanceboro,Maine,US-Canada Border,2020-05-01,45.568761,-67.428541,23,35
105,Vanceboro,Maine,US-Canada Border,2020-06-01,45.568761,-67.428541,26,51
105,Vanceboro,Maine,US-Canada Border,2020-07-01,45.568761,-67.428541,28,50
105,Vanceboro,Maine,US-Canada Border,2020-08-01,45.568761,-67.428541,33,133
105,Vanceboro,Maine,US-Canada Border,2020-09-01,45.568761,-67.428541,38,89
105,Vanceboro,Maine,US-Canada Border,2020-10-01,45.568761,-67.428541,29,66
105,Vanceboro,Maine,US-Canada Border,2020-11-01,45.568761,-67.428541,27,54
105,Vanceboro,Maine,US-Canada Border,2020-12-01,45.568761,-67.428541,28,55
105,Vanceboro,Maine,US-Canada Border,2021-01-01,45.568761,-67.428541,29,28
105,Vanceboro,Maine,US-Canada Border,2021-02-01,45.568761,-67.428541,28,33
105,Vanceboro,Maine,US-Canada Border,2021-03-01,45.568761,-67.428541,36,40
105,Vanceboro,Maine,US-Canada Border,2021-04-01,45.568761,-67.428541,31,60
105,Vanceboro,Maine,US-Canada Border,2021-05-01,45.568761,-67.428541,31,64
105,Vanceboro,Maine,US-Canada Border,2021-06-01,45.568761,-67.428541,33,60
105,Vanceboro,Maine,US-Canada Border,2021-07-01,45.568761,-67.428541,33,72
105,Vanceboro,Maine,US-Canada Border,2021-08-01,45.568761,-67.428541,31,155
105,Vanceboro,Maine,US-Canada Border,2021-09-01,45.568761,-67.428541,32,149
105,Vanceboro,Maine,US-Canada Border,2021-10-01,45.568761,-67.428541,33,98
105,Vanceboro,Maine,US-Canada Border,2021-11-01,45.568761,-67.428541,27,55
105,Vanceboro,Maine,US-Canada Border,2021-12-01,45.568761,-67.428541,27,52
105,Vanceboro,Maine,US-Canada Border,2022-01-01,45.568761,-67.428541,29,46
105,Vanceboro,Maine,US-Canada Border,2022-02-01,45.568761,-67.428541,30,51
105,Vanceboro,Maine,US-Canada Border,2022-03-01,45.568761,-67.428541,35,40
105,Vanceboro,Maine,US-Canada Border,2022-04-01,45.568761,-67.428541,34,74
105,Vanceboro,Maine,US-Canada Border,2022-05-01,45.568761,-67.428541,37,57
105,Vanceboro,Maine,US-Canada Border,2022-06-01,45.568761,-67.428541,56,86
105,Vanceboro,Maine,US-Canada Border,2022-07-01,45.568761,-67.428541,43,54
105,Vanceboro,Maine,US-Canada Border,2022-08-01,45.568761,-67.428541,46,71
105,Vanceboro,Maine,US-Canada Border,2022-09-01,45.568761,-67.428541,50,27
105,Vanceboro,Maine,US-Canada Border,2022-10-01,45.568761,-67.428541,53,49
105,Vanceboro,Maine,US-Canada Border,2022-11-01,45.568761,-67.428541,56,44
105,Vanceboro,Maine,US-Canada Border,2022-12-01,45.568761,-67.428541,52,27
105,Vanceboro,Maine,US-Canada Border,2023-01-01,45.568761,-67.428541,41,24
105,Vanceboro,Maine,US-Canada Border,2023-02-01,45.568761,-67.428541,38,14
105,Vanceboro,Maine,US-Canada Border,2023-03-01,45.568761,-67.428541,40,21
105,Vanceboro,Maine,US-Canada Border,2023-04-01,45.568761,-67.428541,33,23
105,Vanceboro,Maine,US-Canada Border,2023-05-01,45.568761,-67.428541,35,56
105,Vanceboro,Maine,US-Canada Border,2023-06-01,45.568761,-67.428541,35,36
105,Vanceboro,Maine,US-Canada Border,2023-07-01,45.568761,-67.428541,32,60
105,Vanceboro,Maine,US-Canada Border,2023-08-01,45.568761,-67.428541,37,41
105,Vanceboro,Maine,US-Canada Border,2023-09-01,45.568761,-67.428541,31,53
105,Vanceboro,Maine,US-Canada Border,2023-10-01,45.568761,-67.428541,34,44
105,Vanceboro,Maine,US-Canada Border,2023-11-01,45.568761,-67.428541,33,42
105,Vanceboro,Maine,US-Canada Border,2023-12-01,45.568761,-67.428541,33,23
105,Vanceboro,Maine,US-Canada Border,2024-01-01,45.568761,-67.428541,40,35
105,Vanceboro,Maine,US-Canada Border,2024-02-01,45.568761,-67.428541,32,29
105,Vanceboro,Maine,US-Canada Border,2024-03-01,45.568761,-67.428541,34,26
105,Vanceboro,Maine,US-Canada Border,2024-04-01,45.568761,-67.428541,34,35
105,Vanceboro,Maine,US-Canada Border,2024-05-01,45.568761,-67.428541,40,48
105,Vanceboro,Maine,US-Canada Border,2024-06-01,45.568761,-67.428541,39,60
105,Vanceboro,Maine,US-Canada Border,2024-07-01,45.568761,-67.428541,39,35
105,Vanceboro,Maine,US-Canada Border,2024-08-01,45.568761,-67.428541,40,46
105,Vanceboro,Maine,US-Canada Border,2024-09-01,45.568761,-67.428541,34,84
105,Vanceboro,Maine,US-Canada Border,2024-10-01,45.568761,-67.428541,36,65
105,Vanceboro,Maine,US-Canada Border,2024-11-01,45.568761,-67.428541,42,26
105,Vanceboro,Maine,US-Canada Border,2024-12-01,45.568761,-67.428541,37,32
106,Houlton,Maine,US-Canada Border,2018-01-01,46.134879,-67.781288,0,7644
106,Houlton,Maine,US-Canada Border,2018-02-01,46.134879,-67.781288,0,7114
106,Houlton,Maine,US-Canada Border,2018-03-01,46.134879,-67.781288,0,8009
106,Houlton,Maine,US-Canada Border,2018-04-01,46.134879,-67.781288,0,8076
106,Houlton,Maine,US-Canada Border,2018-05-01,46.134879,-67.781288,0,7981
106,Houlton,Maine,US-Canada Border,2018-06-01,46.134879,-67.781288,0,7883
106,Houlton,Maine,US-Canada Border,2018-07-01,46.134879,-67.781288,0,8056
106,Houlton,Maine,US-Canada Border,2018-08-01,46.134879,-67.781288,0,7742
106,Houlton,Maine,US-Canada Border,2018-09-01,46.134879,-67.781288,0,7339
106,Houlton,Maine,US-Canada Border,2018-10-01,46.134879,-67.781288,0,7772
106,Houlton,Maine,US-Canada Border,2018-11-01,46.134879,-67.781288,0,7495
106,Houlton,Maine,US-Canada Border,2018-12-01,46.134879,-67.781288,0,6873
106,Houlton,Maine,US-Canada Border,2019-01-01,46.134879,-67.781288,0,7601
106,Houlton,Maine,US-Canada Border,2019-02-01,46.134879,-67.781288,0,6848
106,Houlton,Maine,US-Canada Border,2019-03-01,46.134879,-67.781288,0,7538
106,Houlton,Maine,US-Canada Border,2019-04-01,46.134879,-67.781288,0,7451
106,Houlton,Maine,US-Canada Border,2019-05-01,46.134879,-67.781288,0,8083
106,Houlton,Maine,US-Canada Border,2019-06-01,46.134879,-67.781288,0,7558
106,Houlton,Maine,US-Canada Border,2019-07-01,46.134879,-67.781288,0,7529
106,Houlton,Maine,US-Canada Border,2019-08-01,46.134879,-67.781288,0,7394
106,Houlton,Maine,US-Canada Border,2019-09-01,46.134879,-67.781288,0,7508
106,Houlton,Maine,US-Canada Border,2019-10-01,46.134879,-67.781288,0,8132
106,Houlton,Maine,US-Canada Border,2019-11-01,46.134879,-67.781288,0,7647
106,Houlton,Maine,US-Canada Border,2019-12-01,46.134879,-67.781288,0,6762
106,Houlton,Maine,US-Canada Border,2020-01-01,46.134879,-67.781288,0,7253
106,Houlton,Maine,US-Canada Border,2020-02-01,46.134879,-67.781288,0,6837
106,Houlton,Maine,US-Canada Border,2020-03-01,46.134879,-67.781288,0,7786
106,Houlton,Maine,US-Canada Border,2020-04-01,46.134879,-67.781288,0,6241
106,Houlton,Maine,US-Canada Border,2020-05-01,46.134879,-67.781288,0,7316
106,Houlton,Maine,US-Canada Border,2020-06-01,46.134879,-67.781288,0,8070
106,Houlton,Maine,US-Canada Border,2020-07-01,46.134879,-67.781288,0,7650
106,Houlton,Maine,US-Canada Border,2020-08-01,46.134879,-67.781288,0,7139
106,Houlton,Maine,US-Canada Border,2020-09-01,46.134879,-67.781288,0,7394
106,Houlton,Maine,US-Canada Border,2020-10-01,46.134879,-67.781288,0,7389
106,Houlton,Maine,US-Canada Border,2020-11-01,46.134879,-67.781288,0,7691
106,Houlton,Maine,US-Canada Border,2020-12-01,46.134879,-67.781288,0,6302
106,Houlton,Maine,US-Canada Border,2021-01-01,46.134879,-67.781288,0,7147
106,Houlton,Maine,US-Canada Border,2021-02-01,46.134879,-67.781288,0,6571
106,Houlton,Maine,US-Canada Border,2021-03-01,46.134879,-67.781288,0,7760
106,Houlton,Maine,US-Canada Border,2021-04-01,46.134879,-67.781288,0,7385
106,Houlton,Maine,US-Canada Border,2021-05-01,46.134879,-67.781288,0,8009
106,Houlton,Maine,US-Canada Border,2021-06-01,46.134879,-67.781288,0,7824
106,Houlton,Maine,US-Canada Border,2021-07-01,46.134879,-67.781288,0,6682
106,Houlton,Maine,US-Canada Border,2021-08-01,46.134879,-67.781288,0,6992
106,Houlton,Maine,US-Canada Border,2021-09-01,46.134879,-67.781288,0,6926
106,Houlton,Maine,US-Canada Border,2021-10-01,46.134879,-67.781288,0,7083
106,Houlton,Maine,US-Canada Border,2021-11-01,46.134879,-67.781288,0,7481
106,Houlton,Maine,US-Canada Border,2021-12-01,46.134879,-67.781288,0,5940
106,Houlton,Maine,US-Canada Border,2022-01-01,46.134879,-67.781288,0,6592
106,Houlton,Maine,US-Canada Border,2022-02-01,46.134879,-67.781288,0,6124
106,Houlton,Maine,US-Canada Border,2022-03-01,46.134879,-67.781288,0,7351
106,Houlton,Maine,US-Canada Border,2022-04-01,46.134879,-67.781288,0,7377
106,Houlton,Maine,US-Canada Border,2022-05-01,46.134879,-67.781288,0,8344
106,Houlton,Maine,US-Canada Border,2022-06-01,46.134879,-67.781288,0,7694
106,Houlton,Maine,US-Canada Border,2022-07-01,46.134879,-67.781288,0,7250
106,Houlton,Maine,US-Canada Border,2022-08-01,46.134879,-67.781288,0,7544
106,Houlton,Maine,US-Canada Border,2022-09-01,46.134879,-67.781288,0,6577
106,Houlton,Maine,US-Canada Border,2022-10-01,46.134879,-67.781288,0,7532
106,Houlton,Maine,US-Canada Border,2022-11-01,46.134879,-67.781288,0,7852
106,Houlton,Maine,US-Canada Border,2022-12-01,46.134879,-67.781288,0,6464
106,Houlton,Maine,US-Canada Border,2023-01-01,46.134879,-67.781288,0,6915
106,Houlton,Maine,US-Canada Border,2023-02-01,46.134879,-67.781288,0,6612
106,Houlton,Maine,US-Canada Border,2023-03-01,46.134879,-67.781288,0,7871
106,Houlton,Maine,US-Canada Border,2023-04-01,46.134879,-67.781288,0,7039
106,Houlton,Maine,US-Canada Border,2023-05-01,46.134879,-67.781288,0,7719
106,Houlton,Maine,US-Canada Border,2023-06-01,46.134879,-67.781288,0,7802
106,Houlton,Maine,US-Canada Border,2023-07-01,46.134879,-67.781288,0,7156
106,Houlton,Maine,US-Canada Border,2023-08-01,46.134879,-67.781288,0,6771
106,Houlton,Maine,US-Canada Border,2023-09-01,46.134879,-67.781288,0,6837
106,Houlton,Maine,US-Canada Border,2023-10-01,46.134879,-67.781288,0,7638
106,Houlton,Maine,US-Canada Border,2023-11-01,46.134879,-67.781288,0,7708
106,Houlton,Maine,US-Canada Border,2023-12-01,46.134879,-67.781288,0,6331
106,Houlton,Maine,US-Canada Border,2024-01-01,46.134879,-67.781288,0,7550
106,Houlton,Maine,US-Canada Border,2024-02-01,46.134879,-67.781288,0,6743
106,Houlton,Maine,US-Canada Border,2024-03-01,46.134879,-67.781288,0,7157
106,Houlton,Maine,US-Canada Border,2024-04-01,46.134879,-67.781288,0,7318
106,Houlton,Maine,US-Canada Border,2024-05-01,46.134879,-67.781288,0,8224
106,Houlton,Maine,US-Canada Border,2024-06-01,46.134879,-67.781288,0,7658
106,Houlton,Maine,US-Canada Border,2024-07-01,46.134879,-67.781288,0,7435
106,Houlton,Maine,US-Canada Border,2024-08-01,46.134879,-67.781288,0,7229
106,Houlton,Maine,US-Canada Border,2024-09-01,46.134879,-67.781288,0,7338
106,Houlton,Maine,US-Canada Border,2024-10-01,46.134879,-67.781288,0,8149
106,Houlton,Maine,US-Canada Border,2024-11-01,46.134879,-67.781288,0,7650
106,Houlton,Maine,US-Canada Border,2024-12-01,46.134879,-67.781288,0,6872
107,Fort Fairfield,Maine,US-Canada Border,2018-01-01,46.765323,-67.789471,0,915
107,Fort Fairfield,Maine,US-Canada Border,2018-02-01,46.765323,-67.789471,0,889
107,Fort Fairfield,Maine,US-Canada Border,2018-03-01,46.765323,-67.789471,0,1362
107,Fort Fairfield,Maine,US-Canada Border,2018-04-01,46.765323,-67.789471,0,938
107,Fort Fairfield,Maine,US-Canada Border,2018-05-01,46.765323,-67.789471,0,1115
107,Fort Fairfield,Maine,US-Canada Border,2018-06-01,46.765323,-67.789471,0,1339
107,Fort Fairfield,Maine,US-Canada Border,2018-07-01,46.765323,-67.789471,0,1132
107,Fort Fairfield,Maine,US-Canada Border,2018-08-01,46.765323,-67.789471,0,806
107,Fort Fairfield,Maine,US-Canada Border,2018-09-01,46.765323,-67.789471,0,689
107,Fort Fairfield,Maine,US-Canada Border,2018-10-01,46.765323,-67.789471,0,981
107,Fort Fairfield,Maine,US-Canada Border,2018-11-01,46.765323,-67.789471,0,512
107,Fort Fairfield,Maine,US-Canada Border,2018-12-01,46.765323,-67.789471,0,495
107,Fort Fairfield,Maine,US-Canada Border,2019-01-01,46.765323,-67.789471,0,524
107,Fort Fairfield,Maine,US-Canada Border,2019-02-01,46.765323,-67.789471,0,339
107,Fort Fairfield,Maine,US-Canada Border,2019-03-01,46.765323,-67.789471,0,410
107,Fort Fairfield,Maine,US-Canada Border,2019-04-01,46.765323,-67.789471,0,307
107,Fort Fairfield,Maine,US-Canada Border,2019-05-01,46.765323,-67.789471,0,671
107,Fort Fairfield,Maine,US-Canada Border,2019-06-01,46.765323,-67.789471,0,733
107,Fort Fairfield,Maine,US-Canada Border,2019-07-01,46.765323,-67.789471,0,907
107,Fort Fairfield,Maine,US-Canada Border,2019-08-01,46.765323,-67.789471,0,707
107,Fort Fairfield,Maine,US-Canada Border,2019-09-01,46.765323,-67.789471,0,604
107,Fort Fairfield,Maine,US-Canada Border,2019-10-01,46.765323,-67.789471,0,590
107,Fort Fairfield,Maine,US-Canada Border,2019-11-01,46.765323,-67.789471,0,380
107,Fort Fairfield,Maine,US-Canada Border,2019-12-01,46.765323,-67.789471,0,381
107,Fort Fairfield,Maine,US-Canada Border,2020-01-01,46.765323,-67.789471,0,591
107,Fort Fairfield,Maine,US-Canada Border,2020-02-01,46.765323,-67.789471,0,340
107,Fort Fairfield,Maine,US-Canada Border,2020-03-01,46.765323,-67.789471,0,515
107,Fort Fairfield,Maine,US-Canada Border,2020-04-01,46.765323,-67.789471,0,315
107,Fort Fairfield,Maine,US-Canada Border,2020-05-01,46.765323,-67.789471,0,353
107,Fort Fairfield,Maine,US-Canada Border,2020-06-01,46.765323,-67.789471,0,377
107,Fort Fairfield,Maine,US-Canada Border,2020-07-01,46.765323,-67.789471,0,442
107,Fort Fairfield,Maine,US-Canada Border,2020-08-01,46.765323,-67.789471,0,463
107,Fort Fairfield,Maine,US-Canada Border,2020-09-01,46.765323,-67.789471,0,439
107,Fort Fairfield,Maine,US-Canada Border,2020-10-01,46.765323,-67.789471,0,522
107,Fort Fairfield,Maine,US-Canada Border,2020-11-01,46.765323,-67.789471,0,338
107,Fort Fairfield,Maine,US-Canada Border,2020-12-01,46.765323,-67.789471,0,266
107,Fort Fairfield,Maine,US-Canada Border,2021-01-01,46.765323,-67.789471,0,367
107,Fort Fairfield,Maine,US-Canada Border,2021-02-01,46.765323,-67.789471,0,331
107,Fort Fairfield,Maine,US-Canada Border,2021-03-01,46.765323,-67.789471,0,586
107,Fort Fairfield,Maine,US-Canada Border,2021-04-01,46.765323,-67.789471,0,293
107,Fort Fairfield,Maine,US-Canada Border,2021-05-01,46.765323,-67.789471,0,603
107,Fort Fairfield,Maine,US-Canada Border,2021-06-01,46.765323,-67.789471,0,823
107,Fort Fairfield,Maine,US-Canada Border,2021-07-01,46.765323,-67.789471,0,577
107,Fort Fairfield,Maine,US-Canada Border,2021-08-01,46.765323,-67.789471,0,507
107,Fort Fairfield,Maine,US-Canada Border,2021-09-01,46.765323,-67.789471,0,552
107,Fort Fairfield,Maine,US-Canada Border,2021-10-01,46.765323,-67.789471,0,632
107,Fort Fairfield,Maine,US-Canada Border,2021-11-01,46.765323,-67.789471,0,413
107,Fort Fairfield,Maine,US-Canada Border,2021-12-01,46.765323,-67.789471,0,368
107,Fort Fairfield,Maine,US-Canada Border,2022-01-01,46.765323,-67.789471,0,266
107,Fort Fairfield,Maine,US-Canada Border,2022-02-01,46.765323,-67.789471,0,342
107,Fort Fairfield,Maine,US-Canada Border,2022-03-01,46.765323,-67.789471,0,560
107,Fort Fairfield,Maine,US-Canada Border,2022-04-01,46.765323,-67.789471,0,401
107,Fort Fairfield,Maine,US-Canada Border,2022-05-01,46.765323,-67.789471,0,620
107,Fort Fairfield,Maine,US-Canada Border,2022-06-01,46.765323,-67.789471,0,663
107,Fort Fairfield,Maine,US-Canada Border,2022-07-01,46.765323,-67.789471,0,356
107,Fort Fairfield,Maine,US-Canada Border,2022-08-01,46.765323,-67.789471,0,627
107,Fort Fairfield,Maine,US-Canada Border,2022-09-01,46.765323,-67.789471,0,647
107,Fort Fairfield,Maine,US-Canada Border,2022-10-01,46.765323,-67.789471,0,675
107,Fort Fairfield,Maine,US-Canada Border,2022-11-01,46.765323,-67.789471,0,575
107,Fort Fairfield,Maine,US-Canada Border,2022-12-01,46.765323,-67.789471,0,490
107,Fort Fairfield,Maine,US-Canada Border,2023-01-01,46.765323,-67.789471,0,401
107,Fort Fairfield,Maine,US-Canada Border,2023-02-01,46.765323,-67.789471,0,473
107,Fort Fairfield,Maine,US-Canada Border,2023-03-01,46.765323,-67.789471,0,535
107,Fort Fairfield,Maine,US-Canada Border,2023-04-01,46.765323,-67.789471,0,497
107,Fort Fairfield,Maine,US-Canada Border,2023-05-01,46.765323,-67.789471,0,727
107,Fort Fairfield,Maine,US-Canada Border,2023-06-01,46.765323,-67.789471,0,633
107,Fort Fairfield,Maine,US-Canada Border,2023-07-01,46.765323,-67.789471,0,744
107,Fort Fairfield,Maine,US-Canada Border,2023-08-01,46.765323,-67.789471,0,395
107,Fort Fairfield,Maine,US-Canada Border,2023-09-01,46.765323,-67.789471,0,629
107,Fort Fairfield,Maine,US-Canada Border,2023-10-01,46.765323,-67.789471,0,759
107,Fort Fairfield,Maine,US-Canada Border,2023-11-01,46.765323,-67.789471,0,452
107,Fort Fairfield,Maine,US-Canada Border,2023-12-01,46.765323,-67.789471,0,312
107,Fort Fairfield,Maine,US-Canada Border,2024-01-01,46.765323,-67.789471,0,525
107,Fort Fairfield,Maine,US-Canada Border,2024-02-01,46.765323,-67.789471,0,679
107,Fort Fairfield,Maine,US-Canada Border,2024-03-01,46.765323,-67.789471,0,390
107,Fort Fairfield,Maine,US-Canada Border,2024-04-01,46.765323,-67.789471,0,515
107,Fort Fairfield,Maine,US-Canada Border,2024-05-01,46.765323,-67.789471,0,682
107,Fort Fairfield,Maine,US-Canada Border,2024-06-01,46.765323,-67.789471,0,624
107,Fort Fairfield,Maine,US-Canada Border,2024-07-01,46.765323,-67.789471,0,851
107,Fort Fairfield,Maine,US-Canada Border,2024-08-01,46.765323,-67.789471,0,605
107,Fort Fairfield,Maine,US-Canada Border,2024-09-01,46.765323,-67.789471,0,741
107,Fort Fairfield,Maine,US-Canada Border,2024-10-01,46.765323,-67.789471,0,442
107,Fort Fairfield,Maine,US-Canada Border,2024-11-01,46.765323,-67.789471,0,537
107,Fort Fairfield,Maine,US-Canada Border,2024-12-01,46.765323,-67.789471,0,321
108,Van Buren,Maine,US-Canada Border,2018-01-01,47.159645,-67.930799,30,1446
108,Van Buren,Maine,US-Canada Border,2018-02-01,47.159645,-67.930799,33,1364
108,Van Buren,Maine,US-Canada Border,2018-03-01,47.159645,-67.930799,26,1404
108,Van Buren,Maine,US-Canada Border,2018-04-01,47.159645,-67.930799,24,1469
108,Van Buren,Maine,US-Canada Border,2018-05-01,47.159645,-67.930799,34,2183
108,Van Buren,Maine,US-Canada Border,2018-06-01,47.159645,-67.930799,28,1642
108,Van Buren,Maine,US-Canada Border,2018-07-01,47.159645,-67.930799,33,1291
108,Van Buren,Maine,US-Canada Border,2018-08-01,47.159645,-67.930799,32,1295
108,Van Buren,Maine,US-Canada Border,2018-09-01,47.159645,-67.930799,35,1196
108,Van Buren,Maine,US-Canada Border,2018-10-01,47.159645,-67.930799,0,1474
108,Van Buren,Maine,US-Canada Border,2018-11-01,47.159645,-67.930799,0,1245
108,Van Buren,Maine,US-Canada Border,2018-12-01,47.159645,-67.930799,0,1204
108,Van Buren,Maine,US-Canada Border,2019-01-01,47.159645,-67.930799,41,1573
108,Van Buren,Maine,US-Canada Border,2019-02-01,47.159645,-67.930799,33,1703
108,Van Buren,Maine,US-Canada Border,2019-03-01,47.159645,-67.930799,40,1951
108,Van Buren,Maine,US-Canada Border,2019-04-01,47.159645,-67.930799,0,1342
108,Van Buren,Maine,US-Canada Border,2019-05-01,47.159645,-67.930799,0,1966
108,Van Buren,Maine,US-Canada Border,2019-06-01,47.159645,-67.930799,0,1923
108,Van Buren,Maine,US-Canada Border,2019-07-01,47.159645,-67.930799,41,1984
108,Van Buren,Maine,US-Canada Border,2019-08-01,47.159645,-67.930799,37,1817
108,Van Buren,Maine,US-Canada Border,2019-09-01,47.159645,-67.930799,37,1674
108,Van Buren,Maine,US-Canada Border,2019-10-01,47.159645,-67.930799,0,2225
108,Van Buren,Maine,US-Canada Border,2019-11-01,47.159645,-67.930799,0,1766
108,Van Buren,Maine,US-Canada Border,2019-12-01,47.159645,-67.930799,0,1560
108,Van Buren,Maine,US-Canada Border,2020-01-01,47.159645,-67.930799,44,1629
108,Van Buren,Maine,US-Canada Border,2020-02-01,47.159645,-67.930799,32,1172
108,Van Buren,Maine,US-Canada Border,2020-03-01,47.159645,-67.930799,37,1780
108,Van Buren,Maine,US-Canada Border,2020-04-01,47.159645,-67.930799,35,1227
108,Van Buren,Maine,US-Canada Border,2020-05-01,47.159645,-67.930799,29,1673
108,Van Buren,Maine,US-Canada Border,2020-06-01,47.159645,-67.930799,29,1152
108,Van Buren,Maine,US-Canada Border,2020-07-01,47.159645,-67.930799,34,1551
108,Van Buren,Maine,US-Canada Border,2020-08-01,47.159645,-67.930799,26,1357
108,Van Buren,Maine,US-Canada Border,2020-09-01,47.159645,-67.930799,29,1683
108,Van Buren,Maine,US-Canada Border,2020-10-01,47.159645,-67.930799,33,1535
108,Van Buren,Maine,US-Canada Border,2020-11-01,47.159645,-67.930799,29,1148
108,Van Buren,Maine,US-Canada Border,2020-12-01,47.159645,-67.930799,35,1303
108,Van Buren,Maine,US-Canada Border,2021-01-01,47.159645,-67.930799,32,1454
108,Van Buren,Maine,US-Canada Border,2021-02-01,47.159645,-67.930799,35,1511
108,Van Buren,Maine,US-Canada Border,2021-03-01,47.159645,-67.930799,36,1405
108,Van Buren,Maine,US-Canada Border,2021-04-01,47.159645,-67.930799,34,1417
108,Van Buren,Maine,US-Canada Border,2021-05-01,47.159645,-67.930799,23,1999
108,Van Buren,Maine,US-Canada Border,2021-06-01,47.159645,-67.930799,34,1675
108,Van Buren,Maine,US-Canada Border,2021-07-01,47.159645,-67.930799,26,1868
108,Van Buren,Maine,US-Canada Border,2021-08-01,47.159645,-67.930799,25,1886
108,Van Buren,Maine,US-Canada Border,2021-09-01,47.159645,-67.930799,24,1620
108,Van Buren,Maine,US-Canada Border,2021-10-01,47.159645,-67.930799,30,1542
108,Van Buren,Maine,US-Canada Border,2021-11-01,47.159645,-67.930799,31,1463
108,Van Buren,Maine,US-Canada Border,2021-12-01,47.159645,-67.930799,39,1484
108,Van Buren,Maine,US-Canada Border,2022-01-01,47.159645,-67.930799,34,1407
108,Van Buren,Maine,US-Canada Border,2022-02-01,47.159645,-67.930799,48,1381
108,Van Buren,Maine,US-Canada Border,2022-03-01,47.159645,-67.930799,56,1739
108,Van Buren,Maine,US-Canada Border,2022-04-01,47.159645,-67.930799,40,1535
108,Van Buren,Maine,US-Canada Border,2022-05-01,47.159645,-67.930799,35,2200
108,Van Buren,Maine,US-Canada Border,2022-06-01,47.159645,-67.930799,37,1916
108,Van Buren,Maine,US-Canada Border,2022-07-01,47.159645,-67.930799,42,1512
108,Van Buren,Maine,US-Canada Border,2022-08-01,47.159645,-67.930799,55,1721
108,Van Buren,Maine,US-Canada Border,2022-09-01,47.159645,-67.930799,57,1438
108,Van Buren,Maine,US-Canada Border,2022-10-01,47.159645,-67.930799,41,1600
108,Van Buren,Maine,US-Canada Border,2022-11-01,47.159645,-67.930799,47,1476
108,Van Buren,Maine,US-Canada Border,2022-12-01,47.159645,-67.930799,53,1506
108,Van Buren,Maine,US-Canada Border,2023-01-01,47.159645,-67.930799,56,1815
108,Van Buren,Maine,US-Canada Border,2023-02-01,47.159645,-67.930799,50,2194
108,Van Buren,Maine,US-Canada Border,2023-03-01,47.159645,-67.930799,59,2324
108,Van Buren,Maine,US-Canada Border,2023-04-01,47.159645,-67.930799,45,2057
108,Van Buren,Maine,US-Canada Border,2023-05-01,47.159645,-67.930799,49,2994
108,Van Buren,Maine,US-Canada Border,2023-06-01,47.159645,-67.930799,44,2172
108,Van Buren,Maine,US-Canada Border,2023-07-01,47.159645,-67.930799,36,2165
108,Van Buren,Maine,US-Canada Border,2023-08-01,47.159645,-67.930799,40,1460
108,Van Buren,Maine,US-Canada Border,2023-09-01,47.159645,-67.930799,46,1622
108,Van Buren,Maine,US-Canada Border,2023-10-01,47.159645,-67.930799,45,1457
108,Van Buren,Maine,US-Canada Border,2023-11-01,47.159645,-67.930799,46,1494
108,Van Buren,Maine,US-Canada Border,2023-12-01,47.159645,-67.930799,37,1420
108,Van Buren,Maine,US-Canada Border,2024-01-01,47.159645,-67.930799,52,1717
108,Van Buren,Maine,US-Canada Border,2024-02-01,47.159645,-67.930799,48,1728
108,Van Buren,Maine,US-Canada Border,2024-03-01,47.159645,-67.930799,40,1405
108,Van Buren,Maine,US-Canada Border,2024-04-01,47.159645,-67.930799,45,1559
108,Van Buren,Maine,US-Canada Border,2024-05-01,47.159645,-67.930799,37,2300
108,Van Buren,Maine,US-Canada Border,2024-06-01,47.159645,-67.930799,29,1624
108,Van Buren,Maine,US-Canada Border,2024-07-01,47.159645,-67.930799,29,1526
108,Van Buren,Maine,US-Canada Border,2024-08-01,47.159645,-67.930799,26,1305
108,Van Buren,Maine,US-Canada Border,2024-09-01,47.159645,-67.930799,28,1215
108,Van Buren,Maine,US-Canada Border,2024-10-01,47.159645,-67.930799,37,1258
108,Van Buren,Maine,US-Canada Border,2024-11-01,47.159645,-67.930799,23,1105
108,Van Buren,Maine,US-Canada Border,2024-12-01,47.159645,-67.930799,41,971
109,Madawaska,Maine,US-Canada Border,2018-01-01,47.360052,-68.328684,0,196
109,Madawaska,Maine,US-Canada Border,2018-02-01,47.360052,-68.328684,0,200
109,Madawaska,Maine,US-Canada Border,2018-03-01,47.360052,-68.328684,0,198
109,Madawaska,Maine,US-Canada Border,2018-04-01,47.360052,-68.328684,0,163
109,Madawaska,Maine,US-Canada Border,2018-05-01,47.360052,-68.328684,0,248
109,Madawaska,Maine,US-Canada Border,2018-06-01,47.360052,-68.328684,0,210
109,Madawaska,Maine,US-Canada Border,2018-07-01,47.360052,-68.328684,0,177
109,Madawaska,Maine,US-Canada Border,2018-08-01,47.360052,-68.328684,0,196
109,Madawaska,Maine,US-Canada Border,2018-09-01,47.360052,-68.328684,0,164
109,Madawaska,Maine,US-Canada Border,2018-10-01,47.360052,-68.328684,0,206
109,Madawaska,Maine,US-Canada Border,2018-11-01,47.360052,-68.328684,0,155
109,Madawaska,Maine,US-Canada Border,2018-12-01,47.360052,-68.328684,0,157
109,Madawaska,Maine,US-Canada Border,2019-01-01,47.360052,-68.328684,0,175
109,Madawaska,Maine,US-Canada Border,2019-02-01,47.360052,-68.328684,0,188
109,Madawaska,Maine,US-Canada Border,2019-03-01,47.360052,-68.328684,0,179
109,Madawaska,Maine,US-Canada Border,2019-04-01,47.360052,-68.328684,0,178
109,Madawaska,Maine,US-Canada Border,2019-05-01,47.360052,-68.328684,0,208
109,Madawaska,Maine,US-Canada Border,2019-06-01,47.360052,-68.328684,0,174
109,Madawaska,Maine,US-Canada Border,2019-07-01,47.360052,-68.328684,0,169
109,Madawaska,Maine,US-Canada Border,2019-08-01,47.360052,-68.328684,0,153
109,Madawaska,Maine,US-Canada Border,2019-09-01,47.360052,-68.328684,0,202
109,Madawaska,Maine,US-Canada Border,2019-10-01,47.360052,-68.328684,0,187
109,Madawaska,Maine,US-Canada Border,2019-11-01,47.360052,-68.328684,0,167
109,Madawaska,Maine,US-Canada Border,2019-12-01,47.360052,-68.328684,0,161
109,Madawaska,Maine,US-Canada Border,2020-01-01,47.360052,-68.328684,0,178
109,Madawaska,Maine,US-Canada Border,2020-02-01,47.360052,-68.328684,0,173
109,Madawaska,Maine,US-Canada Border,2020-03-01,47.360052,-68.328684,0,145
109,Madawaska,Maine,US-Canada Border,2020-04-01,47.360052,-68.328684,0,90
109,Madawaska,Maine,US-Canada Border,2020-05-01,47.360052,-68.328684,0,121
109,Madawaska,Maine,US-Canada Border,2020-06-01,47.360052,-68.328684,0,146
109,Madawaska,Maine,US-Canada Border,2020-07-01,47.360052,-68.328684,0,171
109,Madawaska,Maine,US-Canada Border,2020-08-01,47.360052,-68.328684,0,151
109,Madawaska,Maine,US-Canada Border,2020-09-01,47.360052,-68.328684,0,154
109,Madawaska,Maine,US-Canada Border,2020-10-01,47.360052,-68.328684,0,147
109,Madawaska,Maine,US-Canada Border,2020-11-01,47.360052,-68.328684,0,153
109,Madawaska,Maine,US-Canada Border,2020-12-01,47.360052,-68.328684,0,155
109,Madawaska,Maine,US-Canada Border,2021-01-01,47.360052,-68.328684,0,137
109,Madawaska,Maine,US-Canada Border,2021-02-01,47.360052,-68.328684,0,102
109,Madawaska,Maine,US-Canada Border,2021-03-01,47.360052,-68.328684,0,117
109,Madawaska,Maine,US-Canada Border,2021-04-01,47.360052,-68.328684,0,125
109,Madawaska,Maine,US-Canada Border,2021-05-01,47.360052,-68.328684,0,131
109,Madawaska,Maine,US-Canada Border,2021-06-01,47.360052,-68.328684,0,133
109,Madawaska,Maine,US-Canada Border,2021-07-01,47.360052,-68.328684,0,124
109,Madawaska,Maine,US-Canada Border,2021-08-01,47.360052,-68.328684,0,121
109,Madawaska,Maine,US-Canada Border,2021-09-01,47.360052,-68.328684,0,136
109,Madawaska,Maine,US-Canada Border,2021-10-01,47.360052,-68.328684,0,97
109,Madawaska,Maine,US-Canada Border,2021-11-01,47.360052,-68.328684,0,140
109,Madawaska,Maine,US-Canada Border,2021-12-01,47.360052,-68.328684,0,117
109,Madawaska,Maine,US-Canada Border,2022-01-01,47.360052,-68.328684,0,110
109,Madawaska,Maine,US-Canada Border,2022-02-01,47.360052,-68.328684,0,103
109,Madawaska,Maine,US-Canada Border,2022-03-01,47.360052,-68.328684,0,115
109,Madawaska,Maine,US-Canada Border,2022-04-01,47.360052,-68.328684,0,116
109,Madawaska,Maine,US-Canada Border,2022-05-01,47.360052,-68.328684,0,125
109,Madawaska,Maine,US-Canada Border,2022-06-01,47.360052,-68.328684,0,96
109,Madawaska,Maine,US-Canada Border,2022-07-01,47.360052,-68.328684,0,88
109,Madawaska,Maine,US-Canada Border,2022-08-01,47.360052,-68.328684,0,126
109,Madawaska,Maine,US-Canada Border,2022-09-01,47.360052,-68.328684,0,116
109,Madawaska,Maine,US-Canada Border,2022-10-01,47.360052,-68.328684,0,129
109,Madawaska,Maine,US-Canada Border,2022-11-01,47.360052,-68.328684,0,113
109,Madawaska,Maine,US-Canada Border,2022-12-01,47.360052,-68.328684,0,86
109,Madawaska,Maine,US-Canada Border,2023-01-01,47.360052,-68.328684,0,115
109,Madawaska,Maine,US-Canada Border,2023-02-01,47.360052,-68.328684,0,97
109,Madawaska,Maine,US-Canada Border,2023-03-01,47.360052,-68.328684,0,110
109,Madawaska,Maine,US-Canada Border,2023-04-01,47.360052,-68.328684,0,114
109,Madawaska,Maine,US-Canada Border,2023-05-01,47.360052,-68.328684,0,150
109,Madawaska,Maine,US-Canada Border,2023-06-01,47.360052,-68.328684,0,122
109,Madawaska,Maine,US-Canada Border,2023-07-01,47.360052,-68.328684,0,116
109,Madawaska,Maine,US-Canada Border,2023-08-01,47.360052,-68.328684,0,47
109,Madawaska,Maine,US-Canada Border,2023-09-01,47.360052,-68.328684,0,91
109,Madawaska,Maine,US-Canada Border,2023-10-01,47.360052,-68.328684,0,122
109,Madawaska,Maine,US-Canada Border,2023-11-01,47.360052,-68.328684,0,119
109,Madawaska,Maine,US-Canada Border,2023-12-01,47.360052,-68.328684,0,116
109,Madawaska,Maine,US-Canada Border,2024-01-01,47.360052,-68.328684,0,130
109,Madawaska,Maine,US-Canada Border,2024-02-01,47.360052,-68.328684,0,131
109,Madawaska,Maine,US-Canada Border,2024-03-01,47.360052,-68.328684,0,110
109,Madawaska,Maine,US-Canada Border,2024-04-01,47.360052,-68.328684,0,135
109,Madawaska,Maine,US-Canada Border,2024-05-01,47.360052,-68.328684,0,133
109,Madawaska,Maine,US-Canada Border,2024-06-01,47.360052,-68.328684,0,76
109,Madawaska,Maine,US-Canada Border,2024-07-01,47.360052,-68.328684,0,124
109,Madawaska,Maine,US-Canada Border,2024-08-01,47.360052,-68.328684,0,1018
109,Madawaska,Maine,US-Canada Border,2024-09-01,47.360052,-68.328684,0,1064
109,Madawaska,Maine,US-Canada Border,2024-10-01,47.360052,-68.328684,0,1190
109,Madawaska,Maine,US-Canada Border,2024-11-01,47.360052,-68.328684,0,1176
109,Madawaska,Maine,US-Canada Border,2024-12-01,47.360052,-68.328684,0,1166
110,Fort Kent,Maine,US-Canada Border,2018-01-01,47.249206,-68.603918,0,1342
110,Fort Kent,Maine,US-Canada Border,2018-02-01,47.249206,-68.603918,0,1434
110,Fort Kent,Maine,US-Canada Border,2018-03-01,47.249206,-68.603918,0,1670
110,Fort Kent,Maine,US-Canada Border,2018-04-01,47.249206,-68.603918,0,1060
110,Fort Kent,Maine,US-Canada Border,2018-05-01,47.249206,-68.603918,0,1164
110,Fort Kent,Maine,US-Canada Border,2018-06-01,47.249206,-68.603918,0,1587
110,Fort Kent,Maine,US-Canada Border,2018-07-01,47.249206,-68.603918,0,1450
110,Fort Kent,Maine,US-Canada Border,2018-08-01,47.249206,-68.603918,0,1509
110,Fort Kent,Maine,US-Canada Border,2018-09-01,47.249206,-68.603918,0,1076
110,Fort Kent,Maine,US-Canada Border,2018-10-01,47.249206,-68.603918,0,1067
110,Fort Kent,Maine,US-Canada Border,2018-11-01,47.249206,-68.603918,0,948
110,Fort Kent,Maine,US-Canada Border,2018-12-01,47.249206,-68.603918,0,1142
110,Fort Kent,Maine,US-Canada Border,2019-01-01,47.249206,-68.603918,0,1418
110,Fort Kent,Maine,US-Canada Border,2019-02-01,47.249206,-68.603918,0,1428
110,Fort Kent,Maine,US-Canada Border,2019-03-01,47.249206,-68.603918,0,1858
110,Fort Kent,Maine,US-Canada Border,2019-04-01,47.249206,-68.603918,0,1017
110,Fort Kent,Maine,US-Canada Border,2019-05-01,47.249206,-68.603918,0,870
110,Fort Kent,Maine,US-Canada Border,2019-06-01,47.249206,-68.603918,0,1094
110,Fort Kent,Maine,US-Canada Border,2019-07-01,47.249206,-68.603918,0,1158
110,Fort Kent,Maine,US-Canada Border,2019-08-01,47.249206,-68.603918,0,1156
110,Fort Kent,Maine,US-Canada Border,2019-09-01,47.249206,-68.603918,0,1102
110,Fort Kent,Maine,US-Canada Border,2019-10-01,47.249206,-68.603918,0,1110
110,Fort Kent,Maine,US-Canada Border,2019-11-01,47.249206,-68.603918,0,746
110,Fort Kent,Maine,US-Canada Border,2019-12-01,47.249206,-68.603918,0,1193
110,Fort Kent,Maine,US-Canada Border,2020-01-01,47.249206,-68.603918,0,1021
110,Fort Kent,Maine,US-Canada Border,2020-02-01,47.249206,-68.603918,0,895
110,Fort Kent,Maine,US-Canada Border,2020-03-01,47.249206,-68.603918,0,1009
110,Fort Kent,Maine,US-Canada Border,2020-04-01,47.249206,-68.603918,0,898
110,Fort Kent,Maine,US-Canada Border,2020-05-01,47.249206,-68.603918,0,707
110,Fort Kent,Maine,US-Canada Border,2020-06-01,47.249206,-68.603918,0,846
110,Fort Kent,Maine,US-Canada Border,2020-07-01,47.249206,-68.603918,0,1025
110,Fort Kent,Maine,US-Canada Border,2020-08-01,47.249206,-68.603918,0,1024
110,Fort Kent,Maine,US-Canada Border,2020-09-01,47.249206,-68.603918,0,951
110,Fort Kent,Maine,US-Canada Border,2020-10-01,47.249206,-68.603918,0,984
110,Fort Kent,Maine,US-Canada Border,2020-11-01,47.249206,-68.603918,0,774
110,Fort Kent,Maine,US-Canada Border,2020-12-01,47.249206,-68.603918,0,995
110,Fort Kent,Maine,US-Canada Border,2021-01-01,47.249206,-68.603918,0,792
110,Fort Kent,Maine,US-Canada Border,2021-02-01,47.249206,-68.603918,0,588
110,Fort Kent,Maine,US-Canada Border,2021-03-01,47.249206,-68.603918,0,817
110,Fort Kent,Maine,US-Canada Border,2021-04-01,47.249206,-68.603918,0,614
110,Fort Kent,Maine,US-Canada Border,2021-05-01,47.249206,-68.603918,0,630
110,Fort Kent,Maine,US-Canada Border,2021-06-01,47.249206,-68.603918,0,870
110,Fort Kent,Maine,US-Canada Border,2021-07-01,47.249206,-68.603918,0,746
110,Fort Kent,Maine,US-Canada Border,2021-08-01,47.249206,-68.603918,0,872
110,Fort Kent,Maine,US-Canada Border,2021-09-01,47.249206,-68.603918,0,965
110,Fort Kent,Maine,US-Canada Border,2021-10-01,47.249206,-68.603918,0,1084
110,Fort Kent,Maine,US-Canada Border,2021-11-01,47.249206,-68.603918,0,872
110,Fort Kent,Maine,US-Canada Border,2021-12-01,47.249206,-68.603918,0,828
110,Fort Kent,Maine,US-Canada Border,2022-01-01,47.249206,-68.603918,0,738
110,Fort Kent,Maine,US-Canada Border,2022-02-01,47.249206,-68.603918,0,719
110,Fort Kent,Maine,US-Canada Border,2022-03-01,47.249206,-68.603918,0,943
110,Fort Kent,Maine,US-Canada Border,2022-04-01,47.249206,-68.603918,0,937
110,Fort Kent,Maine,US-Canada Border,2022-05-01,47.249206,-68.603918,0,1016
110,Fort Kent,Maine,US-Canada Border,2022-06-01,47.249206,-68.603918,0,790
110,Fort Kent,Maine,US-Canada Border,2022-07-01,47.249206,-68.603918,0,801
110,Fort Kent,Maine,US-Canada Border,2022-08-01,47.249206,-68.603918,0,1007
110,Fort Kent,Maine,US-Canada Border,2022-09-01,47.249206,-68.603918,0,890
110,Fort Kent,Maine,US-Canada Border,2022-10-01,47.249206,-68.603918,0,787
110,Fort Kent,Maine,US-Canada Border,2022-11-01,47.249206,-68.603918,0,827
110,Fort Kent,Maine,US-Canada Border,2022-12-01,47.249206,-68.603918,0,928
110,Fort Kent,Maine,US-Canada Border,2023-01-01,47.249206,-68.603918,0,774
110,Fort Kent,Maine,US-Canada Border,2023-02-01,47.249206,-68.603918,0,904
110,Fort Kent,Maine,US-Canada Border,2023-03-01,47.249206,-68.603918,0,1028
110,Fort Kent,Maine,US-Canada Border,2023-04-01,47.249206,-68.603918,0,701
110,Fort Kent,Maine,US-Canada Border,2023-05-01,47.249206,-68.603918,0,1035
110,Fort Kent,Maine,US-Canada Border,2023-06-01,47.249206,-68.603918,0,1015
110,Fort Kent,Maine,US-Canada Border,2023-07-01,47.249206,-68.603918,0,552
110,Fort Kent,Maine,US-Canada Border,2023-08-01,47.249206,-68.603918,0,364
110,Fort Kent,Maine,US-Canada Border,2023-09-01,47.249206,-68.603918,0,971
110,Fort Kent,Maine,US-Canada Border,2023-10-01,47.249206,-68.603918,0,952
110,Fort Kent,Maine,US-Canada Border,2023-11-01,47.249206,-68.603918,0,859
110,Fort Kent,Maine,US-Canada Border,2023-12-01,47.249206,-68.603918,0,757
110,Fort Kent,Maine,US-Canada Border,2024-01-01,47.249206,-68.603918,0,872
110,Fort Kent,Maine,US-Canada Border,2024-02-01,47.249206,-68.603918,0,912
110,Fort Kent,Maine,US-Canada Border,2024-03-01,47.249206,-68.603918,0,748
110,Fort Kent,Maine,US-Canada Border,2024-04-01,47.249206,-68.603918,0,701
110,Fort Kent,Maine,US-Canada Border,2024-05-01,47.249206,-68.603918,0,783
110,Fort Kent,Maine,US-Canada Border,2024-06-01,47.249206,-68.603918,0,878
110,Fort Kent,Maine,US-Canada Border,2024-07-01,47.249206,-68.603918,0,756
110,Fort Kent,Maine,US-Canada Border,2024-08-01,47.249206,-68.603918,0,288
110,Fort Kent,Maine,US-Canada Border,2024-09-01,47.249206,-68.603918,0,239
110,Fort Kent,Maine,US-Canada Border,2024-10-01,47.249206,-68.603918,0,185
110,Fort Kent,Maine,US-Canada Border,2024-11-01,47.249206,-68.603918,0,202
110,Fort Kent,Maine,US-Canada Border,2024-12-01,47.249206,-68.603918,0,165
115,Calais,Maine,US-Canada Border,2018-01-01,45.188548,-67.275381,12,4791
115,Calais,Maine,US-Canada Border,2018-02-01,45.188548,-67.275381,10,4326
115,Calais,Maine,US-Canada Border,2018-03-01,45.188548,-67.275381,13,4531
115,Calais,Maine,US-Canada Border,2018-04-01,45.188548,-67.275381,10,5239
115,Calais,Maine,US-Canada Border,2018-05-01,45.188548,-67.275381,15,6794
115,Calais,Maine,US-Canada Border,2018-06-01,45.188548,-67.275381,19,5858
115,Calais,Maine,US-Canada Border,2018-07-01,45.188548,-67.275381,19,6019
115,Calais,Maine,US-Canada Border,2018-08-01,45.188548,-67.275381,22,6188
115,Calais,Maine,US-Canada Border,2018-09-01,45.188548,-67.275381,7,5391
115,Calais,Maine,US-Canada Border,2018-10-01,45.188548,-67.275381,5,5720
115,Calais,Maine,US-Canada Border,2018-11-01,45.188548,-67.275381,15,4986
115,Calais,Maine,US-Canada Border,2018-12-01,45.188548,-67.275381,11,4504
115,Calais,Maine,US-Canada Border,2019-01-01,45.188548,-67.275381,10,4584
115,Calais,Maine,US-Canada Border,2019-02-01,45.188548,-67.275381,20,4217
115,Calais,Maine,US-Canada Border,2019-03-01,45.188548,-67.275381,15,4842
115,Calais,Maine,US-Canada Border,2019-04-01,45.188548,-67.275381,13,5516
115,Calais,Maine,US-Canada Border,2019-05-01,45.188548,-67.275381,29,5966
115,Calais,Maine,US-Canada Border,2019-06-01,45.188548,-67.275381,19,5768
115,Calais,Maine,US-Canada Border,2019-07-01,45.188548,-67.275381,11,5821
115,Calais,Maine,US-Canada Border,2019-08-01,45.188548,-67.275381,24,6895
115,Calais,Maine,US-Canada Border,2019-09-01,45.188548,-67.275381,6,5710
115,Calais,Maine,US-Canada Border,2019-10-01,45.188548,-67.275381,15,6361
115,Calais,Maine,US-Canada Border,2019-11-01,45.188548,-67.275381,9,5290
115,Calais,Maine,US-Canada Border,2019-12-01,45.188548,-67.275381,11,4642
115,Calais,Maine,US-Canada Border,2020-01-01,45.188548,-67.275381,17,4852
115,Calais,Maine,US-Canada Border,2020-02-01,45.188548,-67.275381,12,4395
115,Calais,Maine,US-Canada Border,2020-03-01,45.188548,-67.275381,9,5281
115,Calais,Maine,US-Canada Border,2020-04-01,45.188548,-67.275381,13,4867
115,Calais,Maine,US-Canada Border,2020-05-01,45.188548,-67.275381,9,5023
115,Calais,Maine,US-Canada Border,2020-06-01,45.188548,-67.275381,17,5646
115,Calais,Maine,US-Canada Border,2020-07-01,45.188548,-67.275381,13,5790
115,Calais,Maine,US-Canada Border,2020-08-01,45.188548,-67.275381,19,5812
115,Calais,Maine,US-Canada Border,2020-09-01,45.188548,-67.275381,17,5265
115,Calais,Maine,US-Canada Border,2020-10-01,45.188548,-67.275381,25,5419
115,Calais,Maine,US-Canada Border,2020-11-01,45.188548,-67.275381,17,5478
115,Calais,Maine,US-Canada Border,2020-12-01,45.188548,-67.275381,20,4856
115,Calais,Maine,US-Canada Border,2021-01-01,45.188548,-67.275381,24,5114
115,Calais,Maine,US-Canada Border,2021-02-01,45.188548,-67.275381,25,4334
115,Calais,Maine,US-Canada Border,2021-03-01,45.188548,-67.275381,25,5125
115,Calais,Maine,US-Canada Border,2021-04-01,45.188548,-67.275381,19,5358
115,Calais,Maine,US-Canada Border,2021-05-01,45.188548,-67.275381,20,5718
115,Calais,Maine,US-Canada Border,2021-06-01,45.188548,-67.275381,24,6115
115,Calais,Maine,US-Canada Border,2021-07-01,45.188548,-67.275381,21,6433
115,Calais,Maine,US-Canada Border,2021-08-01,45.188548,-67.275381,22,6944
115,Calais,Maine,US-Canada Border,2021-09-01,45.188548,-67.275381,18,5595
115,Calais,Maine,US-Canada Border,2021-10-01,45.188548,-67.275381,18,5649
115,Calais,Maine,US-Canada Border,2021-11-01,45.188548,-67.275381,15,5753
115,Calais,Maine,US-Canada Border,2021-12-01,45.188548,-67.275381,16,5217
115,Calais,Maine,US-Canada Border,2022-01-01,45.188548,-67.275381,14,4679
115,Calais,Maine,US-Canada Border,2022-02-01,45.188548,-67.275381,11,4171
115,Calais,Maine,US-Canada Border,2022-03-01,45.188548,-67.275381,17,5102
115,Calais,Maine,US-Canada Border,2022-04-01,45.188548,-67.275381,19,4895
115,Calais,Maine,US-Canada Border,2022-05-01,45.188548,-67.275381,9,4774
115,Calais,Maine,US-Canada Border,2022-06-01,45.188548,-67.275381,20,5250
115,Calais,Maine,US-Canada Border,2022-07-01,45.188548,-67.275381,19,4681
115,Calais,Maine,US-Canada Border,2022-08-01,45.188548,-67.275381,13,6175
115,Calais,Maine,US-Canada Border,2022-09-01,45.188548,-67.275381,19,4657
115,Calais,Maine,US-Canada Border,2022-10-01,45.188548,-67.275381,12,4739
115,Calais,Maine,US-Canada Border,2022-11-01,45.188548,-67.275381,13,4945
115,Calais,Maine,US-Canada Border,2022-12-01,45.188548,-67.275381,11,4169
115,Calais,Maine,US-Canada Border,2023-01-01,45.188548,-67.275381,11,4564
115,Calais,Maine,US-Canada Border,2023-02-01,45.188548,-67.275381,14,4335
115,Calais,Maine,US-Canada Border,2023-03-01,45.188548,-67.275381,17,5094
115,Calais,Maine,US-Canada Border,2023-04-01,45.188548,-67.275381,15,4225
115,Calais,Maine,US-Canada Border,2023-05-01,45.188548,-67.275381,21,5632
115,Calais,Maine,US-Canada Border,2023-06-01,45.188548,-67.275381,11,5109
115,Calais,Maine,US-Canada Border,2023-07-01,45.188548,-67.275381,7,4903
115,Calais,Maine,US-Canada Border,2023-08-01,45.188548,-67.275381,24,5313
115,Calais,Maine,US-Canada Border,2023-09-01,45.188548,-67.275381,15,5068
115,Calais,Maine,US-Canada Border,2023-10-01,45.188548,-67.275381,15,5541
115,Calais,Maine,US-Canada Border,2023-11-01,45.188548,-67.275381,16,5380
115,Calais,Maine,US-Canada Border,2023-12-01,45.188548,-67.275381,17,4127
115,Calais,Maine,US-Canada Border,2024-01-01,45.188548,-67.275381,18,4911
115,Calais,Maine,US-Canada Border,2024-02-01,45.188548,-67.275381,17,4622
115,Calais,Maine,US-Canada Border,2024-03-01,45.188548,-67.275381,18,4701
115,Calais,Maine,US-Canada Border,2024-04-01,45.188548,-67.275381,17,5044
115,Calais,Maine,US-Canada Border,2024-05-01,45.188548,-67.275381,14,4675
115,Calais,Maine,US-Canada Border,2024-06-01,45.188548,-67.275381,16,5415
115,Calais,Maine,US-Canada Border,2024-07-01,45.188548,-67.275381,17,5663
115,Calais,Maine,US-Canada Border,2024-08-01,45.188548,-67.275381,15,6008
115,Calais,Maine,US-Canada Border,2024-09-01,45.188548,-67.275381,7,4656
115,Calais,Maine,US-Canada Border,2024-10-01,45.188548,-67.275381,12,5142
115,Calais,Maine,US-Canada Border,2024-11-01,45.188548,-67.275381,17,4722
115,Calais,Maine,US-Canada Border,2024-12-01,45.188548,-67.275381,12,4193
118,Limestone,Maine,US-Canada Border,2018-01-01,46.924555,-67.789597,0,51
118,Limestone,Maine,US-Canada Border,2018-02-01,46.924555,-67.789597,0,62
118,Limestone,Maine,US-Canada Border,2018-03-01,46.924555,-67.789597,0,42
118,Limestone,Maine,US-Canada Border,2018-04-01,46.924555,-67.789597,0,46
118,Limestone,Maine,US-Canada Border,2018-05-01,46.924555,-67.789597,0,625
118,Limestone,Maine,US-Canada Border,2018-06-01,46.924555,-67.789597,0,106
118,Limestone,Maine,US-Canada Border,2018-07-01,46.924555,-67.789597,0,86
118,Limestone,Maine,US-Canada Border,2018-08-01,46.924555,-67.789597,0,211
118,Limestone,Maine,US-Canada Border,2018-09-01,46.924555,-67.789597,0,308
118,Limestone,Maine,US-Canada Border,2018-10-01,46.924555,-67.789597,0,196
118,Limestone,Maine,US-Canada Border,2018-11-01,46.924555,-67.789597,0,51
118,Limestone,Maine,US-Canada Border,2018-12-01,46.924555,-67.789597,0,38
118,Limestone,Maine,US-Canada Border,2019-01-01,46.924555,-67.789597,0,15
118,Limestone,Maine,US-Canada Border,2019-02-01,46.924555,-67.789597,0,21
118,Limestone,Maine,US-Canada Border,2019-03-01,46.924555,-67.789597,0,28
118,Limestone,Maine,US-Canada Border,2019-04-01,46.924555,-67.789597,0,102
118,Limestone,Maine,US-Canada Border,2019-05-01,46.924555,-67.789597,0,498
118,Limestone,Maine,US-Canada Border,2019-06-01,46.924555,-67.789597,0,256
118,Limestone,Maine,US-Canada Border,2019-07-01,46.924555,-67.789597,0,196
118,Limestone,Maine,US-Canada Border,2019-08-01,46.924555,-67.789597,0,156
118,Limestone,Maine,US-Canada Border,2019-09-01,46.924555,-67.789597,0,423
118,Limestone,Maine,US-Canada Border,2019-10-01,46.924555,-67.789597,0,161
118,Limestone,Maine,US-Canada Border,2019-11-01,46.924555,-67.789597,0,37
118,Limestone,Maine,US-Canada Border,2019-12-01,46.924555,-67.789597,0,46
118,Limestone,Maine,US-Canada Border,2020-01-01,46.924555,-67.789597,0,69
118,Limestone,Maine,US-Canada Border,2020-02-01,46.924555,-67.789597,0,46
118,Limestone,Maine,US-Canada Border,2020-03-01,46.924555,-67.789597,0,45
118,Limestone,Maine,US-Canada Border,2020-04-01,46.924555,-67.789597,0,94
118,Limestone,Maine,US-Canada Border,2020-05-01,46.924555,-67.789597,0,555
118,Limestone,Maine,US-Canada Border,2020-06-01,46.924555,-67.789597,0,183
118,Limestone,Maine,US-Canada Border,2020-07-01,46.924555,-67.789597,0,270
118,Limestone,Maine,US-Canada Border,2020-08-01,46.924555,-67.789597,0,346
118,Limestone,Maine,US-Canada Border,2020-09-01,46.924555,-67.789597,0,266
118,Limestone,Maine,US-Canada Border,2020-10-01,46.924555,-67.789597,0,104
118,Limestone,Maine,US-Canada Border,2020-11-01,46.924555,-67.789597,0,76
118,Limestone,Maine,US-Canada Border,2020-12-01,46.924555,-67.789597,0,20
118,Limestone,Maine,US-Canada Border,2021-01-01,46.924555,-67.789597,0,24
118,Limestone,Maine,US-Canada Border,2021-02-01,46.924555,-67.789597,0,26
118,Limestone,Maine,US-Canada Border,2021-03-01,46.924555,-67.789597,0,42
118,Limestone,Maine,US-Canada Border,2021-04-01,46.924555,-67.789597,0,119
118,Limestone,Maine,US-Canada Border,2021-05-01,46.924555,-67.789597,0,393
118,Limestone,Maine,US-Canada Border,2021-06-01,46.924555,-67.789597,0,178
118,Limestone,Maine,US-Canada Border,2022-04-01,46.924555,-67.789597,0,12
118,Limestone,Maine,US-Canada Border,2022-05-01,46.924555,-67.789597,0,191
118,Limestone,Maine,US-Canada Border,2022-06-01,46.924555,-67.789597,0,168
118,Limestone,Maine,US-Canada Border,2022-07-01,46.924555,-67.789597,0,82
118,Limestone,Maine,US-Canada Border,2022-08-01,46.924555,-67.789597,0,96
118,Limestone,Maine,US-Canada Border,2022-09-01,46.924555,-67.789597,0,143
118,Limestone,Maine,US-Canada Border,2022-10-01,46.924555,-67.789597,0,207
118,Limestone,Maine,US-Canada Border,2022-11-01,46.924555,-67.789597,0,52
118,Limestone,Maine,US-Canada Border,2022-12-01,46.924555,-67.789597,0,15
118,Limestone,Maine,US-Canada Border,2023-01-01,46.924555,-67.789597,0,58
118,Limestone,Maine,US-Canada Border,2023-02-01,46.924555,-67.789597,0,64
118,Limestone,Maine,US-Canada Border,2023-03-01,46.924555,-67.789597,0,34
118,Limestone,Maine,US-Canada Border,2023-04-01,46.924555,-67.789597,0,35
118,Limestone,Maine,US-Canada Border,2023-05-01,46.924555,-67.789597,0,170
118,Limestone,Maine,US-Canada Border,2023-06-01,46.924555,-67.789597,0,73
118,Limestone,Maine,US-Canada Border,2023-07-01,46.924555,-67.789597,0,83
118,Limestone,Maine,US-Canada Border,2023-08-01,46.924555,-67.789597,0,103
118,Limestone,Maine,US-Canada Border,2023-09-01,46.924555,-67.789597,0,119
118,Limestone,Maine,US-Canada Border,2023-10-01,46.924555,-67.789597,0,68
118,Limestone,Maine,US-Canada Border,2023-11-01,46.924555,-67.789597,0,65
118,Limestone,Maine,US-Canada Border,2023-12-01,46.924555,-67.789597,0,53
118,Limestone,Maine,US-Canada Border,2024-01-01,46.924555,-67.789597,0,33
118,Limestone,Maine,US-Canada Border,2024-02-01,46.924555,-67.789597,0,28
118,Limestone,Maine,US-Canada Border,2024-03-01,46.924555,-67.789597,0,64
118,Limestone,Maine,US-Canada Border,2024-04-01,46.924555,-67.789597,0,99
118,Limestone,Maine,US-Canada Border,2024-05-01,46.924555,-67.789597,0,154
118,Limestone,Maine,US-Canada Border,2024-06-01,46.924555,-67.789597,0,164
118,Limestone,Maine,US-Canada Border,2024-07-01,46.924555,-67.789597,0,183
118,Limestone,Maine,US-Canada Border,2024-08-01,46.924555,-67.789597,0,136
118,Limestone,Maine,US-Canada Border,2024-09-01,46.924555,-67.789597,0,78
118,Limestone,Maine,US-Canada Border,2024-10-01,46.924555,-67.789597,0,215
118,Limestone,Maine,US-Canada Border,2024-11-01,46.924555,-67.789597,0,58
118,Limestone,Maine,US-Canada Border,2024-12-01,46.924555,-67.789597,0,72
127,Bridgewater,Maine,US-Canada Border,2018-01-01,46.450335,-67.78484,0,431
127,Bridgewater,Maine,US-Canada Border,2018-02-01,46.450335,-67.78484,0,397
127,Bridgewater,Maine,US-Canada Border,2018-03-01,46.450335,-67.78484,0,520
127,Bridgewater,Maine,US-Canada Border,2018-04-01,46.450335,-67.78484,0,509
127,Bridgewater,Maine,US-Canada Border,2018-05-01,46.450335,-67.78484,0,1056
127,Bridgewater,Maine,US-Canada Border,2018-06-01,46.450335,-67.78484,0,626
127,Bridgewater,Maine,US-Canada Border,2018-07-01,46.450335,-67.78484,0,410
127,Bridgewater,Maine,US-Canada Border,2018-08-01,46.450335,-67.78484,0,501
127,Bridgewater,Maine,US-Canada Border,2018-09-01,46.450335,-67.78484,0,533
127,Bridgewater,Maine,US-Canada Border,2018-10-01,46.450335,-67.78484,0,737
127,Bridgewater,Maine,US-Canada Border,2018-11-01,46.450335,-67.78484,0,509
127,Bridgewater,Maine,US-Canada Border,2018-12-01,46.450335,-67.78484,0,388
127,Bridgewater,Maine,US-Canada Border,2019-01-01,46.450335,-67.78484,0,376
127,Bridgewater,Maine,US-Canada Border,2019-02-01,46.450335,-67.78484,0,347
127,Bridgewater,Maine,US-Canada Border,2019-03-01,46.450335,-67.78484,0,431
127,Bridgewater,Maine,US-Canada Border,2019-04-01,46.450335,-67.78484,0,410
127,Bridgewater,Maine,US-Canada Border,2019-05-01,46.450335,-67.78484,0,784
127,Bridgewater,Maine,US-Canada Border,2019-06-01,46.450335,-67.78484,0,546
127,Bridgewater,Maine,US-Canada Border,2019-07-01,46.450335,-67.78484,0,419
127,Bridgewater,Maine,US-Canada Border,2019-08-01,46.450335,-67.78484,0,286
127,Bridgewater,Maine,US-Canada Border,2019-09-01,46.450335,-67.78484,0,256
127,Bridgewater,Maine,US-Canada Border,2019-10-01,46.450335,-67.78484,0,394
127,Bridgewater,Maine,US-Canada Border,2019-11-01,46.450335,-67.78484,0,206
127,Bridgewater,Maine,US-Canada Border,2019-12-01,46.450335,-67.78484,0,273
127,Bridgewater,Maine,US-Canada Border,2020-01-01,46.450335,-67.78484,0,330
127,Bridgewater,Maine,US-Canada Border,2020-02-01,46.450335,-67.78484,0,218
127,Bridgewater,Maine,US-Canada Border,2020-03-01,46.450335,-67.78484,0,267
127,Bridgewater,Maine,US-Canada Border,2020-04-01,46.450335,-67.78484,0,289
127,Bridgewater,Maine,US-Canada Border,2020-05-01,46.450335,-67.78484,0,674
127,Bridgewater,Maine,US-Canada Border,2020-06-01,46.450335,-67.78484,0,383
127,Bridgewater,Maine,US-Canada Border,2020-07-01,46.450335,-67.78484,0,245
127,Bridgewater,Maine,US-Canada Border,2020-08-01,46.450335,-67.78484,0,363
127,Bridgewater,Maine,US-Canada Border,2020-09-01,46.450335,-67.78484,0,325
127,Bridgewater,Maine,US-Canada Border,2020-10-01,46.450335,-67.78484,0,257
127,Bridgewater,Maine,US-Canada Border,2020-11-01,46.450335,-67.78484,0,219
127,Bridgewater,Maine,US-Canada Border,2020-12-01,46.450335,-67.78484,0,196
127,Bridgewater,Maine,US-Canada Border,2021-01-01,46.450335,-67.78484,0,267
127,Bridgewater,Maine,US-Canada Border,2021-02-01,46.450335,-67.78484,0,276
127,Bridgewater,Maine,US-Canada Border,2021-03-01,46.450335,-67.78484,0,322
127,Bridgewater,Maine,US-Canada Border,2021-04-01,46.450335,-67.78484,0,370
127,Bridgewater,Maine,US-Canada Border,2021-05-01,46.450335,-67.78484,0,502
127,Bridgewater,Maine,US-Canada Border,2021-06-01,46.450335,-67.78484,0,292
127,Bridgewater,Maine,US-Canada Border,2021-07-01,46.450335,-67.78484,0,259
127,Bridgewater,Maine,US-Canada Border,2021-08-01,46.450335,-67.78484,0,266
127,Bridgewater,Maine,US-Canada Border,2021-09-01,46.450335,-67.78484,0,215
127,Bridgewater,Maine,US-Canada Border,2021-10-01,46.450335,-67.78484,0,289
127,Bridgewater,Maine,US-Canada Border,2021-11-01,46.450335,-67.78484,0,307
127,Bridgewater,Maine,US-Canada Border,2021-12-01,46.450335,-67.78484,0,256
127,Bridgewater,Maine,US-Canada Border,2022-01-01,46.450335,-67.78484,0,253
127,Bridgewater,Maine,US-Canada Border,2022-02-01,46.450335,-67.78484,0,235
127,Bridgewater,Maine,US-Canada Border,2022-03-01,46.450335,-67.78484,0,340
127,Bridgewater,Maine,US-Canada Border,2022-04-01,46.450335,-67.78484,0,364
127,Bridgewater,Maine,US-Canada Border,2022-05-01,46.450335,-67.78484,0,565
127,Bridgewater,Maine,US-Canada Border,2022-06-01,46.450335,-67.78484,0,360
127,Bridgewater,Maine,US-Canada Border,2022-07-01,46.450335,-67.78484,0,241
127,Bridgewater,Maine,US-Canada Border,2022-08-01,46.450335,-67.78484,0,270
127,Bridgewater,Maine,US-Canada Border,2022-09-01,46.450335,-67.78484,0,332
127,Bridgewater,Maine,US-Canada Border,2022-10-01,46.450335,-67.78484,0,292
127,Bridgewater,Maine,US-Canada Border,2022-11-01,46.450335,-67.78484,0,300
127,Bridgewater,Maine,US-Canada Border,2022-12-01,46.450335,-67.78484,0,283
127,Bridgewater,Maine,US-Canada Border,2023-01-01,46.450335,-67.78484,0,317
127,Bridgewater,Maine,US-Canada Border,2023-02-01,46.450335,-67.78484,0,383
127,Bridgewater,Maine,US-Canada Border,2023-03-01,46.450335,-67.78484,0,362
127,Bridgewater,Maine,US-Canada Border,2023-04-01,46.450335,-67.78484,0,367
127,Bridgewater,Maine,US-Canada Border,2023-05-01,46.450335,-67.78484,0,677
127,Bridgewater,Maine,US-Canada Border,2023-06-01,46.450335,-67.78484,0,346
127,Bridgewater,Maine,US-Canada Border,2023-07-01,46.450335,-67.78484,0,202
127,Bridgewater,Maine,US-Canada Border,2023-08-01,46.450335,-67.78484,0,206
127,Bridgewater,Maine,US-Canada Border,2023-09-01,46.450335,-67.78484,0,352
127,Bridgewater,Maine,US-Canada Border,2023-10-01,46.450335,-67.78484,0,261
127,Bridgewater,Maine,US-Canada Border,2023-11-01,46.450335,-67.78484,0,316
127,Bridgewater,Maine,US-Canada Border,2023-12-01,46.450335,-67.78484,0,244
127,Bridgewater,Maine,US-Canada Border,2024-01-01,46.450335,-67.78484,0,318
127,Bridgewater,Maine,US-Canada Border,2024-02-01,46.450335,-67.78484,0,353
127,Bridgewater,Maine,US-Canada Border,2024-03-01,46.450335,-67.78484,0,370
127,Bridgewater,Maine,US-Canada Border,2024-04-01,46.450335,-67.78484,0,403
127,Bridgewater,Maine,US-Canada Border,2024-05-01,46.450335,-67.78484,0,576
127,Bridgewater,Maine,US-Canada Border,2024-06-01,46.450335,-67.78484,0,268
127,Bridgewater,Maine,US-Canada Border,2024-07-01,46.450335,-67.78484,0,258
127,Bridgewater,Maine,US-Canada Border,2024-08-01,46.450335,-67.78484,0,424
127,Bridgewater,Maine,US-Canada Border,2024-09-01,46.450335,-67.78484,0,264
127,Bridgewater,Maine,US-Canada Border,2024-10-01,46.450335,-67.78484,0,254
127,Bridgewater,Maine,US-Canada Border,2024-11-01,46.450335,-67.78484,0,305
127,Bridgewater,Maine,US-Canada Border,2024-12-01,46.450335,-67.78484,0,232
203,Richford,Vermont,US-Canada Border,2018-01-01,45.01174,-72.588559,11,604
203,Richford,Vermont,US-Canada Border,2018-02-01,45.01174,-72.588559,7,498
203,Richford,Vermont,US-Canada Border,2018-03-01,45.01174,-72.588559,10,475
203,Richford,Vermont,US-Canada Border,2018-04-01,45.01174,-72.588559,12,380
203,Richford,Vermont,US-Canada Border,2018-05-01,45.01174,-72.588559,10,377
203,Richford,Vermont,US-Canada Border,2018-06-01,45.01174,-72.588559,9,355
203,Richford,Vermont,US-Canada Border,2018-07-01,45.01174,-72.588559,7,425
203,Richford,Vermont,US-Canada Border,2018-08-01,45.01174,-72.588559,10,471
203,Richford,Vermont,US-Canada Border,2018-09-01,45.01174,-72.588559,8,389
203,Richford,Vermont,US-Canada Border,2018-10-01,45.01174,-72.588559,13,388
203,Richford,Vermont,US-Canada Border,2018-11-01,45.01174,-72.588559,9,347
203,Richford,Vermont,US-Canada Border,2018-12-01,45.01174,-72.588559,12,380
203,Richford,Vermont,US-Canada Border,2019-01-01,45.01174,-72.588559,19,440
203,Richford,Vermont,US-Canada Border,2019-02-01,45.01174,-72.588559,20,458
203,Richford,Vermont,US-Canada Border,2019-03-01,45.01174,-72.588559,15,401
203,Richford,Vermont,US-Canada Border,2019-04-01,45.01174,-72.588559,14,304
203,Richford,Vermont,US-Canada Border,2019-05-01,45.01174,-72.588559,12,333
203,Richford,Vermont,US-Canada Border,2019-06-01,45.01174,-72.588559,10,332
203,Richford,Vermont,US-Canada Border,2019-07-01,45.01174,-72.588559,16,399
203,Richford,Vermont,US-Canada Border,2019-08-01,45.01174,-72.588559,15,376
203,Richford,Vermont,US-Canada Border,2019-09-01,45.01174,-72.588559,14,355
203,Richford,Vermont,US-Canada Border,2019-10-01,45.01174,-72.588559,14,377
203,Richford,Vermont,US-Canada Border,2019-11-01,45.01174,-72.588559,13,319
203,Richford,Vermont,US-Canada Border,2019-12-01,45.01174,-72.588559,16,335
203,Richford,Vermont,US-Canada Border,2020-01-01,45.01174,-72.588559,16,408
203,Richford,Vermont,US-Canada Border,2020-02-01,45.01174,-72.588559,15,416
203,Richford,Vermont,US-Canada Border,2020-03-01,45.01174,-72.588559,16,355
203,Richford,Vermont,US-Canada Border,2020-04-01,45.01174,-72.588559,7,233
203,Richford,Vermont,US-Canada Border,2020-05-01,45.01174,-72.588559,5,222
203,Richford,Vermont,US-Canada Border,2020-06-01,45.01174,-72.588559,8,315
203,Richford,Vermont,US-Canada Border,2020-07-01,45.01174,-72.588559,13,288
203,Richford,Vermont,US-Canada Border,2020-08-01,45.01174,-72.588559,10,300
203,Richford,Vermont,US-Canada Border,2020-09-01,45.01174,-72.588559,13,337
203,Richford,Vermont,US-Canada Border,2020-10-01,45.01174,-72.588559,16,337
203,Richford,Vermont,US-Canada Border,2020-11-01,45.01174,-72.588559,13,290
203,Richford,Vermont,US-Canada Border,2020-12-01,45.01174,-72.588559,12,299
203,Richford,Vermont,US-Canada Border,2021-01-01,45.01174,-72.588559,13,436
203,Richford,Vermont,US-Canada Border,2021-02-01,45.01174,-72.588559,10,482
203,Richford,Vermont,US-Canada Border,2021-03-01,45.01174,-72.588559,14,466
203,Richford,Vermont,US-Canada Border,2021-04-01,45.01174,-72.588559,12,368
203,Richford,Vermont,US-Canada Border,2021-05-01,45.01174,-72.588559,12,326
203,Richford,Vermont,US-Canada Border,2021-06-01,45.01174,-72.588559,13,337
203,Richford,Vermont,US-Canada Border,2021-07-01,45.01174,-72.588559,12,323
203,Richford,Vermont,US-Canada Border,2021-08-01,45.01174,-72.588559,13,322
203,Richford,Vermont,US-Canada Border,2021-09-01,45.01174,-72.588559,12,313
203,Richford,Vermont,US-Canada Border,2021-10-01,45.01174,-72.588559,13,349
203,Richford,Vermont,US-Canada Border,2021-11-01,45.01174,-72.588559,13,366
203,Richford,Vermont,US-Canada Border,2021-12-01,45.01174,-72.588559,12,329
203,Richford,Vermont,US-Canada Border,2022-01-01,45.01174,-72.588559,12,481
203,Richford,Vermont,US-Canada Border,2022-02-01,45.01174,-72.588559,11,397
203,Richford,Vermont,US-Canada Border,2022-03-01,45.01174,-72.588559,11,383
203,Richford,Vermont,US-Canada Border,2022-04-01,45.01174,-72.588559,7,279
203,Richford,Vermont,US-Canada Border,2022-05-01,45.01174,-72.588559,4,295
203,Richford,Vermont,US-Canada Border,2022-06-01,45.01174,-72.588559,5,1193
203,Richford,Vermont,US-Canada Border,2022-07-01,45.01174,-72.588559,5,320
203,Richford,Vermont,US-Canada Border,2022-08-01,45.01174,-72.588559,9,293
203,Richford,Vermont,US-Canada Border,2022-09-01,45.01174,-72.588559,4,322
203,Richford,Vermont,US-Canada Border,2022-10-01,45.01174,-72.588559,7,248
203,Richford,Vermont,US-Canada Border,2022-11-01,45.01174,-72.588559,6,268
203,Richford,Vermont,US-Canada Border,2022-12-01,45.01174,-72.588559,5,265
203,Richford,Vermont,US-Canada Border,2023-01-01,45.01174,-72.588559,6,326
203,Richford,Vermont,US-Canada Border,2023-02-01,45.01174,-72.588559,12,335
203,Richford,Vermont,US-Canada Border,2023-03-01,45.01174,-72.588559,15,281
203,Richford,Vermont,US-Canada Border,2023-04-01,45.01174,-72.588559,12,195
203,Richford,Vermont,US-Canada Border,2023-05-01,45.01174,-72.588559,18,286
203,Richford,Vermont,US-Canada Border,2023-06-01,45.01174,-72.588559,14,284
203,Richford,Vermont,US-Canada Border,2023-07-01,45.01174,-72.588559,15,268
203,Richford,Vermont,US-Canada Border,2023-08-01,45.01174,-72.588559,13,189
203,Richford,Vermont,US-Canada Border,2023-09-01,45.01174,-72.588559,13,234
203,Richford,Vermont,US-Canada Border,2023-10-01,45.01174,-72.588559,14,257
203,Richford,Vermont,US-Canada Border,2023-11-01,45.01174,-72.588559,13,233
203,Richford,Vermont,US-Canada Border,2023-12-01,45.01174,-72.588559,13,242
203,Richford,Vermont,US-Canada Border,2024-01-01,45.01174,-72.588559,13,301
203,Richford,Vermont,US-Canada Border,2024-02-01,45.01174,-72.588559,12,279
203,Richford,Vermont,US-Canada Border,2024-03-01,45.01174,-72.588559,16,236
203,Richford,Vermont,US-Canada Border,2024-04-01,45.01174,-72.588559,14,248
203,Richford,Vermont,US-Canada Border,2024-05-01,45.01174,-72.588559,16,241
203,Richford,Vermont,US-Canada Border,2024-06-01,45.01174,-72.588559,14,214
203,Richford,Vermont,US-Canada Border,2024-07-01,45.01174,-72.588559,13,237
203,Richford,Vermont,US-Canada Border,2024-08-01,45.01174,-72.588559,11,188
203,Richford,Vermont,US-Canada Border,2024-09-01,45.01174,-72.588559,12,199
203,Richford,Vermont,US-Canada Border,2024-10-01,45.01174,-72.588559,15,230
203,Richford,Vermont,US-Canada Border,2024-11-01,45.01174,-72.588559,16,196
203,Richford,Vermont,US-Canada Border,2024-12-01,45.01174,-72.588559,16,140
206,Beecher Falls,Vermont,US-Canada Border,2018-01-01,45.013411,-71.505309,0,928
206,Beecher Falls,Vermont,US-Canada Border,2018-02-01,45.013411,-71.505309,0,1003
206,Beecher Falls,Vermont,US-Canada Border,2018-03-01,45.013411,-71.505309,0,969
206,Beecher Falls,Vermont,US-Canada Border,2018-04-01,45.013411,-71.505309,0,738
206,Beecher Falls,Vermont,US-Canada Border,2018-05-01,45.013411,-71.505309,0,760
206,Beecher Falls,Vermont,US-Canada Border,2018-06-01,45.013411,-71.505309,0,942
206,Beecher Falls,Vermont,US-Canada Border,2018-07-01,45.013411,-71.505309,0,779
206,Beecher Falls,Vermont,US-Canada Border,2018-08-01,45.013411,-71.505309,0,807
206,Beecher Falls,Vermont,US-Canada Border,2018-09-01,45.013411,-71.505309,0,834
206,Beecher Falls,Vermont,US-Canada Border,2018-10-01,45.013411,-71.505309,0,936
206,Beecher Falls,Vermont,US-Canada Border,2018-11-01,45.013411,-71.505309,0,875
206,Beecher Falls,Vermont,US-Canada Border,2018-12-01,45.013411,-71.505309,0,698
206,Beecher Falls,Vermont,US-Canada Border,2019-01-01,45.013411,-71.505309,0,891
206,Beecher Falls,Vermont,US-Canada Border,2019-02-01,45.013411,-71.505309,0,907
206,Beecher Falls,Vermont,US-Canada Border,2019-03-01,45.013411,-71.505309,0,901
206,Beecher Falls,Vermont,US-Canada Border,2019-04-01,45.013411,-71.505309,0,802
206,Beecher Falls,Vermont,US-Canada Border,2019-05-01,45.013411,-71.505309,0,727
206,Beecher Falls,Vermont,US-Canada Border,2019-06-01,45.013411,-71.505309,0,744
206,Beecher Falls,Vermont,US-Canada Border,2019-07-01,45.013411,-71.505309,0,766
206,Beecher Falls,Vermont,US-Canada Border,2019-08-01,45.013411,-71.505309,0,819
206,Beecher Falls,Vermont,US-Canada Border,2019-09-01,45.013411,-71.505309,0,818
206,Beecher Falls,Vermont,US-Canada Border,2019-10-01,45.013411,-71.505309,0,785
206,Beecher Falls,Vermont,US-Canada Border,2019-11-01,45.013411,-71.505309,0,763
206,Beecher Falls,Vermont,US-Canada Border,2019-12-01,45.013411,-71.505309,0,657
206,Beecher Falls,Vermont,US-Canada Border,2020-01-01,45.013411,-71.505309,0,879
206,Beecher Falls,Vermont,US-Canada Border,2020-02-01,45.013411,-71.505309,0,942
206,Beecher Falls,Vermont,US-Canada Border,2020-03-01,45.013411,-71.505309,0,854
206,Beecher Falls,Vermont,US-Canada Border,2020-04-01,45.013411,-71.505309,0,574
206,Beecher Falls,Vermont,US-Canada Border,2020-05-01,45.013411,-71.505309,0,735
206,Beecher Falls,Vermont,US-Canada Border,2020-06-01,45.013411,-71.505309,0,929
206,Beecher Falls,Vermont,US-Canada Border,2020-07-01,45.013411,-71.505309,0,779
206,Beecher Falls,Vermont,US-Canada Border,2020-08-01,45.013411,-71.505309,0,844
206,Beecher Falls,Vermont,US-Canada Border,2020-09-01,45.013411,-71.505309,0,931
206,Beecher Falls,Vermont,US-Canada Border,2020-10-01,45.013411,-71.505309,0,944
206,Beecher Falls,Vermont,US-Canada Border,2020-11-01,45.013411,-71.505309,0,825
206,Beecher Falls,Vermont,US-Canada Border,2020-12-01,45.013411,-71.505309,0,806
206,Beecher Falls,Vermont,US-Canada Border,2021-01-01,45.013411,-71.505309,0,963
206,Beecher Falls,Vermont,US-Canada Border,2021-02-01,45.013411,-71.505309,0,885
206,Beecher Falls,Vermont,US-Canada Border,2021-03-01,45.013411,-71.505309,0,986
206,Beecher Falls,Vermont,US-Canada Border,2021-04-01,45.013411,-71.505309,0,759
206,Beecher Falls,Vermont,US-Canada Border,2021-05-01,45.013411,-71.505309,0,680
206,Beecher Falls,Vermont,US-Canada Border,2021-06-01,45.013411,-71.505309,0,762
206,Beecher Falls,Vermont,US-Canada Border,2021-07-01,45.013411,-71.505309,0,658
206,Beecher Falls,Vermont,US-Canada Border,2021-08-01,45.013411,-71.505309,0,846
206,Beecher Falls,Vermont,US-Canada Border,2021-09-01,45.013411,-71.505309,0,784
206,Beecher Falls,Vermont,US-Canada Border,2021-10-01,45.013411,-71.505309,0,778
206,Beecher Falls,Vermont,US-Canada Border,2021-11-01,45.013411,-71.505309,0,744
206,Beecher Falls,Vermont,US-Canada Border,2021-12-01,45.013411,-71.505309,0,705
206,Beecher Falls,Vermont,US-Canada Border,2022-01-01,45.013411,-71.505309,0,812
206,Beecher Falls,Vermont,US-Canada Border,2022-02-01,45.013411,-71.505309,0,800
206,Beecher Falls,Vermont,US-Canada Border,2022-03-01,45.013411,-71.505309,0,870
206,Beecher Falls,Vermont,US-Canada Border,2022-04-01,45.013411,-71.505309,0,657
206,Beecher Falls,Vermont,US-Canada Border,2022-05-01,45.013411,-71.505309,0,749
206,Beecher Falls,Vermont,US-Canada Border,2022-06-01,45.013411,-71.505309,0,778
206,Beecher Falls,Vermont,US-Canada Border,2022-07-01,45.013411,-71.505309,0,669
206,Beecher Falls,Vermont,US-Canada Border,2022-08-01,45.013411,-71.505309,0,786
206,Beecher Falls,Vermont,US-Canada Border,2022-09-01,45.013411,-71.505309,0,781
206,Beecher Falls,Vermont,US-Canada Border,2022-10-01,45.013411,-71.505309,0,817
206,Beecher Falls,Vermont,US-Canada Border,2022-11-01,45.013411,-71.505309,0,815
206,Beecher Falls,Vermont,US-Canada Border,2022-12-01,45.013411,-71.505309,0,763
206,Beecher Falls,Vermont,US-Canada Border,2023-01-01,45.013411,-71.505309,0,876
206,Beecher Falls,Vermont,US-Canada Border,2023-02-01,45.013411,-71.505309,0,827
206,Beecher Falls,Vermont,US-Canada Border,2023-03-01,45.013411,-71.505309,0,911
206,Beecher Falls,Vermont,US-Canada Border,2023-04-01,45.013411,-71.505309,0,912
206,Beecher Falls,Vermont,US-Canada Border,2023-05-01,45.013411,-71.505309,0,867
206,Beecher Falls,Vermont,US-Canada Border,2023-06-01,45.013411,-71.505309,0,595
206,Beecher Falls,Vermont,US-Canada Border,2023-07-01,45.013411,-71.505309,0,499
206,Beecher Falls,Vermont,US-Canada Border,2023-08-01,45.013411,-71.505309,0,422
206,Beecher Falls,Vermont,US-Canada Border,2023-09-01,45.013411,-71.505309,0,636
206,Beecher Falls,Vermont,US-Canada Border,2023-10-01,45.013411,-71.505309,0,727
206,Beecher Falls,Vermont,US-Canada Border,2023-11-01,45.013411,-71.505309,0,681
206,Beecher Falls,Vermont,US-Canada Border,2023-12-01,45.013411,-71.505309,0,562
206,Beecher Falls,Vermont,US-Canada Border,2024-01-01,45.013411,-71.505309,0,791
206,Beecher Falls,Vermont,US-Canada Border,2024-02-01,45.013411,-71.505309,0,766
206,Beecher Falls,Vermont,US-Canada Border,2024-03-01,45.013411,-71.505309,0,759
206,Beecher Falls,Vermont,US-Canada Border,2024-04-01,45.013411,-71.505309,0,773
206,Beecher Falls,Vermont,US-Canada Border,2024-05-01,45.013411,-71.505309,0,684
206,Beecher Falls,Vermont,US-Canada Border,2024-06-01,45.013411,-71.505309,0,632
206,Beecher Falls,Vermont,US-Canada Border,2024-07-01,45.013411,-71.505309,0,527
206,Beecher Falls,Vermont,US-Canada Border,2024-08-01,45.013411,-71.505309,0,654
206,Beecher Falls,Vermont,US-Canada Border,2024-09-01,45.013411,-71.505309,0,724
206,Beecher Falls,Vermont,US-Canada Border,2024-10-01,45.013411,-71.505309,0,766
206,Beecher Falls,Vermont,US-Canada Border,2024-11-01,45.013411,-71.505309,0,716
206,Beecher Falls,Vermont,US-Canada Border,2024-12-01,45.013411,-71.505309,0,579
209,Derby Line,Vermont,US-Canada Border,2018-01-01,45.005739,-72.099279,0,6846
209,Derby Line,Vermont,US-Canada Border,2018-02-01,45.005739,-72.099279,0,6765
209,Derby Line,Vermont,US-Canada Border,2018-03-01,45.005739,-72.099279,0,7098
209,Derby Line,Vermont,US-Canada Border,2018-04-01,45.005739,-72.099279,0,7856
209,Derby Line,Vermont,US-Canada Border,2018-05-01,45.005739,-72.099279,0,8542
209,Derby Line,Vermont,US-Canada Border,2018-06-01,45.005739,-72.099279,0,7597
209,Derby Line,Vermont,US-Canada Border,2018-07-01,45.005739,-72.099279,0,7440
209,Derby Line,Vermont,US-Canada Border,2018-08-01,45.005739,-72.099279,0,7879
209,Derby Line,Vermont,US-Canada Border,2018-09-01,45.005739,-72.099279,0,7674
209,Derby Line,Vermont,US-Canada Border,2018-10-01,45.005739,-72.099279,0,9328
209,Derby Line,Vermont,US-Canada Border,2018-11-01,45.005739,-72.099279,0,8198
209,Derby Line,Vermont,US-Canada Border,2018-12-01,45.005739,-72.099279,0,6368
209,Derby Line,Vermont,US-Canada Border,2019-01-01,45.005739,-72.099279,0,6991
209,Derby Line,Vermont,US-Canada Border,2019-02-01,45.005739,-72.099279,0,6595
209,Derby Line,Vermont,US-Canada Border,2019-03-01,45.005739,-72.099279,0,7107
209,Derby Line,Vermont,US-Canada Border,2019-04-01,45.005739,-72.099279,0,7544
209,Derby Line,Vermont,US-Canada Border,2019-05-01,45.005739,-72.099279,0,8080
209,Derby Line,Vermont,US-Canada Border,2019-06-01,45.005739,-72.099279,0,7341
209,Derby Line,Vermont,US-Canada Border,2019-07-01,45.005739,-72.099279,0,7451
209,Derby Line,Vermont,US-Canada Border,2019-08-01,45.005739,-72.099279,0,7598
209,Derby Line,Vermont,US-Canada Border,2019-09-01,45.005739,-72.099279,0,8162
209,Derby Line,Vermont,US-Canada Border,2019-10-01,45.005739,-72.099279,0,9115
209,Derby Line,Vermont,US-Canada Border,2019-11-01,45.005739,-72.099279,0,8161
209,Derby Line,Vermont,US-Canada Border,2019-12-01,45.005739,-72.099279,0,6662
209,Derby Line,Vermont,US-Canada Border,2020-01-01,45.005739,-72.099279,0,6985
209,Derby Line,Vermont,US-Canada Border,2020-02-01,45.005739,-72.099279,0,6402
209,Derby Line,Vermont,US-Canada Border,2020-03-01,45.005739,-72.099279,0,7563
209,Derby Line,Vermont,US-Canada Border,2020-04-01,45.005739,-72.099279,0,5759
209,Derby Line,Vermont,US-Canada Border,2020-05-01,45.005739,-72.099279,0,6461
209,Derby Line,Vermont,US-Canada Border,2020-06-01,45.005739,-72.099279,0,7491
209,Derby Line,Vermont,US-Canada Border,2020-07-01,45.005739,-72.099279,0,7514
209,Derby Line,Vermont,US-Canada Border,2020-08-01,45.005739,-72.099279,0,7636
209,Derby Line,Vermont,US-Canada Border,2020-09-01,45.005739,-72.099279,0,8420
209,Derby Line,Vermont,US-Canada Border,2020-10-01,45.005739,-72.099279,0,8720
209,Derby Line,Vermont,US-Canada Border,2020-11-01,45.005739,-72.099279,0,8554
209,Derby Line,Vermont,US-Canada Border,2020-12-01,45.005739,-72.099279,0,6712
209,Derby Line,Vermont,US-Canada Border,2021-01-01,45.005739,-72.099279,0,6859
209,Derby Line,Vermont,US-Canada Border,2021-02-01,45.005739,-72.099279,0,6632
209,Derby Line,Vermont,US-Canada Border,2021-03-01,45.005739,-72.099279,0,7897
209,Derby Line,Vermont,US-Canada Border,2021-04-01,45.005739,-72.099279,0,7751
209,Derby Line,Vermont,US-Canada Border,2021-05-01,45.005739,-72.099279,0,7741
209,Derby Line,Vermont,US-Canada Border,2021-06-01,45.005739,-72.099279,0,7863
209,Derby Line,Vermont,US-Canada Border,2021-07-01,45.005739,-72.099279,0,6856
209,Derby Line,Vermont,US-Canada Border,2021-08-01,45.005739,-72.099279,0,7497
209,Derby Line,Vermont,US-Canada Border,2021-09-01,45.005739,-72.099279,0,7899
209,Derby Line,Vermont,US-Canada Border,2021-10-01,45.005739,-72.099279,0,8149
209,Derby Line,Vermont,US-Canada Border,2021-11-01,45.005739,-72.099279,0,8406
209,Derby Line,Vermont,US-Canada Border,2021-12-01,45.005739,-72.099279,0,6795
209,Derby Line,Vermont,US-Canada Border,2022-01-01,45.005739,-72.099279,0,6286
209,Derby Line,Vermont,US-Canada Border,2022-02-01,45.005739,-72.099279,0,5984
209,Derby Line,Vermont,US-Canada Border,2022-03-01,45.005739,-72.099279,0,7389
209,Derby Line,Vermont,US-Canada Border,2022-04-01,45.005739,-72.099279,0,7129
209,Derby Line,Vermont,US-Canada Border,2022-05-01,45.005739,-72.099279,0,7990
209,Derby Line,Vermont,US-Canada Border,2022-06-01,45.005739,-72.099279,0,6904
209,Derby Line,Vermont,US-Canada Border,2022-07-01,45.005739,-72.099279,0,6558
209,Derby Line,Vermont,US-Canada Border,2022-08-01,45.005739,-72.099279,0,7410
209,Derby Line,Vermont,US-Canada Border,2022-09-01,45.005739,-72.099279,0,7695
209,Derby Line,Vermont,US-Canada Border,2022-10-01,45.005739,-72.099279,0,7675
209,Derby Line,Vermont,US-Canada Border,2022-11-01,45.005739,-72.099279,0,7826
209,Derby Line,Vermont,US-Canada Border,2022-12-01,45.005739,-72.099279,0,6090
209,Derby Line,Vermont,US-Canada Border,2023-01-01,45.005739,-72.099279,0,6674
209,Derby Line,Vermont,US-Canada Border,2023-02-01,45.005739,-72.099279,0,6392
209,Derby Line,Vermont,US-Canada Border,2023-03-01,45.005739,-72.099279,0,7320
209,Derby Line,Vermont,US-Canada Border,2023-04-01,45.005739,-72.099279,0,6420
209,Derby Line,Vermont,US-Canada Border,2023-05-01,45.005739,-72.099279,0,7708
209,Derby Line,Vermont,US-Canada Border,2023-06-01,45.005739,-72.099279,0,7287
209,Derby Line,Vermont,US-Canada Border,2023-07-01,45.005739,-72.099279,0,6695
209,Derby Line,Vermont,US-Canada Border,2023-08-01,45.005739,-72.099279,0,6735
209,Derby Line,Vermont,US-Canada Border,2023-09-01,45.005739,-72.099279,0,6849
209,Derby Line,Vermont,US-Canada Border,2023-10-01,45.005739,-72.099279,0,7243
209,Derby Line,Vermont,US-Canada Border,2023-11-01,45.005739,-72.099279,0,7394
209,Derby Line,Vermont,US-Canada Border,2023-12-01,45.005739,-72.099279,0,5762
209,Derby Line,Vermont,US-Canada Border,2024-01-01,45.005739,-72.099279,0,5965
209,Derby Line,Vermont,US-Canada Border,2024-02-01,45.005739,-72.099279,0,6373
209,Derby Line,Vermont,US-Canada Border,2024-03-01,45.005739,-72.099279,0,6342
209,Derby Line,Vermont,US-Canada Border,2024-04-01,45.005739,-72.099279,0,7134
209,Derby Line,Vermont,US-Canada Border,2024-05-01,45.005739,-72.099279,0,7229
209,Derby Line,Vermont,US-Canada Border,2024-06-01,45.005739,-72.099279,0,6649
209,Derby Line,Vermont,US-Canada Border,2024-07-01,45.005739,-72.099279,0,6960
209,Derby Line,Vermont,US-Canada Border,2024-08-01,45.005739,-72.099279,0,7250
209,Derby Line,Vermont,US-Canada Border,2024-09-01,45.005739,-72.099279,0,7312
209,Derby Line,Vermont,US-Canada Border,2024-10-01,45.005739,-72.099279,0,8133
209,Derby Line,Vermont,US-Canada Border,2024-11-01,45.005739,-72.099279,0,7568
209,Derby Line,Vermont,US-Canada Border,2024-12-01,45.005739,-72.099279,0,5984
211,Norton,Vermont,US-Canada Border,2018-01-01,45.010771,-71.793219,15,921
211,Norton,Vermont,US-Canada Border,2018-02-01,45.010771,-71.793219,17,882
211,Norton,Vermont,US-Canada Border,2018-03-01,45.010771,-71.793219,15,922
211,Norton,Vermont,US-Canada Border,2018-04-01,45.010771,-71.793219,15,1016
211,Norton,Vermont,US-Canada Border,2018-05-01,45.010771,-71.793219,17,1142
211,Norton,Vermont,US-Canada Border,2018-06-01,45.010771,-71.793219,17,1122
211,Norton,Vermont,US-Canada Border,2018-07-01,45.010771,-71.793219,16,964
211,Norton,Vermont,US-Canada Border,2018-08-01,45.010771,-71.793219,17,1059
211,Norton,Vermont,US-Canada Border,2018-09-01,45.010771,-71.793219,15,1025
211,Norton,Vermont,US-Canada Border,2018-10-01,45.010771,-71.793219,16,1113
211,Norton,Vermont,US-Canada Border,2018-11-01,45.010771,-71.793219,17,1065
211,Norton,Vermont,US-Canada Border,2018-12-01,45.010771,-71.793219,16,881
211,Norton,Vermont,US-Canada Border,2019-01-01,45.010771,-71.793219,19,940
211,Norton,Vermont,US-Canada Border,2019-02-01,45.010771,-71.793219,16,929
211,Norton,Vermont,US-Canada Border,2019-03-01,45.010771,-71.793219,19,999
211,Norton,Vermont,US-Canada Border,2019-04-01,45.010771,-71.793219,18,977
211,Norton,Vermont,US-Canada Border,2019-05-01,45.010771,-71.793219,15,1076
211,Norton,Vermont,US-Canada Border,2019-06-01,45.010771,-71.793219,14,923
211,Norton,Vermont,US-Canada Border,2019-07-01,45.010771,-71.793219,20,875
211,Norton,Vermont,US-Canada Border,2019-08-01,45.010771,-71.793219,22,920
211,Norton,Vermont,US-Canada Border,2019-09-01,45.010771,-71.793219,20,949
211,Norton,Vermont,US-Canada Border,2019-10-01,45.010771,-71.793219,18,1046
211,Norton,Vermont,US-Canada Border,2019-11-01,45.010771,-71.793219,13,929
211,Norton,Vermont,US-Canada Border,2019-12-01,45.010771,-71.793219,19,750
211,Norton,Vermont,US-Canada Border,2020-01-01,45.010771,-71.793219,22,781
211,Norton,Vermont,US-Canada Border,2020-02-01,45.010771,-71.793219,18,723
211,Norton,Vermont,US-Canada Border,2020-03-01,45.010771,-71.793219,22,763
211,Norton,Vermont,US-Canada Border,2020-04-01,45.010771,-71.793219,17,584
211,Norton,Vermont,US-Canada Border,2020-05-01,45.010771,-71.793219,13,638
211,Norton,Vermont,US-Canada Border,2020-06-01,45.010771,-71.793219,13,659
211,Norton,Vermont,US-Canada Border,2020-07-01,45.010771,-71.793219,13,641
211,Norton,Vermont,US-Canada Border,2020-08-01,45.010771,-71.793219,14,687
211,Norton,Vermont,US-Canada Border,2020-09-01,45.010771,-71.793219,14,799
211,Norton,Vermont,US-Canada Border,2020-10-01,45.010771,-71.793219,18,754
211,Norton,Vermont,US-Canada Border,2020-11-01,45.010771,-71.793219,19,706
211,Norton,Vermont,US-Canada Border,2020-12-01,45.010771,-71.793219,16,518
211,Norton,Vermont,US-Canada Border,2021-01-01,45.010771,-71.793219,20,588
211,Norton,Vermont,US-Canada Border,2021-02-01,45.010771,-71.793219,18,617
211,Norton,Vermont,US-Canada Border,2021-03-01,45.010771,-71.793219,20,666
211,Norton,Vermont,US-Canada Border,2021-04-01,45.010771,-71.793219,18,634
211,Norton,Vermont,US-Canada Border,2021-05-01,45.010771,-71.793219,15,667
211,Norton,Vermont,US-Canada Border,2021-06-01,45.010771,-71.793219,14,635
211,Norton,Vermont,US-Canada Border,2021-07-01,45.010771,-71.793219,15,528
211,Norton,Vermont,US-Canada Border,2021-08-01,45.010771,-71.793219,15,666
211,Norton,Vermont,US-Canada Border,2021-09-01,45.010771,-71.793219,14,670
211,Norton,Vermont,US-Canada Border,2021-10-01,45.010771,-71.793219,16,633
211,Norton,Vermont,US-Canada Border,2021-11-01,45.010771,-71.793219,16,609
211,Norton,Vermont,US-Canada Border,2021-12-01,45.010771,-71.793219,19,516
211,Norton,Vermont,US-Canada Border,2022-01-01,45.010771,-71.793219,22,581
211,Norton,Vermont,US-Canada Border,2022-02-01,45.010771,-71.793219,20,567
211,Norton,Vermont,US-Canada Border,2022-03-01,45.010771,-71.793219,22,593
211,Norton,Vermont,US-Canada Border,2022-04-01,45.010771,-71.793219,16,509
211,Norton,Vermont,US-Canada Border,2022-05-01,45.010771,-71.793219,16,585
211,Norton,Vermont,US-Canada Border,2022-06-01,45.010771,-71.793219,14,561
211,Norton,Vermont,US-Canada Border,2022-07-01,45.010771,-71.793219,13,493
211,Norton,Vermont,US-Canada Border,2022-08-01,45.010771,-71.793219,12,581
211,Norton,Vermont,US-Canada Border,2022-09-01,45.010771,-71.793219,17,542
211,Norton,Vermont,US-Canada Border,2022-10-01,45.010771,-71.793219,15,481
211,Norton,Vermont,US-Canada Border,2022-11-01,45.010771,-71.793219,15,515
211,Norton,Vermont,US-Canada Border,2022-12-01,45.010771,-71.793219,14,338
211,Norton,Vermont,US-Canada Border,2023-01-01,45.010771,-71.793219,18,450
211,Norton,Vermont,US-Canada Border,2023-02-01,45.010771,-71.793219,15,423
211,Norton,Vermont,US-Canada Border,2023-03-01,45.010771,-71.793219,17,490
211,Norton,Vermont,US-Canada Border,2023-04-01,45.010771,-71.793219,13,426
211,Norton,Vermont,US-Canada Border,2023-05-01,45.010771,-71.793219,10,496
211,Norton,Vermont,US-Canada Border,2023-06-01,45.010771,-71.793219,10,462
211,Norton,Vermont,US-Canada Border,2023-07-01,45.010771,-71.793219,8,422
211,Norton,Vermont,US-Canada Border,2023-08-01,45.010771,-71.793219,9,397
211,Norton,Vermont,US-Canada Border,2023-09-01,45.010771,-71.793219,13,520
211,Norton,Vermont,US-Canada Border,2023-10-01,45.010771,-71.793219,12,479
211,Norton,Vermont,US-Canada Border,2023-11-01,45.010771,-71.793219,16,506
211,Norton,Vermont,US-Canada Border,2023-12-01,45.010771,-71.793219,12,358
211,Norton,Vermont,US-Canada Border,2024-01-01,45.010771,-71.793219,16,430
211,Norton,Vermont,US-Canada Border,2024-02-01,45.010771,-71.793219,14,459
211,Norton,Vermont,US-Canada Border,2024-03-01,45.010771,-71.793219,14,417
211,Norton,Vermont,US-Canada Border,2024-04-01,45.010771,-71.793219,12,472
211,Norton,Vermont,US-Canada Border,2024-05-01,45.010771,-71.793219,9,506
211,Norton,Vermont,US-Canada Border,2024-06-01,45.010771,-71.793219,11,460
211,Norton,Vermont,US-Canada Border,2024-07-01,45.010771,-71.793219,7,380
211,Norton,Vermont,US-Canada Border,2024-08-01,45.010771,-71.793219,9,471
211,Norton,Vermont,US-Canada Border,2024-09-01,45.010771,-71.793219,8,556
211,Norton,Vermont,US-Canada Border,2024-10-01,45.010771,-71.793219,11,541
211,Norton,Vermont,US-Canada Border,2024-11-01,45.010771,-71.793219,9,516
211,Norton,Vermont,US-Canada Border,2024-12-01,45.010771,-71.793219,11,392
212,Highgate Springs,Vermont,US-Canada Border,2018-01-01,45.015414,-73.085037,25,8240
212,Highgate Springs,Vermont,US-Canada Border,2018-02-01,45.015414,-73.085037,24,7368
212,Highgate Springs,Vermont,US-Canada Border,2018-03-01,45.015414,-73.085037,29,8203
212,Highgate Springs,Vermont,US-Canada Border,2018-04-01,45.015414,-73.085037,30,8396
212,Highgate Springs,Vermont,US-Canada Border,2018-05-01,45.015414,-73.085037,23,9201
212,Highgate Springs,Vermont,US-Canada Border,2018-06-01,45.015414,-73.085037,20,8410
212,Highgate Springs,Vermont,US-Canada Border,2018-07-01,45.015414,-73.085037,22,8291
212,Highgate Springs,Vermont,US-Canada Border,2018-08-01,45.015414,-73.085037,26,8770
212,Highgate Springs,Vermont,US-Canada Border,2018-09-01,45.015414,-73.085037,24,8010
212,Highgate Springs,Vermont,US-Canada Border,2018-10-01,45.015414,-73.085037,18,9109
212,Highgate Springs,Vermont,US-Canada Border,2018-11-01,45.015414,-73.085037,21,7853
212,Highgate Springs,Vermont,US-Canada Border,2018-12-01,45.015414,-73.085037,29,7208
212,Highgate Springs,Vermont,US-Canada Border,2019-01-01,45.015414,-73.085037,31,8184
212,Highgate Springs,Vermont,US-Canada Border,2019-02-01,45.015414,-73.085037,24,7258
212,Highgate Springs,Vermont,US-Canada Border,2019-03-01,45.015414,-73.085037,25,8089
212,Highgate Springs,Vermont,US-Canada Border,2019-04-01,45.015414,-73.085037,24,8261
212,Highgate Springs,Vermont,US-Canada Border,2019-05-01,45.015414,-73.085037,18,8796
212,Highgate Springs,Vermont,US-Canada Border,2019-06-01,45.015414,-73.085037,18,7984
212,Highgate Springs,Vermont,US-Canada Border,2019-07-01,45.015414,-73.085037,16,8601
212,Highgate Springs,Vermont,US-Canada Border,2019-08-01,45.015414,-73.085037,18,8341
212,Highgate Springs,Vermont,US-Canada Border,2019-09-01,45.015414,-73.085037,17,8369
212,Highgate Springs,Vermont,US-Canada Border,2019-10-01,45.015414,-73.085037,23,9004
212,Highgate Springs,Vermont,US-Canada Border,2019-11-01,45.015414,-73.085037,25,7752
212,Highgate Springs,Vermont,US-Canada Border,2019-12-01,45.015414,-73.085037,29,7587
212,Highgate Springs,Vermont,US-Canada Border,2020-01-01,45.015414,-73.085037,19,8389
212,Highgate Springs,Vermont,US-Canada Border,2020-02-01,45.015414,-73.085037,19,7640
212,Highgate Springs,Vermont,US-Canada Border,2020-03-01,45.015414,-73.085037,18,8358
212,Highgate Springs,Vermont,US-Canada Border,2020-04-01,45.015414,-73.085037,15,6684
212,Highgate Springs,Vermont,US-Canada Border,2020-05-01,45.015414,-73.085037,14,7196
212,Highgate Springs,Vermont,US-Canada Border,2020-06-01,45.015414,-73.085037,13,7965
212,Highgate Springs,Vermont,US-Canada Border,2020-07-01,45.015414,-73.085037,14,8004
212,Highgate Springs,Vermont,US-Canada Border,2020-08-01,45.015414,-73.085037,13,8127
212,Highgate Springs,Vermont,US-Canada Border,2020-09-01,45.015414,-73.085037,18,8717
212,Highgate Springs,Vermont,US-Canada Border,2020-10-01,45.015414,-73.085037,21,8987
212,Highgate Springs,Vermont,US-Canada Border,2020-11-01,45.015414,-73.085037,23,8434
212,Highgate Springs,Vermont,US-Canada Border,2020-12-01,45.015414,-73.085037,25,8050
212,Highgate Springs,Vermont,US-Canada Border,2021-01-01,45.015414,-73.085037,20,8353
212,Highgate Springs,Vermont,US-Canada Border,2021-02-01,45.015414,-73.085037,20,7775
212,Highgate Springs,Vermont,US-Canada Border,2021-03-01,45.015414,-73.085037,22,8932
212,Highgate Springs,Vermont,US-Canada Border,2021-04-01,45.015414,-73.085037,19,8732
212,Highgate Springs,Vermont,US-Canada Border,2021-05-01,45.015414,-73.085037,15,8524
212,Highgate Springs,Vermont,US-Canada Border,2021-06-01,45.015414,-73.085037,13,8857
212,Highgate Springs,Vermont,US-Canada Border,2021-07-01,45.015414,-73.085037,13,8364
212,Highgate Springs,Vermont,US-Canada Border,2021-08-01,45.015414,-73.085037,13,8995
212,Highgate Springs,Vermont,US-Canada Border,2021-09-01,45.015414,-73.085037,12,8961
212,Highgate Springs,Vermont,US-Canada Border,2021-10-01,45.015414,-73.085037,13,8914
212,Highgate Springs,Vermont,US-Canada Border,2021-11-01,45.015414,-73.085037,13,8865
212,Highgate Springs,Vermont,US-Canada Border,2021-12-01,45.015414,-73.085037,13,8022
212,Highgate Springs,Vermont,US-Canada Border,2022-01-01,45.015414,-73.085037,11,8142
212,Highgate Springs,Vermont,US-Canada Border,2022-02-01,45.015414,-73.085037,12,7642
212,Highgate Springs,Vermont,US-Canada Border,2022-03-01,45.015414,-73.085037,14,9272
212,Highgate Springs,Vermont,US-Canada Border,2022-04-01,45.015414,-73.085037,13,8376
212,Highgate Springs,Vermont,US-Canada Border,2022-05-01,45.015414,-73.085037,14,9056
212,Highgate Springs,Vermont,US-Canada Border,2022-06-01,45.015414,-73.085037,13,8786
212,Highgate Springs,Vermont,US-Canada Border,2022-07-01,45.015414,-73.085037,16,8125
212,Highgate Springs,Vermont,US-Canada Border,2022-08-01,45.015414,-73.085037,15,8838
212,Highgate Springs,Vermont,US-Canada Border,2022-09-01,45.015414,-73.085037,17,8631
212,Highgate Springs,Vermont,US-Canada Border,2022-10-01,45.015414,-73.085037,15,8983
212,Highgate Springs,Vermont,US-Canada Border,2022-11-01,45.015414,-73.085037,18,8273
212,Highgate Springs,Vermont,US-Canada Border,2022-12-01,45.015414,-73.085037,21,7421
212,Highgate Springs,Vermont,US-Canada Border,2023-01-01,45.015414,-73.085037,23,7979
212,Highgate Springs,Vermont,US-Canada Border,2023-02-01,45.015414,-73.085037,22,7463
212,Highgate Springs,Vermont,US-Canada Border,2023-03-01,45.015414,-73.085037,23,8531
212,Highgate Springs,Vermont,US-Canada Border,2023-04-01,45.015414,-73.085037,20,7266
212,Highgate Springs,Vermont,US-Canada Border,2023-05-01,45.015414,-73.085037,23,8485
212,Highgate Springs,Vermont,US-Canada Border,2023-06-01,45.015414,-73.085037,19,7512
212,Highgate Springs,Vermont,US-Canada Border,2023-07-01,45.015414,-73.085037,15,7309
212,Highgate Springs,Vermont,US-Canada Border,2023-08-01,45.015414,-73.085037,14,8164
212,Highgate Springs,Vermont,US-Canada Border,2023-09-01,45.015414,-73.085037,13,7946
212,Highgate Springs,Vermont,US-Canada Border,2023-10-01,45.015414,-73.085037,14,8625
212,Highgate Springs,Vermont,US-Canada Border,2023-11-01,45.015414,-73.085037,13,8274
212,Highgate Springs,Vermont,US-Canada Border,2023-12-01,45.015414,-73.085037,17,7090
212,Highgate Springs,Vermont,US-Canada Border,2024-01-01,45.015414,-73.085037,21,7835
212,Highgate Springs,Vermont,US-Canada Border,2024-02-01,45.015414,-73.085037,20,7779
212,Highgate Springs,Vermont,US-Canada Border,2024-03-01,45.015414,-73.085037,18,8137
212,Highgate Springs,Vermont,US-Canada Border,2024-04-01,45.015414,-73.085037,13,8409
212,Highgate Springs,Vermont,US-Canada Border,2024-05-01,45.015414,-73.085037,12,8596
212,Highgate Springs,Vermont,US-Canada Border,2024-06-01,45.015414,-73.085037,13,7613
212,Highgate Springs,Vermont,US-Canada Border,2024-07-01,45.015414,-73.085037,13,8333
212,Highgate Springs,Vermont,US-Canada Border,2024-08-01,45.015414,-73.085037,13,7939
212,Highgate Springs,Vermont,US-Canada Border,2024-09-01,45.015414,-73.085037,10,7957
212,Highgate Springs,Vermont,US-Canada Border,2024-10-01,45.015414,-73.085037,16,8921
212,Highgate Springs,Vermont,US-Canada Border,2024-11-01,45.015414,-73.085037,17,7427
212,Highgate Springs,Vermont,US-Canada Border,2024-12-01,45.015414,-73.085037,17,7495
701,Ogdensburg,New York,US-Canada Border,2018-01-01,44.7330898624,-75.4577501759,0,3361
701,Ogdensburg,New York,US-Canada Border,2018-02-01,44.7330898624,-75.4577501759,0,2999
701,Ogdensburg,New York,US-Canada Border,2018-03-01,44.7330898624,-75.4577501759,0,3449
701,Ogdensburg,New York,US-Canada Border,2018-04-01,44.7330898624,-75.4577501759,0,3602
701,Ogdensburg,New York,US-Canada Border,2018-05-01,44.7330898624,-75.4577501759,0,3838
701,Ogdensburg,New York,US-Canada Border,2018-06-01,44.7330898624,-75.4577501759,0,3592
701,Ogdensburg,New York,US-Canada Border,2018-07-01,44.7330898624,-75.4577501759,0,3651
701,Ogdensburg,New York,US-Canada Border,2018-08-01,44.7330898624,-75.4577501759,0,3512
701,Ogdensburg,New York,US-Canada Border,2018-09-01,44.7330898624,-75.4577501759,0,3345
701,Ogdensburg,New York,US-Canada Border,2018-10-01,44.7330898624,-75.4577501759,0,3831
701,Ogdensburg,New York,US-Canada Border,2018-11-01,44.7330898624,-75.4577501759,0,3487
701,Ogdensburg,New York,US-Canada Border,2018-12-01,44.7330898624,-75.4577501759,0,3034
701,Ogdensburg,New York,US-Canada Border,2019-01-01,44.7330898624,-75.4577501759,0,3356
701,Ogdensburg,New York,US-Canada Border,2019-02-01,44.7330898624,-75.4577501759,0,2997
701,Ogdensburg,New York,US-Canada Border,2019-03-01,44.7330898624,-75.4577501759,0,3203
701,Ogdensburg,New York,US-Canada Border,2019-04-01,44.7330898624,-75.4577501759,0,3643
701,Ogdensburg,New York,US-Canada Border,2019-05-01,44.7330898624,-75.4577501759,0,3694
701,Ogdensburg,New York,US-Canada Border,2019-06-01,44.7330898624,-75.4577501759,0,3349
701,Ogdensburg,New York,US-Canada Border,2019-07-01,44.7330898624,-75.4577501759,0,3370
701,Ogdensburg,New York,US-Canada Border,2019-08-01,44.7330898624,-75.4577501759,0,3368
701,Ogdensburg,New York,US-Canada Border,2019-09-01,44.7330898624,-75.4577501759,0,3517
701,Ogdensburg,New York,US-Canada Border,2019-10-01,44.7330898624,-75.4577501759,0,3694
701,Ogdensburg,New York,US-Canada Border,2019-11-01,44.7330898624,-75.4577501759,0,3326
701,Ogdensburg,New York,US-Canada Border,2019-12-01,44.7330898624,-75.4577501759,0,3041
701,Ogdensburg,New York,US-Canada Border,2020-01-01,44.7330898624,-75.4577501759,0,3288
701,Ogdensburg,New York,US-Canada Border,2020-02-01,44.7330898624,-75.4577501759,0,3253
701,Ogdensburg,New York,US-Canada Border,2020-03-01,44.7330898624,-75.4577501759,0,3460
701,Ogdensburg,New York,US-Canada Border,2020-04-01,44.7330898624,-75.4577501759,0,2582
701,Ogdensburg,New York,US-Canada Border,2020-05-01,44.7330898624,-75.4577501759,0,2431
701,Ogdensburg,New York,US-Canada Border,2020-06-01,44.7330898624,-75.4577501759,0,2896
701,Ogdensburg,New York,US-Canada Border,2020-07-01,44.7330898624,-75.4577501759,0,2819
701,Ogdensburg,New York,US-Canada Border,2020-08-01,44.7330898624,-75.4577501759,0,2842
701,Ogdensburg,New York,US-Canada Border,2020-09-01,44.7330898624,-75.4577501759,0,3463
701,Ogdensburg,New York,US-Canada Border,2020-10-01,44.7330898624,-75.4577501759,0,3393
701,Ogdensburg,New York,US-Canada Border,2020-11-01,44.7330898624,-75.4577501759,0,3400
701,Ogdensburg,New York,US-Canada Border,2020-12-01,44.7330898624,-75.4577501759,0,3336
701,Ogdensburg,New York,US-Canada Border,2021-01-01,44.7330898624,-75.4577501759,0,3427
701,Ogdensburg,New York,US-Canada Border,2021-02-01,44.7330898624,-75.4577501759,0,3334
701,Ogdensburg,New York,US-Canada Border,2021-03-01,44.7330898624,-75.4577501759,0,4262
701,Ogdensburg,New York,US-Canada Border,2021-04-01,44.7330898624,-75.4577501759,0,4224
701,Ogdensburg,New York,US-Canada Border,2021-05-01,44.7330898624,-75.4577501759,0,3730
701,Ogdensburg,New York,US-Canada Border,2021-06-01,44.7330898624,-75.4577501759,0,3613
701,Ogdensburg,New York,US-Canada Border,2021-07-01,44.7330898624,-75.4577501759,0,3119
701,Ogdensburg,New York,US-Canada Border,2021-08-01,44.7330898624,-75.4577501759,0,3198
701,Ogdensburg,New York,US-Canada Border,2021-09-01,44.7330898624,-75.4577501759,0,3259
701,Ogdensburg,New York,US-Canada Border,2021-10-01,44.7330898624,-75.4577501759,0,3034
701,Ogdensburg,New York,US-Canada Border,2021-11-01,44.7330898624,-75.4577501759,0,3614
701,Ogdensburg,New York,US-Canada Border,2021-12-01,44.7330898624,-75.4577501759,0,3237
701,Ogdensburg,New York,US-Canada Border,2022-01-01,44.7330898624,-75.4577501759,0,3152
701,Ogdensburg,New York,US-Canada Border,2022-02-01,44.7330898624,-75.4577501759,0,2856
701,Ogdensburg,New York,US-Canada Border,2022-03-01,44.7330898624,-75.4577501759,0,3444
701,Ogdensburg,New York,US-Canada Border,2022-04-01,44.7330898624,-75.4577501759,0,3155
701,Ogdensburg,New York,US-Canada Border,2022-05-01,44.7330898624,-75.4577501759,0,3508
701,Ogdensburg,New York,US-Canada Border,2022-06-01,44.7330898624,-75.4577501759,0,3460
701,Ogdensburg,New York,US-Canada Border,2022-07-01,44.7330898624,-75.4577501759,0,2943
701,Ogdensburg,New York,US-Canada Border,2022-08-01,44.7330898624,-75.4577501759,0,3191
701,Ogdensburg,New York,US-Canada Border,2022-09-01,44.7330898624,-75.4577501759,0,3161
701,Ogdensburg,New York,US-Canada Border,2022-10-01,44.7330898624,-75.4577501759,0,3299
701,Ogdensburg,New York,US-Canada Border,2022-11-01,44.7330898624,-75.4577501759,0,3103
701,Ogdensburg,New York,US-Canada Border,2022-12-01,44.7330898624,-75.4577501759,0,2790
701,Ogdensburg,New York,US-Canada Border,2023-01-01,44.7330898624,-75.4577501759,0,3076
701,Ogdensburg,New York,US-Canada Border,2023-02-01,44.7330898624,-75.4577501759,0,2803
701,Ogdensburg,New York,US-Canada Border,2023-03-01,44.7330898624,-75.4577501759,0,3182
701,Ogdensburg,New York,US-Canada Border,2023-04-01,44.7330898624,-75.4577501759,0,3040
701,Ogdensburg,New York,US-Canada Border,2023-05-01,44.7330898624,-75.4577501759,0,3435
701,Ogdensburg,New York,US-Canada Border,2023-06-01,44.7330898624,-75.4577501759,0,3157
701,Ogdensburg,New York,US-Canada Border,2023-07-01,44.7330898624,-75.4577501759,0,3202
701,Ogdensburg,New York,US-Canada Border,2023-08-01,44.7330898624,-75.4577501759,0,3111
701,Ogdensburg,New York,US-Canada Border,2023-09-01,44.7330898624,-75.4577501759,0,2998
701,Ogdensburg,New York,US-Canada Border,2023-10-01,44.7330898624,-75.4577501759,0,3291
701,Ogdensburg,New York,US-Canada Border,2023-11-01,44.7330898624,-75.4577501759,0,3139
701,Ogdensburg,New York,US-Canada Border,2023-12-01,44.7330898624,-75.4577501759,0,2650
701,Ogdensburg,New York,US-Canada Border,2024-01-01,44.7330898624,-75.4577501759,0,2958
701,Ogdensburg,New York,US-Canada Border,2024-02-01,44.7330898624,-75.4577501759,0,2822
701,Ogdensburg,New York,US-Canada Border,2024-03-01,44.7330898624,-75.4577501759,0,3015
701,Ogdensburg,New York,US-Canada Border,2024-04-01,44.7330898624,-75.4577501759,0,3494
701,Ogdensburg,New York,US-Canada Border,2024-05-01,44.7330898624,-75.4577501759,0,3268
701,Ogdensburg,New York,US-Canada Border,2024-06-01,44.7330898624,-75.4577501759,0,3106
701,Ogdensburg,New York,US-Canada Border,2024-07-01,44.7330898624,-75.4577501759,0,3200
701,Ogdensburg,New York,US-Canada Border,2024-08-01,44.7330898624,-75.4577501759,0,3094
701,Ogdensburg,New York,US-Canada Border,2024-09-01,44.7330898624,-75.4577501759,0,3145
701,Ogdensburg,New York,US-Canada Border,2024-10-01,44.7330898624,-75.4577501759,0,3659
701,Ogdensburg,New York,US-Canada Border,2024-11-01,44.7330898624,-75.4577501759,0,3126
701,Ogdensburg,New York,US-Canada Border,2024-12-01,44.7330898624,-75.4577501759,0,2602
704,Massena,New York,US-Canada Border,2018-01-01,44.990556,-74.739722,0,2075
704,Massena,New York,US-Canada Border,2018-02-01,44.990556,-74.739722,0,1826
704,Massena,New York,US-Canada Border,2018-03-01,44.990556,-74.739722,0,2114
704,Massena,New York,US-Canada Border,2018-04-01,44.990556,-74.739722,0,2215
704,Massena,New York,US-Canada Border,2018-05-01,44.990556,-74.739722,0,2545
704,Massena,New York,US-Canada Border,2018-06-01,44.990556,-74.739722,0,2336
704,Massena,New York,US-Canada Border,2018-07-01,44.990556,-74.739722,0,2617
704,Massena,New York,US-Canada Border,2018-08-01,44.990556,-74.739722,0,2483
704,Massena,New York,US-Canada Border,2018-09-01,44.990556,-74.739722,0,2321
704,Massena,New York,US-Canada Border,2018-10-01,44.990556,-74.739722,0,2463
704,Massena,New York,US-Canada Border,2018-11-01,44.990556,-74.739722,0,2120
704,Massena,New York,US-Canada Border,2018-12-01,44.990556,-74.739722,0,1741
704,Massena,New York,US-Canada Border,2019-01-01,44.990556,-74.739722,0,1967
704,Massena,New York,US-Canada Border,2019-02-01,44.990556,-74.739722,0,1987
704,Massena,New York,US-Canada Border,2019-03-01,44.990556,-74.739722,0,1978
704,Massena,New York,US-Canada Border,2019-04-01,44.990556,-74.739722,0,2102
704,Massena,New York,US-Canada Border,2019-05-01,44.990556,-74.739722,0,2298
704,Massena,New York,US-Canada Border,2019-06-01,44.990556,-74.739722,0,2268
704,Massena,New York,US-Canada Border,2019-07-01,44.990556,-74.739722,0,2402
704,Massena,New York,US-Canada Border,2019-08-01,44.990556,-74.739722,0,2329
704,Massena,New York,US-Canada Border,2019-09-01,44.990556,-74.739722,0,2438
704,Massena,New York,US-Canada Border,2019-10-01,44.990556,-74.739722,0,2317
704,Massena,New York,US-Canada Border,2019-11-01,44.990556,-74.739722,0,1917
704,Massena,New York,US-Canada Border,2019-12-01,44.990556,-74.739722,0,1946
704,Massena,New York,US-Canada Border,2020-01-01,44.990556,-74.739722,0,1973
704,Massena,New York,US-Canada Border,2020-02-01,44.990556,-74.739722,0,1673
704,Massena,New York,US-Canada Border,2020-03-01,44.990556,-74.739722,0,1783
704,Massena,New York,US-Canada Border,2020-04-01,44.990556,-74.739722,0,1591
704,Massena,New York,US-Canada Border,2020-05-01,44.990556,-74.739722,0,1953
704,Massena,New York,US-Canada Border,2020-06-01,44.990556,-74.739722,0,2346
704,Massena,New York,US-Canada Border,2020-07-01,44.990556,-74.739722,0,2158
704,Massena,New York,US-Canada Border,2020-08-01,44.990556,-74.739722,0,2320
704,Massena,New York,US-Canada Border,2020-09-01,44.990556,-74.739722,0,2347
704,Massena,New York,US-Canada Border,2020-10-01,44.990556,-74.739722,0,2256
704,Massena,New York,US-Canada Border,2020-11-01,44.990556,-74.739722,0,2119
704,Massena,New York,US-Canada Border,2020-12-01,44.990556,-74.739722,0,2219
704,Massena,New York,US-Canada Border,2021-01-01,44.990556,-74.739722,0,1864
704,Massena,New York,US-Canada Border,2021-02-01,44.990556,-74.739722,0,1648
704,Massena,New York,US-Canada Border,2021-03-01,44.990556,-74.739722,0,1915
704,Massena,New York,US-Canada Border,2021-04-01,44.990556,-74.739722,0,1980
704,Massena,New York,US-Canada Border,2021-05-01,44.990556,-74.739722,0,2146
704,Massena,New York,US-Canada Border,2021-06-01,44.990556,-74.739722,0,2307
704,Massena,New York,US-Canada Border,2021-07-01,44.990556,-74.739722,0,2334
704,Massena,New York,US-Canada Border,2021-08-01,44.990556,-74.739722,0,2479
704,Massena,New York,US-Canada Border,2021-09-01,44.990556,-74.739722,0,2497
704,Massena,New York,US-Canada Border,2021-10-01,44.990556,-74.739722,0,2436
704,Massena,New York,US-Canada Border,2021-11-01,44.990556,-74.739722,0,2289
704,Massena,New York,US-Canada Border,2021-12-01,44.990556,-74.739722,0,1907
704,Massena,New York,US-Canada Border,2022-01-01,44.990556,-74.739722,0,1717
704,Massena,New York,US-Canada Border,2022-02-01,44.990556,-74.739722,0,1493
704,Massena,New York,US-Canada Border,2022-03-01,44.990556,-74.739722,0,1933
704,Massena,New York,US-Canada Border,2022-04-01,44.990556,-74.739722,0,1645
704,Massena,New York,US-Canada Border,2022-05-01,44.990556,-74.739722,0,1844
704,Massena,New York,US-Canada Border,2022-06-01,44.990556,-74.739722,0,2255
704,Massena,New York,US-Canada Border,2022-07-01,44.990556,-74.739722,0,2167
704,Massena,New York,US-Canada Border,2022-08-01,44.990556,-74.739722,0,2331
704,Massena,New York,US-Canada Border,2022-09-01,44.990556,-74.739722,0,2394
704,Massena,New York,US-Canada Border,2022-10-01,44.990556,-74.739722,0,2263
704,Massena,New York,US-Canada Border,2022-11-01,44.990556,-74.739722,0,2317
704,Massena,New York,US-Canada Border,2022-12-01,44.990556,-74.739722,0,1974
704,Massena,New York,US-Canada Border,2023-01-01,44.990556,-74.739722,0,1834
704,Massena,New York,US-Canada Border,2023-02-01,44.990556,-74.739722,0,1673
704,Massena,New York,US-Canada Border,2023-03-01,44.990556,-74.739722,0,1864
704,Massena,New York,US-Canada Border,2023-04-01,44.990556,-74.739722,0,1760
704,Massena,New York,US-Canada Border,2023-05-01,44.990556,-74.739722,0,2160
704,Massena,New York,US-Canada Border,2023-06-01,44.990556,-74.739722,0,2170
704,Massena,New York,US-Canada Border,2023-07-01,44.990556,-74.739722,0,2047
704,Massena,New York,US-Canada Border,2023-08-01,44.990556,-74.739722,0,1666
704,Massena,New York,US-Canada Border,2023-09-01,44.990556,-74.739722,0,2007
704,Massena,New York,US-Canada Border,2023-10-01,44.990556,-74.739722,0,2167
704,Massena,New York,US-Canada Border,2023-11-01,44.990556,-74.739722,0,1872
704,Massena,New York,US-Canada Border,2023-12-01,44.990556,-74.739722,0,1729
704,Massena,New York,US-Canada Border,2024-01-01,44.990556,-74.739722,0,1840
704,Massena,New York,US-Canada Border,2024-02-01,44.990556,-74.739722,0,1650
704,Massena,New York,US-Canada Border,2024-03-01,44.990556,-74.739722,0,1578
704,Massena,New York,US-Canada Border,2024-04-01,44.990556,-74.739722,0,1864
704,Massena,New York,US-Canada Border,2024-05-01,44.990556,-74.739722,0,2019
704,Massena,New York,US-Canada Border,2024-06-01,44.990556,-74.739722,0,2062
704,Massena,New York,US-Canada Border,2024-07-01,44.990556,-74.739722,0,2268
704,Massena,New York,US-Canada Border,2024-08-01,44.990556,-74.739722,0,2075
704,Massena,New York,US-Canada Border,2024-09-01,44.990556,-74.739722,0,1965
704,Massena,New York,US-Canada Border,2024-10-01,44.990556,-74.739722,0,2225
704,Massena,New York,US-Canada Border,2024-11-01,44.990556,-74.739722,0,1880
704,Massena,New York,US-Canada Border,2024-12-01,44.990556,-74.739722,0,1513
708,Alexandria Bay,New York,US-Canada Border,2018-01-01,44.347229,-75.983592,0,16029
708,Alexandria Bay,New York,US-Canada Border,2018-02-01,44.347229,-75.983592,0,15384
708,Alexandria Bay,New York,US-Canada Border,2018-03-01,44.347229,-75.983592,0,16827
708,Alexandria Bay,New York,US-Canada Border,2018-04-01,44.347229,-75.983592,0,17748
708,Alexandria Bay,New York,US-Canada Border,2018-05-01,44.347229,-75.983592,0,18081
708,Alexandria Bay,New York,US-Canada Border,2018-06-01,44.347229,-75.983592,0,15981
708,Alexandria Bay,New York,US-Canada Border,2018-07-01,44.347229,-75.983592,0,16927
708,Alexandria Bay,New York,US-Canada Border,2018-08-01,44.347229,-75.983592,0,16486
708,Alexandria Bay,New York,US-Canada Border,2018-09-01,44.347229,-75.983592,0,16173
708,Alexandria Bay,New York,US-Canada Border,2018-10-01,44.347229,-75.983592,0,18156
708,Alexandria Bay,New York,US-Canada Border,2018-11-01,44.347229,-75.983592,0,15673
708,Alexandria Bay,New York,US-Canada Border,2018-12-01,44.347229,-75.983592,0,13543
708,Alexandria Bay,New York,US-Canada Border,2019-01-01,44.347229,-75.983592,0,15162
708,Alexandria Bay,New York,US-Canada Border,2019-02-01,44.347229,-75.983592,0,14584
708,Alexandria Bay,New York,US-Canada Border,2019-03-01,44.347229,-75.983592,0,16540
708,Alexandria Bay,New York,US-Canada Border,2019-04-01,44.347229,-75.983592,0,16952
708,Alexandria Bay,New York,US-Canada Border,2019-05-01,44.347229,-75.983592,0,16803
708,Alexandria Bay,New York,US-Canada Border,2019-06-01,44.347229,-75.983592,0,16278
708,Alexandria Bay,New York,US-Canada Border,2019-07-01,44.347229,-75.983592,0,16147
708,Alexandria Bay,New York,US-Canada Border,2019-08-01,44.347229,-75.983592,0,15663
708,Alexandria Bay,New York,US-Canada Border,2019-09-01,44.347229,-75.983592,0,16554
708,Alexandria Bay,New York,US-Canada Border,2019-10-01,44.347229,-75.983592,0,17932
708,Alexandria Bay,New York,US-Canada Border,2019-11-01,44.347229,-75.983592,0,15550
708,Alexandria Bay,New York,US-Canada Border,2019-12-01,44.347229,-75.983592,0,14424
708,Alexandria Bay,New York,US-Canada Border,2020-01-01,44.347229,-75.983592,0,16513
708,Alexandria Bay,New York,US-Canada Border,2020-02-01,44.347229,-75.983592,0,14897
708,Alexandria Bay,New York,US-Canada Border,2020-03-01,44.347229,-75.983592,0,17690
708,Alexandria Bay,New York,US-Canada Border,2020-04-01,44.347229,-75.983592,0,12702
708,Alexandria Bay,New York,US-Canada Border,2020-05-01,44.347229,-75.983592,0,12719
708,Alexandria Bay,New York,US-Canada Border,2020-06-01,44.347229,-75.983592,0,14737
708,Alexandria Bay,New York,US-Canada Border,2020-07-01,44.347229,-75.983592,0,14540
708,Alexandria Bay,New York,US-Canada Border,2020-08-01,44.347229,-75.983592,0,15519
708,Alexandria Bay,New York,US-Canada Border,2020-09-01,44.347229,-75.983592,0,15630
708,Alexandria Bay,New York,US-Canada Border,2020-10-01,44.347229,-75.983592,0,16052
708,Alexandria Bay,New York,US-Canada Border,2020-11-01,44.347229,-75.983592,0,16403
708,Alexandria Bay,New York,US-Canada Border,2020-12-01,44.347229,-75.983592,0,14460
708,Alexandria Bay,New York,US-Canada Border,2021-01-01,44.347229,-75.983592,0,15778
708,Alexandria Bay,New York,US-Canada Border,2021-02-01,44.347229,-75.983592,0,14229
708,Alexandria Bay,New York,US-Canada Border,2021-03-01,44.347229,-75.983592,0,17733
708,Alexandria Bay,New York,US-Canada Border,2021-04-01,44.347229,-75.983592,0,16309
708,Alexandria Bay,New York,US-Canada Border,2021-05-01,44.347229,-75.983592,0,16947
708,Alexandria Bay,New York,US-Canada Border,2021-06-01,44.347229,-75.983592,0,16774
708,Alexandria Bay,New York,US-Canada Border,2021-07-01,44.347229,-75.983592,0,15702
708,Alexandria Bay,New York,US-Canada Border,2021-08-01,44.347229,-75.983592,0,16942
708,Alexandria Bay,New York,US-Canada Border,2021-09-01,44.347229,-75.983592,0,16497
708,Alexandria Bay,New York,US-Canada Border,2021-10-01,44.347229,-75.983592,0,16392
708,Alexandria Bay,New York,US-Canada Border,2021-11-01,44.347229,-75.983592,0,16236
708,Alexandria Bay,New York,US-Canada Border,2021-12-01,44.347229,-75.983592,0,14090
708,Alexandria Bay,New York,US-Canada Border,2022-01-01,44.347229,-75.983592,0,14608
708,Alexandria Bay,New York,US-Canada Border,2022-02-01,44.347229,-75.983592,0,15083
708,Alexandria Bay,New York,US-Canada Border,2022-03-01,44.347229,-75.983592,0,17533
708,Alexandria Bay,New York,US-Canada Border,2022-04-01,44.347229,-75.983592,0,16260
708,Alexandria Bay,New York,US-Canada Border,2022-05-01,44.347229,-75.983592,0,17836
708,Alexandria Bay,New York,US-Canada Border,2022-06-01,44.347229,-75.983592,0,17062
708,Alexandria Bay,New York,US-Canada Border,2022-07-01,44.347229,-75.983592,0,15580
708,Alexandria Bay,New York,US-Canada Border,2022-08-01,44.347229,-75.983592,0,16471
708,Alexandria Bay,New York,US-Canada Border,2022-09-01,44.347229,-75.983592,0,15476
708,Alexandria Bay,New York,US-Canada Border,2022-10-01,44.347229,-75.983592,0,16722
708,Alexandria Bay,New York,US-Canada Border,2022-11-01,44.347229,-75.983592,0,15646
708,Alexandria Bay,New York,US-Canada Border,2022-12-01,44.347229,-75.983592,0,13008
708,Alexandria Bay,New York,US-Canada Border,2023-01-01,44.347229,-75.983592,0,15539
708,Alexandria Bay,New York,US-Canada Border,2023-02-01,44.347229,-75.983592,0,14820
708,Alexandria Bay,New York,US-Canada Border,2023-03-01,44.347229,-75.983592,0,16811
708,Alexandria Bay,New York,US-Canada Border,2023-04-01,44.347229,-75.983592,0,15322
708,Alexandria Bay,New York,US-Canada Border,2023-05-01,44.347229,-75.983592,0,17021
708,Alexandria Bay,New York,US-Canada Border,2023-06-01,44.347229,-75.983592,0,15800
708,Alexandria Bay,New York,US-Canada Border,2023-07-01,44.347229,-75.983592,0,14907
708,Alexandria Bay,New York,US-Canada Border,2023-08-01,44.347229,-75.983592,0,15443
708,Alexandria Bay,New York,US-Canada Border,2023-09-01,44.347229,-75.983592,0,15105
708,Alexandria Bay,New York,US-Canada Border,2023-10-01,44.347229,-75.983592,0,16761
708,Alexandria Bay,New York,US-Canada Border,2023-11-01,44.347229,-75.983592,0,15430
708,Alexandria Bay,New York,US-Canada Border,2023-12-01,44.347229,-75.983592,0,13502
708,Alexandria Bay,New York,US-Canada Border,2024-01-01,44.347229,-75.983592,0,15994
708,Alexandria Bay,New York,US-Canada Border,2024-02-01,44.347229,-75.983592,0,15685
708,Alexandria Bay,New York,US-Canada Border,2024-03-01,44.347229,-75.983592,0,16314
708,Alexandria Bay,New York,US-Canada Border,2024-04-01,44.347229,-75.983592,0,16604
708,Alexandria Bay,New York,US-Canada Border,2024-05-01,44.347229,-75.983592,0,16227
708,Alexandria Bay,New York,US-Canada Border,2024-06-01,44.347229,-75.983592,0,16142
708,Alexandria Bay,New York,US-Canada Border,2024-07-01,44.347229,-75.983592,0,15948
708,Alexandria Bay,New York,US-Canada Border,2024-08-01,44.347229,-75.983592,0,15107
708,Alexandria Bay,New York,US-Canada Border,2024-09-01,44.347229,-75.983592,0,16172
708,Alexandria Bay,New York,US-Canada Border,2024-10-01,44.347229,-75.983592,0,17308
708,Alexandria Bay,New York,US-Canada Border,2024-11-01,44.347229,-75.983592,0,15329
708,Alexandria Bay,New York,US-Canada Border,2024-12-01,44.347229,-75.983592,0,13586
712,Champlain Rouses Point,New York,US-Canada Border,2018-01-01,45.0088325953,-73.4526634854,87,25123
712,Champlain Rouses Point,New York,US-Canada Border,2018-02-01,45.0088325953,-73.4526634854,86,23234
712,Champlain Rouses Point,New York,US-Canada Border,2018-03-01,45.0088325953,-73.4526634854,95,25597
712,Champlain Rouses Point,New York,US-Canada Border,2018-04-01,45.0088325953,-73.4526634854,90,26392
712,Champlain Rouses Point,New York,US-Canada Border,2018-05-01,45.0088325953,-73.4526634854,101,27172
712,Champlain Rouses Point,New York,US-Canada Border,2018-06-01,45.0088325953,-73.4526634854,95,24903
712,Champlain Rouses Point,New York,US-Canada Border,2018-07-01,45.0088325953,-73.4526634854,101,26283
712,Champlain Rouses Point,New York,US-Canada Border,2018-08-01,45.0088325953,-73.4526634854,101,26933
712,Champlain Rouses Point,New York,US-Canada Border,2018-09-01,45.0088325953,-73.4526634854,94,25954
712,Champlain Rouses Point,New York,US-Canada Border,2018-10-01,45.0088325953,-73.4526634854,102,28981
712,Champlain Rouses Point,New York,US-Canada Border,2018-11-01,45.0088325953,-73.4526634854,96,25713
712,Champlain Rouses Point,New York,US-Canada Border,2018-12-01,45.0088325953,-73.4526634854,99,22115
712,Champlain Rouses Point,New York,US-Canada Border,2019-01-01,45.0088325953,-73.4526634854,71,25358
712,Champlain Rouses Point,New York,US-Canada Border,2019-02-01,45.0088325953,-73.4526634854,59,22724
712,Champlain Rouses Point,New York,US-Canada Border,2019-03-01,45.0088325953,-73.4526634854,70,24759
712,Champlain Rouses Point,New York,US-Canada Border,2019-04-01,45.0088325953,-73.4526634854,98,24964
712,Champlain Rouses Point,New York,US-Canada Border,2019-05-01,45.0088325953,-73.4526634854,102,25052
712,Champlain Rouses Point,New York,US-Canada Border,2019-06-01,45.0088325953,-73.4526634854,93,24016
712,Champlain Rouses Point,New York,US-Canada Border,2019-07-01,45.0088325953,-73.4526634854,67,25850
712,Champlain Rouses Point,New York,US-Canada Border,2019-08-01,45.0088325953,-73.4526634854,72,25106
712,Champlain Rouses Point,New York,US-Canada Border,2019-09-01,45.0088325953,-73.4526634854,73,26601
712,Champlain Rouses Point,New York,US-Canada Border,2019-10-01,45.0088325953,-73.4526634854,98,27733
712,Champlain Rouses Point,New York,US-Canada Border,2019-11-01,45.0088325953,-73.4526634854,89,23767
712,Champlain Rouses Point,New York,US-Canada Border,2019-12-01,45.0088325953,-73.4526634854,97,22435
712,Champlain Rouses Point,New York,US-Canada Border,2020-01-01,45.0088325953,-73.4526634854,68,23815
712,Champlain Rouses Point,New York,US-Canada Border,2020-02-01,45.0088325953,-73.4526634854,46,22589
712,Champlain Rouses Point,New York,US-Canada Border,2020-03-01,45.0088325953,-73.4526634854,64,24840
712,Champlain Rouses Point,New York,US-Canada Border,2020-04-01,45.0088325953,-73.4526634854,53,18734
712,Champlain Rouses Point,New York,US-Canada Border,2020-05-01,45.0088325953,-73.4526634854,50,20444
712,Champlain Rouses Point,New York,US-Canada Border,2020-06-01,45.0088325953,-73.4526634854,56,22643
712,Champlain Rouses Point,New York,US-Canada Border,2020-07-01,45.0088325953,-73.4526634854,58,22879
712,Champlain Rouses Point,New York,US-Canada Border,2020-08-01,45.0088325953,-73.4526634854,57,24545
712,Champlain Rouses Point,New York,US-Canada Border,2020-09-01,45.0088325953,-73.4526634854,60,25892
712,Champlain Rouses Point,New York,US-Canada Border,2020-10-01,45.0088325953,-73.4526634854,66,25486
712,Champlain Rouses Point,New York,US-Canada Border,2020-11-01,45.0088325953,-73.4526634854,68,25040
712,Champlain Rouses Point,New York,US-Canada Border,2020-12-01,45.0088325953,-73.4526634854,66,22440
712,Champlain Rouses Point,New York,US-Canada Border,2021-01-01,45.0088325953,-73.4526634854,68,23630
712,Champlain Rouses Point,New York,US-Canada Border,2021-02-01,45.0088325953,-73.4526634854,63,22378
712,Champlain Rouses Point,New York,US-Canada Border,2021-03-01,45.0088325953,-73.4526634854,63,26349
712,Champlain Rouses Point,New York,US-Canada Border,2021-04-01,45.0088325953,-73.4526634854,65,24235
712,Champlain Rouses Point,New York,US-Canada Border,2021-05-01,45.0088325953,-73.4526634854,59,24984
712,Champlain Rouses Point,New York,US-Canada Border,2021-06-01,45.0088325953,-73.4526634854,62,26056
712,Champlain Rouses Point,New York,US-Canada Border,2021-07-01,45.0088325953,-73.4526634854,59,23350
712,Champlain Rouses Point,New York,US-Canada Border,2021-08-01,45.0088325953,-73.4526634854,55,26039
712,Champlain Rouses Point,New York,US-Canada Border,2021-09-01,45.0088325953,-73.4526634854,55,26387
712,Champlain Rouses Point,New York,US-Canada Border,2021-10-01,45.0088325953,-73.4526634854,52,26894
712,Champlain Rouses Point,New York,US-Canada Border,2021-11-01,45.0088325953,-73.4526634854,44,26178
712,Champlain Rouses Point,New York,US-Canada Border,2021-12-01,45.0088325953,-73.4526634854,51,23119
712,Champlain Rouses Point,New York,US-Canada Border,2022-01-01,45.0088325953,-73.4526634854,44,22780
712,Champlain Rouses Point,New York,US-Canada Border,2022-02-01,45.0088325953,-73.4526634854,54,21198
712,Champlain Rouses Point,New York,US-Canada Border,2022-03-01,45.0088325953,-73.4526634854,53,25383
712,Champlain Rouses Point,New York,US-Canada Border,2022-04-01,45.0088325953,-73.4526634854,52,22698
712,Champlain Rouses Point,New York,US-Canada Border,2022-05-01,45.0088325953,-73.4526634854,56,24283
712,Champlain Rouses Point,New York,US-Canada Border,2022-06-01,45.0088325953,-73.4526634854,48,23527
712,Champlain Rouses Point,New York,US-Canada Border,2022-07-01,45.0088325953,-73.4526634854,52,21471
712,Champlain Rouses Point,New York,US-Canada Border,2022-08-01,45.0088325953,-73.4526634854,45,24670
712,Champlain Rouses Point,New York,US-Canada Border,2022-09-01,45.0088325953,-73.4526634854,55,23856
712,Champlain Rouses Point,New York,US-Canada Border,2022-10-01,45.0088325953,-73.4526634854,57,24625
712,Champlain Rouses Point,New York,US-Canada Border,2022-11-01,45.0088325953,-73.4526634854,56,24400
712,Champlain Rouses Point,New York,US-Canada Border,2022-12-01,45.0088325953,-73.4526634854,52,20857
712,Champlain Rouses Point,New York,US-Canada Border,2023-01-01,45.0088325953,-73.4526634854,58,22074
712,Champlain Rouses Point,New York,US-Canada Border,2023-02-01,45.0088325953,-73.4526634854,51,20357
712,Champlain Rouses Point,New York,US-Canada Border,2023-03-01,45.0088325953,-73.4526634854,55,23105
712,Champlain Rouses Point,New York,US-Canada Border,2023-04-01,45.0088325953,-73.4526634854,59,20232
712,Champlain Rouses Point,New York,US-Canada Border,2023-05-01,45.0088325953,-73.4526634854,55,22871
712,Champlain Rouses Point,New York,US-Canada Border,2023-06-01,45.0088325953,-73.4526634854,49,22029
712,Champlain Rouses Point,New York,US-Canada Border,2023-07-01,45.0088325953,-73.4526634854,51,21542
712,Champlain Rouses Point,New York,US-Canada Border,2023-08-01,45.0088325953,-73.4526634854,52,22353
712,Champlain Rouses Point,New York,US-Canada Border,2023-09-01,45.0088325953,-73.4526634854,51,22232
712,Champlain Rouses Point,New York,US-Canada Border,2023-10-01,45.0088325953,-73.4526634854,57,24620
712,Champlain Rouses Point,New York,US-Canada Border,2023-11-01,45.0088325953,-73.4526634854,52,22919
712,Champlain Rouses Point,New York,US-Canada Border,2023-12-01,45.0088325953,-73.4526634854,57,19355
712,Champlain Rouses Point,New York,US-Canada Border,2024-01-01,45.0088325953,-73.4526634854,58,22079
712,Champlain Rouses Point,New York,US-Canada Border,2024-02-01,45.0088325953,-73.4526634854,56,21829
712,Champlain Rouses Point,New York,US-Canada Border,2024-03-01,45.0088325953,-73.4526634854,57,22068
712,Champlain Rouses Point,New York,US-Canada Border,2024-04-01,45.0088325953,-73.4526634854,57,22876
712,Champlain Rouses Point,New York,US-Canada Border,2024-05-01,45.0088325953,-73.4526634854,50,22754
712,Champlain Rouses Point,New York,US-Canada Border,2024-06-01,45.0088325953,-73.4526634854,48,21889
712,Champlain Rouses Point,New York,US-Canada Border,2024-07-01,45.0088325953,-73.4526634854,49,23001
712,Champlain Rouses Point,New York,US-Canada Border,2024-08-01,45.0088325953,-73.4526634854,45,22740
712,Champlain Rouses Point,New York,US-Canada Border,2024-09-01,45.0088325953,-73.4526634854,49,24056
712,Champlain Rouses Point,New York,US-Canada Border,2024-10-01,45.0088325953,-73.4526634854,52,25604
712,Champlain Rouses Point,New York,US-Canada Border,2024-11-01,45.0088325953,-73.4526634854,57,23105
712,Champlain Rouses Point,New York,US-Canada Border,2024-12-01,45.0088325953,-73.4526634854,52,22213
715,Trout River,New York,US-Canada Border,2018-01-01,44.992058,-74.308172,52,1214
715,Trout River,New York,US-Canada Border,2018-02-01,44.992058,-74.308172,50,1048
715,Trout River,New York,US-Canada Border,2018-03-01,44.992058,-74.308172,55,1075
715,Trout River,New York,US-Canada Border,2018-04-01,44.992058,-74.308172,54,1145
715,Trout River,New York,US-Canada Border,2018-05-01,44.992058,-74.308172,55,1489
715,Trout River,New York,US-Canada Border,2018-06-01,44.992058,-74.308172,54,1597
715,Trout River,New York,US-Canada Border,2018-07-01,44.992058,-74.308172,58,1745
715,Trout River,New York,US-Canada Border,2018-08-01,44.992058,-74.308172,56,2017
715,Trout River,New York,US-Canada Border,2018-09-01,44.992058,-74.308172,55,1873
715,Trout River,New York,US-Canada Border,2018-10-01,44.992058,-74.308172,55,1814
715,Trout River,New York,US-Canada Border,2018-11-01,44.992058,-74.308172,54,1119
715,Trout River,New York,US-Canada Border,2018-12-01,44.992058,-74.308172,55,897
715,Trout River,New York,US-Canada Border,2019-01-01,44.992058,-74.308172,52,1081
715,Trout River,New York,US-Canada Border,2019-02-01,44.992058,-74.308172,51,1034
715,Trout River,New York,US-Canada Border,2019-03-01,44.992058,-74.308172,50,1031
715,Trout River,New York,US-Canada Border,2019-04-01,44.992058,-74.308172,54,776
715,Trout River,New York,US-Canada Border,2019-05-01,44.992058,-74.308172,53,990
715,Trout River,New York,US-Canada Border,2019-06-01,44.992058,-74.308172,55,1101
715,Trout River,New York,US-Canada Border,2019-07-01,44.992058,-74.308172,54,1238
715,Trout River,New York,US-Canada Border,2019-08-01,44.992058,-74.308172,49,1395
715,Trout River,New York,US-Canada Border,2019-09-01,44.992058,-74.308172,54,1341
715,Trout River,New York,US-Canada Border,2019-10-01,44.992058,-74.308172,50,1497
715,Trout River,New York,US-Canada Border,2019-11-01,44.992058,-74.308172,38,835
715,Trout River,New York,US-Canada Border,2019-12-01,44.992058,-74.308172,43,798
715,Trout River,New York,US-Canada Border,2020-01-01,44.992058,-74.308172,52,812
715,Trout River,New York,US-Canada Border,2020-02-01,44.992058,-74.308172,51,776
715,Trout River,New York,US-Canada Border,2020-03-01,44.992058,-74.308172,52,788
715,Trout River,New York,US-Canada Border,2020-04-01,44.992058,-74.308172,51,592
715,Trout River,New York,US-Canada Border,2020-05-01,44.992058,-74.308172,36,997
715,Trout River,New York,US-Canada Border,2020-06-01,44.992058,-74.308172,37,1386
715,Trout River,New York,US-Canada Border,2020-07-01,44.992058,-74.308172,38,1251
715,Trout River,New York,US-Canada Border,2020-08-01,44.992058,-74.308172,42,1182
715,Trout River,New York,US-Canada Border,2020-09-01,44.992058,-74.308172,49,1243
715,Trout River,New York,US-Canada Border,2020-10-01,44.992058,-74.308172,48,1335
715,Trout River,New York,US-Canada Border,2020-11-01,44.992058,-74.308172,44,791
715,Trout River,New York,US-Canada Border,2020-12-01,44.992058,-74.308172,50,732
715,Trout River,New York,US-Canada Border,2021-01-01,44.992058,-74.308172,54,675
715,Trout River,New York,US-Canada Border,2021-02-01,44.992058,-74.308172,46,732
715,Trout River,New York,US-Canada Border,2021-03-01,44.992058,-74.308172,48,769
715,Trout River,New York,US-Canada Border,2021-04-01,44.992058,-74.308172,49,686
715,Trout River,New York,US-Canada Border,2021-05-01,44.992058,-74.308172,50,885
715,Trout River,New York,US-Canada Border,2021-06-01,44.992058,-74.308172,39,1158
715,Trout River,New York,US-Canada Border,2021-07-01,44.992058,-74.308172,42,1000
715,Trout River,New York,US-Canada Border,2021-08-01,44.992058,-74.308172,31,1114
715,Trout River,New York,US-Canada Border,2021-09-01,44.992058,-74.308172,37,1369
715,Trout River,New York,US-Canada Border,2021-10-01,44.992058,-74.308172,47,1057
715,Trout River,New York,US-Canada Border,2021-11-01,44.992058,-74.308172,47,786
715,Trout River,New York,US-Canada Border,2021-12-01,44.992058,-74.308172,41,659
715,Trout River,New York,US-Canada Border,2022-01-01,44.992058,-74.308172,44,664
715,Trout River,New York,US-Canada Border,2022-02-01,44.992058,-74.308172,35,655
715,Trout River,New York,US-Canada Border,2022-03-01,44.992058,-74.308172,45,714
715,Trout River,New York,US-Canada Border,2022-04-01,44.992058,-74.308172,42,630
715,Trout River,New York,US-Canada Border,2022-05-01,44.992058,-74.308172,49,815
715,Trout River,New York,US-Canada Border,2022-06-01,44.992058,-74.308172,46,1240
715,Trout River,New York,US-Canada Border,2022-07-01,44.992058,-74.308172,47,1145
715,Trout River,New York,US-Canada Border,2022-08-01,44.992058,-74.308172,41,1289
715,Trout River,New York,US-Canada Border,2022-09-01,44.992058,-74.308172,38,1241
715,Trout River,New York,US-Canada Border,2022-10-01,44.992058,-74.308172,50,1211
715,Trout River,New York,US-Canada Border,2022-11-01,44.992058,-74.308172,50,744
715,Trout River,New York,US-Canada Border,2022-12-01,44.992058,-74.308172,47,658
715,Trout River,New York,US-Canada Border,2023-01-01,44.992058,-74.308172,49,714
715,Trout River,New York,US-Canada Border,2023-02-01,44.992058,-74.308172,41,647
715,Trout River,New York,US-Canada Border,2023-03-01,44.992058,-74.308172,47,702
715,Trout River,New York,US-Canada Border,2023-04-01,44.992058,-74.308172,57,558
715,Trout River,New York,US-Canada Border,2023-05-01,44.992058,-74.308172,56,1079
715,Trout River,New York,US-Canada Border,2023-06-01,44.992058,-74.308172,45,1044
715,Trout River,New York,US-Canada Border,2023-07-01,44.992058,-74.308172,49,938
715,Trout River,New York,US-Canada Border,2023-08-01,44.992058,-74.308172,44,865
715,Trout River,New York,US-Canada Border,2023-09-01,44.992058,-74.308172,47,1086
715,Trout River,New York,US-Canada Border,2023-10-01,44.992058,-74.308172,45,911
715,Trout River,New York,US-Canada Border,2023-11-01,44.992058,-74.308172,52,743
715,Trout River,New York,US-Canada Border,2023-12-01,44.992058,-74.308172,46,659
715,Trout River,New York,US-Canada Border,2024-01-01,44.992058,-74.308172,47,899
715,Trout River,New York,US-Canada Border,2024-02-01,44.992058,-74.308172,48,770
715,Trout River,New York,US-Canada Border,2024-03-01,44.992058,-74.308172,46,601
715,Trout River,New York,US-Canada Border,2024-04-01,44.992058,-74.308172,50,715
715,Trout River,New York,US-Canada Border,2024-05-01,44.992058,-74.308172,51,1085
715,Trout River,New York,US-Canada Border,2024-06-01,44.992058,-74.308172,46,1008
715,Trout River,New York,US-Canada Border,2024-07-01,44.992058,-74.308172,49,1025
715,Trout River,New York,US-Canada Border,2024-08-01,44.992058,-74.308172,43,1063
715,Trout River,New York,US-Canada Border,2024-09-01,44.992058,-74.308172,46,1031
715,Trout River,New York,US-Canada Border,2024-10-01,44.992058,-74.308172,48,1106
715,Trout River,New York,US-Canada Border,2024-11-01,44.992058,-74.308172,46,875
715,Trout River,New York,US-Canada Border,2024-12-01,44.992058,-74.308172,48,834
901,Buffalo Niagara Falls,New York,US-Canada Border,2018-01-01,43.09549,-79.055847,173,78189
901,Buffalo Niagara Falls,New York,US-Canada Border,2018-02-01,43.09549,-79.055847,145,72757
901,Buffalo Niagara Falls,New York,US-Canada Border,2018-03-01,43.09549,-79.055847,194,81247
901,Buffalo Niagara Falls,New York,US-Canada Border,2018-04-01,43.09549,-79.055847,183,81581
901,Buffalo Niagara Falls,New York,US-Canada Border,2018-05-01,43.09549,-79.055847,187,84358
901,Buffalo Niagara Falls,New York,US-Canada Border,2018-06-01,43.09549,-79.055847,184,79694
901,Buffalo Niagara Falls,New York,US-Canada Border,2018-07-01,43.09549,-79.055847,166,78501
901,Buffalo Niagara Falls,New York,US-Canada Border,2018-08-01,43.09549,-79.055847,184,80810
901,Buffalo Niagara Falls,New York,US-Canada Border,2018-09-01,43.09549,-79.055847,113,74920
901,Buffalo Niagara Falls,New York,US-Canada Border,2018-10-01,43.09549,-79.055847,190,84536
901,Buffalo Niagara Falls,New York,US-Canada Border,2018-11-01,43.09549,-79.055847,185,77724
901,Buffalo Niagara Falls,New York,US-Canada Border,2018-12-01,43.09549,-79.055847,177,67257
901,Buffalo Niagara Falls,New York,US-Canada Border,2019-01-01,43.09549,-79.055847,152,73144
901,Buffalo Niagara Falls,New York,US-Canada Border,2019-02-01,43.09549,-79.055847,139,69881
901,Buffalo Niagara Falls,New York,US-Canada Border,2019-03-01,43.09549,-79.055847,153,77292
901,Buffalo Niagara Falls,New York,US-Canada Border,2019-04-01,43.09549,-79.055847,187,77415
901,Buffalo Niagara Falls,New York,US-Canada Border,2019-05-01,43.09549,-79.055847,194,80006
901,Buffalo Niagara Falls,New York,US-Canada Border,2019-06-01,43.09549,-79.055847,168,75962
901,Buffalo Niagara Falls,New York,US-Canada Border,2019-07-01,43.09549,-79.055847,170,78586
901,Buffalo Niagara Falls,New York,US-Canada Border,2019-08-01,43.09549,-79.055847,159,77642
901,Buffalo Niagara Falls,New York,US-Canada Border,2019-09-01,43.09549,-79.055847,155,76953
901,Buffalo Niagara Falls,New York,US-Canada Border,2019-10-01,43.09549,-79.055847,197,80295
901,Buffalo Niagara Falls,New York,US-Canada Border,2019-11-01,43.09549,-79.055847,157,71364
901,Buffalo Niagara Falls,New York,US-Canada Border,2019-12-01,43.09549,-79.055847,31,66248
901,Buffalo Niagara Falls,New York,US-Canada Border,2020-01-01,43.09549,-79.055847,158,73662
901,Buffalo Niagara Falls,New York,US-Canada Border,2020-02-01,43.09549,-79.055847,155,67684
901,Buffalo Niagara Falls,New York,US-Canada Border,2020-03-01,43.09549,-79.055847,169,73995
901,Buffalo Niagara Falls,New York,US-Canada Border,2020-04-01,43.09549,-79.055847,140,54959
901,Buffalo Niagara Falls,New York,US-Canada Border,2020-05-01,43.09549,-79.055847,135,57818
901,Buffalo Niagara Falls,New York,US-Canada Border,2020-06-01,43.09549,-79.055847,113,70170
901,Buffalo Niagara Falls,New York,US-Canada Border,2020-07-01,43.09549,-79.055847,132,71193
901,Buffalo Niagara Falls,New York,US-Canada Border,2020-08-01,43.09549,-79.055847,142,73286
901,Buffalo Niagara Falls,New York,US-Canada Border,2020-09-01,43.09549,-79.055847,150,75607
901,Buffalo Niagara Falls,New York,US-Canada Border,2020-10-01,43.09549,-79.055847,151,75561
901,Buffalo Niagara Falls,New York,US-Canada Border,2020-11-01,43.09549,-79.055847,144,72685
901,Buffalo Niagara Falls,New York,US-Canada Border,2020-12-01,43.09549,-79.055847,139,68541
901,Buffalo Niagara Falls,New York,US-Canada Border,2021-01-01,43.09549,-79.055847,150,69579
901,Buffalo Niagara Falls,New York,US-Canada Border,2021-02-01,43.09549,-79.055847,136,66862
901,Buffalo Niagara Falls,New York,US-Canada Border,2021-03-01,43.09549,-79.055847,148,82801
901,Buffalo Niagara Falls,New York,US-Canada Border,2021-04-01,43.09549,-79.055847,146,74495
901,Buffalo Niagara Falls,New York,US-Canada Border,2021-05-01,43.09549,-79.055847,145,75665
901,Buffalo Niagara Falls,New York,US-Canada Border,2021-06-01,43.09549,-79.055847,141,79162
901,Buffalo Niagara Falls,New York,US-Canada Border,2021-07-01,43.09549,-79.055847,149,71904
901,Buffalo Niagara Falls,New York,US-Canada Border,2021-08-01,43.09549,-79.055847,150,78151
901,Buffalo Niagara Falls,New York,US-Canada Border,2021-09-01,43.09549,-79.055847,140,76935
901,Buffalo Niagara Falls,New York,US-Canada Border,2021-10-01,43.09549,-79.055847,149,76865
901,Buffalo Niagara Falls,New York,US-Canada Border,2021-11-01,43.09549,-79.055847,139,76352
901,Buffalo Niagara Falls,New York,US-Canada Border,2021-12-01,43.09549,-79.055847,135,69549
901,Buffalo Niagara Falls,New York,US-Canada Border,2022-01-01,43.09549,-79.055847,133,67317
901,Buffalo Niagara Falls,New York,US-Canada Border,2022-02-01,43.09549,-79.055847,131,67255
901,Buffalo Niagara Falls,New York,US-Canada Border,2022-03-01,43.09549,-79.055847,149,81158
901,Buffalo Niagara Falls,New York,US-Canada Border,2022-04-01,43.09549,-79.055847,159,74923
901,Buffalo Niagara Falls,New York,US-Canada Border,2022-05-01,43.09549,-79.055847,157,78699
901,Buffalo Niagara Falls,New York,US-Canada Border,2022-06-01,43.09549,-79.055847,150,78942
901,Buffalo Niagara Falls,New York,US-Canada Border,2022-07-01,43.09549,-79.055847,156,70959
901,Buffalo Niagara Falls,New York,US-Canada Border,2022-08-01,43.09549,-79.055847,138,80245
901,Buffalo Niagara Falls,New York,US-Canada Border,2022-09-01,43.09549,-79.055847,147,75230
901,Buffalo Niagara Falls,New York,US-Canada Border,2022-10-01,43.09549,-79.055847,152,75506
901,Buffalo Niagara Falls,New York,US-Canada Border,2022-11-01,43.09549,-79.055847,138,72155
901,Buffalo Niagara Falls,New York,US-Canada Border,2022-12-01,43.09549,-79.055847,128,63475
901,Buffalo Niagara Falls,New York,US-Canada Border,2023-01-01,43.09549,-79.055847,156,73054
901,Buffalo Niagara Falls,New York,US-Canada Border,2023-02-01,43.09549,-79.055847,129,67422
901,Buffalo Niagara Falls,New York,US-Canada Border,2023-03-01,43.09549,-79.055847,142,78035
901,Buffalo Niagara Falls,New York,US-Canada Border,2023-04-01,43.09549,-79.055847,141,68441
901,Buffalo Niagara Falls,New York,US-Canada Border,2023-05-01,43.09549,-79.055847,144,78917
901,Buffalo Niagara Falls,New York,US-Canada Border,2023-06-01,43.09549,-79.055847,128,78095
901,Buffalo Niagara Falls,New York,US-Canada Border,2023-07-01,43.09549,-79.055847,134,73919
901,Buffalo Niagara Falls,New York,US-Canada Border,2023-08-01,43.09549,-79.055847,135,75759
901,Buffalo Niagara Falls,New York,US-Canada Border,2023-09-01,43.09549,-79.055847,134,75966
901,Buffalo Niagara Falls,New York,US-Canada Border,2023-10-01,43.09549,-79.055847,139,82343
901,Buffalo Niagara Falls,New York,US-Canada Border,2023-11-01,43.09549,-79.055847,135,75498
901,Buffalo Niagara Falls,New York,US-Canada Border,2023-12-01,43.09549,-79.055847,134,65389
901,Buffalo Niagara Falls,New York,US-Canada Border,2024-01-01,43.09549,-79.055847,123,72603
901,Buffalo Niagara Falls,New York,US-Canada Border,2024-02-01,43.09549,-79.055847,132,70963
901,Buffalo Niagara Falls,New York,US-Canada Border,2024-03-01,43.09549,-79.055847,137,74691
901,Buffalo Niagara Falls,New York,US-Canada Border,2024-04-01,43.09549,-79.055847,134,77792
901,Buffalo Niagara Falls,New York,US-Canada Border,2024-05-01,43.09549,-79.055847,138,78424
901,Buffalo Niagara Falls,New York,US-Canada Border,2024-06-01,43.09549,-79.055847,148,74211
901,Buffalo Niagara Falls,New York,US-Canada Border,2024-07-01,43.09549,-79.055847,146,76641
901,Buffalo Niagara Falls,New York,US-Canada Border,2024-08-01,43.09549,-79.055847,135,74783
901,Buffalo Niagara Falls,New York,US-Canada Border,2024-09-01,43.09549,-79.055847,153,77094
901,Buffalo Niagara Falls,New York,US-Canada Border,2024-10-01,43.09549,-79.055847,133,81716
901,Buffalo Niagara Falls,New York,US-Canada Border,2024-11-01,43.09549,-79.055847,134,71989
901,Buffalo Niagara Falls,New York,US-Canada Border,2024-12-01,43.09549,-79.055847,130,67879
2301,Brownsville,Texas,US-Mexico Border,2018-01-01,25.95155,-97.40067,83,20202
2301,Brownsville,Texas,US-Mexico Border,2018-02-01,25.95155,-97.40067,69,19371
2301,Brownsville,Texas,US-Mexico Border,2018-03-01,25.95155,-97.40067,66,21116
2301,Brownsville,Texas,US-Mexico Border,2018-04-01,25.95155,-97.40067,79,20761
2301,Brownsville,Texas,US-Mexico Border,2018-05-01,25.95155,-97.40067,87,21547
2301,Brownsville,Texas,US-Mexico Border,2018-06-01,25.95155,-97.40067,87,21035
2301,Brownsville,Texas,US-Mexico Border,2018-07-01,25.95155,-97.40067,87,21304
2301,Brownsville,Texas,US-Mexico Border,2018-08-01,25.95155,-97.40067,74,23676
2301,Brownsville,Texas,US-Mexico Border,2018-09-01,25.95155,-97.40067,76,21125
2301,Brownsville,Texas,US-Mexico Border,2018-10-01,25.95155,-97.40067,93,24259
2301,Brownsville,Texas,US-Mexico Border,2018-11-01,25.95155,-97.40067,69,22095
2301,Brownsville,Texas,US-Mexico Border,2018-12-01,25.95155,-97.40067,67,18678
2301,Brownsville,Texas,US-Mexico Border,2019-01-01,25.95155,-97.40067,85,22372
2301,Brownsville,Texas,US-Mexico Border,2019-02-01,25.95155,-97.40067,80,21590
2301,Brownsville,Texas,US-Mexico Border,2019-03-01,25.95155,-97.40067,76,24008
2301,Brownsville,Texas,US-Mexico Border,2019-04-01,25.95155,-97.40067,75,25775
2301,Brownsville,Texas,US-Mexico Border,2019-05-01,25.95155,-97.40067,83,26248
2301,Brownsville,Texas,US-Mexico Border,2019-06-01,25.95155,-97.40067,77,23449
2301,Brownsville,Texas,US-Mexico Border,2019-07-01,25.95155,-97.40067,91,26508
2301,Brownsville,Texas,US-Mexico Border,2019-08-01,25.95155,-97.40067,86,26195
2301,Brownsville,Texas,US-Mexico Border,2019-09-01,25.95155,-97.40067,91,23551
2301,Brownsville,Texas,US-Mexico Border,2019-10-01,25.95155,-97.40067,88,25702
2301,Brownsville,Texas,US-Mexico Border,2019-11-01,25.95155,-97.40067,88,22197
2301,Brownsville,Texas,US-Mexico Border,2019-12-01,25.95155,-97.40067,79,19943
2301,Brownsville,Texas,US-Mexico Border,2020-01-01,25.95155,-97.40067,89,23501
2301,Brownsville,Texas,US-Mexico Border,2020-02-01,25.95155,-97.40067,84,23012
2301,Brownsville,Texas,US-Mexico Border,2020-03-01,25.95155,-97.40067,87,25386
2301,Brownsville,Texas,US-Mexico Border,2020-04-01,25.95155,-97.40067,57,14225
2301,Brownsville,Texas,US-Mexico Border,2020-05-01,25.95155,-97.40067,48,16888
2301,Brownsville,Texas,US-Mexico Border,2020-06-01,25.95155,-97.40067,50,22804
2301,Brownsville,Texas,US-Mexico Border,2020-07-01,25.95155,-97.40067,44,25608
2301,Brownsville,Texas,US-Mexico Border,2020-08-01,25.95155,-97.40067,52,25415
2301,Brownsville,Texas,US-Mexico Border,2020-09-01,25.95155,-97.40067,57,26718
2301,Brownsville,Texas,US-Mexico Border,2020-10-01,25.95155,-97.40067,57,26117
2301,Brownsville,Texas,US-Mexico Border,2020-11-01,25.95155,-97.40067,57,25195
2301,Brownsville,Texas,US-Mexico Border,2020-12-01,25.95155,-97.40067,57,25303
2301,Brownsville,Texas,US-Mexico Border,2021-01-01,25.95155,-97.40067,62,26142
2301,Brownsville,Texas,US-Mexico Border,2021-02-01,25.95155,-97.40067,51,22040
2301,Brownsville,Texas,US-Mexico Border,2021-03-01,25.95155,-97.40067,61,25111
2301,Brownsville,Texas,US-Mexico Border,2021-04-01,25.95155,-97.40067,63,22689
2301,Brownsville,Texas,US-Mexico Border,2021-05-01,25.95155,-97.40067,84,23804
2301,Brownsville,Texas,US-Mexico Border,2021-06-01,25.95155,-97.40067,83,28307
2301,Brownsville,Texas,US-Mexico Border,2021-07-01,25.95155,-97.40067,40,32722
2301,Brownsville,Texas,US-Mexico Border,2021-08-01,25.95155,-97.40067,43,36938
2301,Brownsville,Texas,US-Mexico Border,2021-09-01,25.95155,-97.40067,54,33667
2301,Brownsville,Texas,US-Mexico Border,2021-10-01,25.95155,-97.40067,72,32174
2301,Brownsville,Texas,US-Mexico Border,2021-11-01,25.95155,-97.40067,72,33555
2301,Brownsville,Texas,US-Mexico Border,2021-12-01,25.95155,-97.40067,67,31430
2301,Brownsville,Texas,US-Mexico Border,2022-01-01,25.95155,-97.40067,70,31060
2301,Brownsville,Texas,US-Mexico Border,2022-02-01,25.95155,-97.40067,63,31330
2301,Brownsville,Texas,US-Mexico Border,2022-03-01,25.95155,-97.40067,71,31532
2301,Brownsville,Texas,US-Mexico Border,2022-04-01,25.95155,-97.40067,71,30356
2301,Brownsville,Texas,US-Mexico Border,2022-05-01,25.95155,-97.40067,73,27662
2301,Brownsville,Texas,US-Mexico Border,2022-06-01,25.95155,-97.40067,70,27433
2301,Brownsville,Texas,US-Mexico Border,2022-07-01,25.95155,-97.40067,73,25450
2301,Brownsville,Texas,US-Mexico Border,2022-08-01,25.95155,-97.40067,63,28663
2301,Brownsville,Texas,US-Mexico Border,2022-09-01,25.95155,-97.40067,69,26900
2301,Brownsville,Texas,US-Mexico Border,2022-10-01,25.95155,-97.40067,72,26539
2301,Brownsville,Texas,US-Mexico Border,2022-11-01,25.95155,-97.40067,63,26172
2301,Brownsville,Texas,US-Mexico Border,2022-12-01,25.95155,-97.40067,67,24603
2301,Brownsville,Texas,US-Mexico Border,2023-01-01,25.95155,-97.40067,65,28463
2301,Brownsville,Texas,US-Mexico Border,2023-02-01,25.95155,-97.40067,70,27467
2301,Brownsville,Texas,US-Mexico Border,2023-03-01,25.95155,-97.40067,87,32782
2301,Brownsville,Texas,US-Mexico Border,2023-04-01,25.95155,-97.40067,76,28724
2301,Brownsville,Texas,US-Mexico Border,2023-05-01,25.95155,-97.40067,77,28168
2301,Brownsville,Texas,US-Mexico Border,2023-06-01,25.95155,-97.40067,68,28115
2301,Brownsville,Texas,US-Mexico Border,2023-07-01,25.95155,-97.40067,74,25015
2301,Brownsville,Texas,US-Mexico Border,2023-08-01,25.95155,-97.40067,70,27045
2301,Brownsville,Texas,US-Mexico Border,2023-09-01,25.95155,-97.40067,76,24891
2301,Brownsville,Texas,US-Mexico Border,2023-10-01,25.95155,-97.40067,84,25198
2301,Brownsville,Texas,US-Mexico Border,2023-11-01,25.95155,-97.40067,71,25332
2301,Brownsville,Texas,US-Mexico Border,2023-12-01,25.95155,-97.40067,78,24024
2301,Brownsville,Texas,US-Mexico Border,2024-01-01,25.95155,-97.40067,89,27356
2301,Brownsville,Texas,US-Mexico Border,2024-02-01,25.95155,-97.40067,74,25351
2301,Brownsville,Texas,US-Mexico Border,2024-03-01,25.95155,-97.40067,85,24222
2301,Brownsville,Texas,US-Mexico Border,2024-04-01,25.95155,-97.40067,76,26595
2301,Brownsville,Texas,US-Mexico Border,2024-05-01,25.95155,-97.40067,85,27834
2301,Brownsville,Texas,US-Mexico Border,2024-06-01,25.95155,-97.40067,72,24879
2301,Brownsville,Texas,US-Mexico Border,2024-07-01,25.95155,-97.40067,77,27027
2301,Brownsville,Texas,US-Mexico Border,2024-08-01,25.95155,-97.40067,87,27302
2301,Brownsville,Texas,US-Mexico Border,2024-09-01,25.95155,-97.40067,85,24083
2301,Brownsville,Texas,US-Mexico Border,2024-10-01,25.95155,-97.40067,85,26164
2301,Brownsville,Texas,US-Mexico Border,2024-11-01,25.95155,-97.40067,79,23363
2301,Brownsville,Texas,US-Mexico Border,2024-12-01,25.95155,-97.40067,80,20102
2302,Del Rio,Texas,US-Mexico Border,2018-01-01,29.326784,-100.927612,0,6111
2302,Del Rio,Texas,US-Mexico Border,2018-02-01,29.326784,-100.927612,0,5981
2302,Del Rio,Texas,US-Mexico Border,2018-03-01,29.326784,-100.927612,0,6694
2302,Del Rio,Texas,US-Mexico Border,2018-04-01,29.326784,-100.927612,0,6516
2302,Del Rio,Texas,US-Mexico Border,2018-05-01,29.326784,-100.927612,0,7013
2302,Del Rio,Texas,US-Mexico Border,2018-06-01,29.326784,-100.927612,0,6715
2302,Del Rio,Texas,US-Mexico Border,2018-07-01,29.326784,-100.927612,0,6685
2302,Del Rio,Texas,US-Mexico Border,2018-08-01,29.326784,-100.927612,0,7088
2302,Del Rio,Texas,US-Mexico Border,2018-09-01,29.326784,-100.927612,0,6263
2302,Del Rio,Texas,US-Mexico Border,2018-10-01,29.326784,-100.927612,0,7319
2302,Del Rio,Texas,US-Mexico Border,2018-11-01,29.326784,-100.927612,0,6583
2302,Del Rio,Texas,US-Mexico Border,2018-12-01,29.326784,-100.927612,0,5360
2302,Del Rio,Texas,US-Mexico Border,2019-01-01,29.326784,-100.927612,0,6626
2302,Del Rio,Texas,US-Mexico Border,2019-02-01,29.326784,-100.927612,0,6349
2302,Del Rio,Texas,US-Mexico Border,2019-03-01,29.326784,-100.927612,0,6706
2302,Del Rio,Texas,US-Mexico Border,2019-04-01,29.326784,-100.927612,0,6280
2302,Del Rio,Texas,US-Mexico Border,2019-05-01,29.326784,-100.927612,0,6501
2302,Del Rio,Texas,US-Mexico Border,2019-06-01,29.326784,-100.927612,0,6010
2302,Del Rio,Texas,US-Mexico Border,2019-07-01,29.326784,-100.927612,0,6240
2302,Del Rio,Texas,US-Mexico Border,2019-08-01,29.326784,-100.927612,0,6469
2302,Del Rio,Texas,US-Mexico Border,2019-09-01,29.326784,-100.927612,0,6165
2302,Del Rio,Texas,US-Mexico Border,2019-10-01,29.326784,-100.927612,0,6809
2302,Del Rio,Texas,US-Mexico Border,2019-11-01,29.326784,-100.927612,0,6137
2302,Del Rio,Texas,US-Mexico Border,2019-12-01,29.326784,-100.927612,0,5201
2302,Del Rio,Texas,US-Mexico Border,2020-01-01,29.326784,-100.927612,0,6256
2302,Del Rio,Texas,US-Mexico Border,2020-02-01,29.326784,-100.927612,0,5935
2302,Del Rio,Texas,US-Mexico Border,2020-03-01,29.326784,-100.927612,0,5888
2302,Del Rio,Texas,US-Mexico Border,2020-04-01,29.326784,-100.927612,0,3651
2302,Del Rio,Texas,US-Mexico Border,2020-05-01,29.326784,-100.927612,0,3843
2302,Del Rio,Texas,US-Mexico Border,2020-06-01,29.326784,-100.927612,0,5485
2302,Del Rio,Texas,US-Mexico Border,2020-07-01,29.326784,-100.927612,0,5981
2302,Del Rio,Texas,US-Mexico Border,2020-08-01,29.326784,-100.927612,0,6128
2302,Del Rio,Texas,US-Mexico Border,2020-09-01,29.326784,-100.927612,0,6557
2302,Del Rio,Texas,US-Mexico Border,2020-10-01,29.326784,-100.927612,0,6856
2302,Del Rio,Texas,US-Mexico Border,2020-11-01,29.326784,-100.927612,0,6204
2302,Del Rio,Texas,US-Mexico Border,2020-12-01,29.326784,-100.927612,0,5727
2302,Del Rio,Texas,US-Mexico Border,2021-01-01,29.326784,-100.927612,0,6178
2302,Del Rio,Texas,US-Mexico Border,2021-02-01,29.326784,-100.927612,0,5205
2302,Del Rio,Texas,US-Mexico Border,2021-03-01,29.326784,-100.927612,0,7385
2302,Del Rio,Texas,US-Mexico Border,2021-04-01,29.326784,-100.927612,0,6330
2302,Del Rio,Texas,US-Mexico Border,2021-05-01,29.326784,-100.927612,0,6111
2302,Del Rio,Texas,US-Mexico Border,2021-06-01,29.326784,-100.927612,0,6608
2302,Del Rio,Texas,US-Mexico Border,2021-07-01,29.326784,-100.927612,0,6168
2302,Del Rio,Texas,US-Mexico Border,2021-08-01,29.326784,-100.927612,0,6566
2302,Del Rio,Texas,US-Mexico Border,2021-09-01,29.326784,-100.927612,0,4632
2302,Del Rio,Texas,US-Mexico Border,2021-10-01,29.326784,-100.927612,0,6132
2302,Del Rio,Texas,US-Mexico Border,2021-11-01,29.326784,-100.927612,0,6182
2302,Del Rio,Texas,US-Mexico Border,2021-12-01,29.326784,-100.927612,0,5638
2302,Del Rio,Texas,US-Mexico Border,2022-01-01,29.326784,-100.927612,0,5793
2302,Del Rio,Texas,US-Mexico Border,2022-02-01,29.326784,-100.927612,0,5970
2302,Del Rio,Texas,US-Mexico Border,2022-03-01,29.326784,-100.927612,0,7231
2302,Del Rio,Texas,US-Mexico Border,2022-04-01,29.326784,-100.927612,0,6321
2302,Del Rio,Texas,US-Mexico Border,2022-05-01,29.326784,-100.927612,0,6670
2302,Del Rio,Texas,US-Mexico Border,2022-06-01,29.326784,-100.927612,0,6759
2302,Del Rio,Texas,US-Mexico Border,2022-07-01,29.326784,-100.927612,0,6412
2302,Del Rio,Texas,US-Mexico Border,2022-08-01,29.326784,-100.927612,0,7117
2302,Del Rio,Texas,US-Mexico Border,2022-09-01,29.326784,-100.927612,0,6645
2302,Del Rio,Texas,US-Mexico Border,2022-10-01,29.326784,-100.927612,0,6594
2302,Del Rio,Texas,US-Mexico Border,2022-11-01,29.326784,-100.927612,0,6496
2302,Del Rio,Texas,US-Mexico Border,2022-12-01,29.326784,-100.927612,0,5479
2302,Del Rio,Texas,US-Mexico Border,2023-01-01,29.326784,-100.927612,0,6154
2302,Del Rio,Texas,US-Mexico Border,2023-02-01,29.326784,-100.927612,0,5823
2302,Del Rio,Texas,US-Mexico Border,2023-03-01,29.326784,-100.927612,0,6923
2302,Del Rio,Texas,US-Mexico Border,2023-04-01,29.326784,-100.927612,0,6032
2302,Del Rio,Texas,US-Mexico Border,2023-05-01,29.326784,-100.927612,0,6777
2302,Del Rio,Texas,US-Mexico Border,2023-06-01,29.326784,-100.927612,0,6675
2302,Del Rio,Texas,US-Mexico Border,2023-07-01,29.326784,-100.927612,0,6186
2302,Del Rio,Texas,US-Mexico Border,2023-08-01,29.326784,-100.927612,0,7103
2302,Del Rio,Texas,US-Mexico Border,2023-09-01,29.326784,-100.927612,0,7180
2302,Del Rio,Texas,US-Mexico Border,2023-10-01,29.326784,-100.927612,0,6889
2302,Del Rio,Texas,US-Mexico Border,2023-11-01,29.326784,-100.927612,0,6202
2302,Del Rio,Texas,US-Mexico Border,2023-12-01,29.326784,-100.927612,0,6552
2302,Del Rio,Texas,US-Mexico Border,2024-01-01,29.326784,-100.927612,0,6433
2302,Del Rio,Texas,US-Mexico Border,2024-02-01,29.326784,-100.927612,0,6163
2302,Del Rio,Texas,US-Mexico Border,2024-03-01,29.326784,-100.927612,0,6056
2302,Del Rio,Texas,US-Mexico Border,2024-04-01,29.326784,-100.927612,0,6471
2302,Del Rio,Texas,US-Mexico Border,2024-05-01,29.326784,-100.927612,0,7312
2302,Del Rio,Texas,US-Mexico Border,2024-06-01,29.326784,-100.927612,0,6677
2302,Del Rio,Texas,US-Mexico Border,2024-07-01,29.326784,-100.927612,0,6350
2302,Del Rio,Texas,US-Mexico Border,2024-08-01,29.326784,-100.927612,0,6318
2302,Del Rio,Texas,US-Mexico Border,2024-09-01,29.326784,-100.927612,0,5867
2302,Del Rio,Texas,US-Mexico Border,2024-10-01,29.326784,-100.927612,0,6490
2302,Del Rio,Texas,US-Mexico Border,2024-11-01,29.326784,-100.927612,0,6240
2302,Del Rio,Texas,US-Mexico Border,2024-12-01,29.326784,-100.927612,0,5344
2303,Eagle Pass,Texas,US-Mexico Border,2018-01-01,28.705483,-100.511977,266,14977
2303,Eagle Pass,Texas,US-Mexico Border,2018-02-01,28.705483,-100.511977,270,14182
2303,Eagle Pass,Texas,US-Mexico Border,2018-03-01,28.705483,-100.511977,302,15402
2303,Eagle Pass,Texas,US-Mexico Border,2018-04-01,28.705483,-100.511977,287,14767
2303,Eagle Pass,Texas,US-Mexico Border,2018-05-01,28.705483,-100.511977,293,15087
2303,Eagle Pass,Texas,US-Mexico Border,2018-06-01,28.705483,-100.511977,291,14312
2303,Eagle Pass,Texas,US-Mexico Border,2018-07-01,28.705483,-100.511977,285,13734
2303,Eagle Pass,Texas,US-Mexico Border,2018-08-01,28.705483,-100.511977,284,14516
2303,Eagle Pass,Texas,US-Mexico Border,2018-09-01,28.705483,-100.511977,276,13154
2303,Eagle Pass,Texas,US-Mexico Border,2018-10-01,28.705483,-100.511977,295,15185
2303,Eagle Pass,Texas,US-Mexico Border,2018-11-01,28.705483,-100.511977,287,14819
2303,Eagle Pass,Texas,US-Mexico Border,2018-12-01,28.705483,-100.511977,316,12970
2303,Eagle Pass,Texas,US-Mexico Border,2019-01-01,28.705483,-100.511977,280,15227
2303,Eagle Pass,Texas,US-Mexico Border,2019-02-01,28.705483,-100.511977,258,14246
2303,Eagle Pass,Texas,US-Mexico Border,2019-03-01,28.705483,-100.511977,282,15352
2303,Eagle Pass,Texas,US-Mexico Border,2019-04-01,28.705483,-100.511977,283,15145
2303,Eagle Pass,Texas,US-Mexico Border,2019-05-01,28.705483,-100.511977,293,15557
2303,Eagle Pass,Texas,US-Mexico Border,2019-06-01,28.705483,-100.511977,275,14556
2303,Eagle Pass,Texas,US-Mexico Border,2019-07-01,28.705483,-100.511977,294,16196
2303,Eagle Pass,Texas,US-Mexico Border,2019-08-01,28.705483,-100.511977,315,15846
2303,Eagle Pass,Texas,US-Mexico Border,2019-09-01,28.705483,-100.511977,284,14224
2303,Eagle Pass,Texas,US-Mexico Border,2019-10-01,28.705483,-100.511977,297,15636
2303,Eagle Pass,Texas,US-Mexico Border,2019-11-01,28.705483,-100.511977,285,14456
2303,Eagle Pass,Texas,US-Mexico Border,2019-12-01,28.705483,-100.511977,284,13391
2303,Eagle Pass,Texas,US-Mexico Border,2020-01-01,28.705483,-100.511977,274,14820
2303,Eagle Pass,Texas,US-Mexico Border,2020-02-01,28.705483,-100.511977,265,14204
2303,Eagle Pass,Texas,US-Mexico Border,2020-03-01,28.705483,-100.511977,309,15305
2303,Eagle Pass,Texas,US-Mexico Border,2020-04-01,28.705483,-100.511977,249,11354
2303,Eagle Pass,Texas,US-Mexico Border,2020-05-01,28.705483,-100.511977,211,10621
2303,Eagle Pass,Texas,US-Mexico Border,2020-06-01,28.705483,-100.511977,259,14383
2303,Eagle Pass,Texas,US-Mexico Border,2020-07-01,28.705483,-100.511977,293,15223
2303,Eagle Pass,Texas,US-Mexico Border,2020-08-01,28.705483,-100.511977,326,14986
2303,Eagle Pass,Texas,US-Mexico Border,2020-09-01,28.705483,-100.511977,305,15459
2303,Eagle Pass,Texas,US-Mexico Border,2020-10-01,28.705483,-100.511977,312,16599
2303,Eagle Pass,Texas,US-Mexico Border,2020-11-01,28.705483,-100.511977,262,14896
2303,Eagle Pass,Texas,US-Mexico Border,2020-12-01,28.705483,-100.511977,273,16125
2303,Eagle Pass,Texas,US-Mexico Border,2021-01-01,28.705483,-100.511977,268,16132
2303,Eagle Pass,Texas,US-Mexico Border,2021-02-01,28.705483,-100.511977,218,13345
2303,Eagle Pass,Texas,US-Mexico Border,2021-03-01,28.705483,-100.511977,265,16527
2303,Eagle Pass,Texas,US-Mexico Border,2021-04-01,28.705483,-100.511977,271,16209
2303,Eagle Pass,Texas,US-Mexico Border,2021-05-01,28.705483,-100.511977,272,16165
2303,Eagle Pass,Texas,US-Mexico Border,2021-06-01,28.705483,-100.511977,213,17820
2303,Eagle Pass,Texas,US-Mexico Border,2021-07-01,28.705483,-100.511977,198,16817
2303,Eagle Pass,Texas,US-Mexico Border,2021-08-01,28.705483,-100.511977,210,17294
2303,Eagle Pass,Texas,US-Mexico Border,2021-09-01,28.705483,-100.511977,171,17255
2303,Eagle Pass,Texas,US-Mexico Border,2021-10-01,28.705483,-100.511977,240,17216
2303,Eagle Pass,Texas,US-Mexico Border,2021-11-01,28.705483,-100.511977,236,17058
2303,Eagle Pass,Texas,US-Mexico Border,2021-12-01,28.705483,-100.511977,225,16245
2303,Eagle Pass,Texas,US-Mexico Border,2022-01-01,28.705483,-100.511977,245,15478
2303,Eagle Pass,Texas,US-Mexico Border,2022-02-01,28.705483,-100.511977,213,15159
2303,Eagle Pass,Texas,US-Mexico Border,2022-03-01,28.705483,-100.511977,242,18215
2303,Eagle Pass,Texas,US-Mexico Border,2022-04-01,28.705483,-100.511977,224,16139
2303,Eagle Pass,Texas,US-Mexico Border,2022-05-01,28.705483,-100.511977,203,17156
2303,Eagle Pass,Texas,US-Mexico Border,2022-06-01,28.705483,-100.511977,252,18113
2303,Eagle Pass,Texas,US-Mexico Border,2022-07-01,28.705483,-100.511977,232,16937
2303,Eagle Pass,Texas,US-Mexico Border,2022-08-01,28.705483,-100.511977,271,18609
2303,Eagle Pass,Texas,US-Mexico Border,2022-09-01,28.705483,-100.511977,223,17609
2303,Eagle Pass,Texas,US-Mexico Border,2022-10-01,28.705483,-100.511977,228,17594
2303,Eagle Pass,Texas,US-Mexico Border,2022-11-01,28.705483,-100.511977,229,17440
2303,Eagle Pass,Texas,US-Mexico Border,2022-12-01,28.705483,-100.511977,227,16752
2303,Eagle Pass,Texas,US-Mexico Border,2023-01-01,28.705483,-100.511977,232,16800
2303,Eagle Pass,Texas,US-Mexico Border,2023-02-01,28.705483,-100.511977,220,16071
2303,Eagle Pass,Texas,US-Mexico Border,2023-03-01,28.705483,-100.511977,254,19567
2303,Eagle Pass,Texas,US-Mexico Border,2023-04-01,28.705483,-100.511977,248,17244
2303,Eagle Pass,Texas,US-Mexico Border,2023-05-01,28.705483,-100.511977,240,20252
2303,Eagle Pass,Texas,US-Mexico Border,2023-06-01,28.705483,-100.511977,252,20083
2303,Eagle Pass,Texas,US-Mexico Border,2023-07-01,28.705483,-100.511977,258,17988
2303,Eagle Pass,Texas,US-Mexico Border,2023-08-01,28.705483,-100.511977,243,19558
2303,Eagle Pass,Texas,US-Mexico Border,2023-09-01,28.705483,-100.511977,219,15255
2303,Eagle Pass,Texas,US-Mexico Border,2023-10-01,28.705483,-100.511977,251,18808
2303,Eagle Pass,Texas,US-Mexico Border,2023-11-01,28.705483,-100.511977,215,18579
2303,Eagle Pass,Texas,US-Mexico Border,2023-12-01,28.705483,-100.511977,237,10504
2303,Eagle Pass,Texas,US-Mexico Border,2024-01-01,28.705483,-100.511977,282,17429
2303,Eagle Pass,Texas,US-Mexico Border,2024-02-01,28.705483,-100.511977,253,18903
2303,Eagle Pass,Texas,US-Mexico Border,2024-03-01,28.705483,-100.511977,300,18208
2303,Eagle Pass,Texas,US-Mexico Border,2024-04-01,28.705483,-100.511977,302,20763
2303,Eagle Pass,Texas,US-Mexico Border,2024-05-01,28.705483,-100.511977,297,22401
2303,Eagle Pass,Texas,US-Mexico Border,2024-06-01,28.705483,-100.511977,249,20002
2303,Eagle Pass,Texas,US-Mexico Border,2024-07-01,28.705483,-100.511977,274,19829
2303,Eagle Pass,Texas,US-Mexico Border,2024-08-01,28.705483,-100.511977,302,22315
2303,Eagle Pass,Texas,US-Mexico Border,2024-09-01,28.705483,-100.511977,275,20958
2303,Eagle Pass,Texas,US-Mexico Border,2024-10-01,28.705483,-100.511977,311,25567
2303,Eagle Pass,Texas,US-Mexico Border,2024-11-01,28.705483,-100.511977,302,24927
2303,Eagle Pass,Texas,US-Mexico Border,2024-12-01,28.705483,-100.511977,294,24923
2304,Laredo,Texas,US-Mexico Border,2018-01-01,27.499561,-99.507412,345,184060
2304,Laredo,Texas,US-Mexico Border,2018-02-01,27.499561,-99.507412,316,178058
2304,Laredo,Texas,US-Mexico Border,2018-03-01,27.499561,-99.507412,345,194180
2304,Laredo,Texas,US-Mexico Border,2018-04-01,27.499561,-99.507412,332,198066
2304,Laredo,Texas,US-Mexico Border,2018-05-01,27.499561,-99.507412,349,200723
2304,Laredo,Texas,US-Mexico Border,2018-06-01,27.499561,-99.507412,367,193582
2304,Laredo,Texas,US-Mexico Border,2018-07-01,27.499561,-99.507412,366,193504
2304,Laredo,Texas,US-Mexico Border,2018-08-01,27.499561,-99.507412,348,207528
2304,Laredo,Texas,US-Mexico Border,2018-09-01,27.499561,-99.507412,370,186206
2304,Laredo,Texas,US-Mexico Border,2018-10-01,27.499561,-99.507412,380,209587
2304,Laredo,Texas,US-Mexico Border,2018-11-01,27.499561,-99.507412,370,197412
2304,Laredo,Texas,US-Mexico Border,2018-12-01,27.499561,-99.507412,363,171061
2304,Laredo,Texas,US-Mexico Border,2019-01-01,27.499561,-99.507412,377,195640
2304,Laredo,Texas,US-Mexico Border,2019-02-01,27.499561,-99.507412,355,187418
2304,Laredo,Texas,US-Mexico Border,2019-03-01,27.499561,-99.507412,398,205913
2304,Laredo,Texas,US-Mexico Border,2019-04-01,27.499561,-99.507412,367,189707
2304,Laredo,Texas,US-Mexico Border,2019-05-01,27.499561,-99.507412,379,209333
2304,Laredo,Texas,US-Mexico Border,2019-06-01,27.499561,-99.507412,390,195963
2304,Laredo,Texas,US-Mexico Border,2019-07-01,27.499561,-99.507412,414,207743
2304,Laredo,Texas,US-Mexico Border,2019-08-01,27.499561,-99.507412,420,207401
2304,Laredo,Texas,US-Mexico Border,2019-09-01,27.499561,-99.507412,373,191469
2304,Laredo,Texas,US-Mexico Border,2019-10-01,27.499561,-99.507412,380,209013
2304,Laredo,Texas,US-Mexico Border,2019-11-01,27.499561,-99.507412,372,191148
2304,Laredo,Texas,US-Mexico Border,2019-12-01,27.499561,-99.507412,362,173933
2304,Laredo,Texas,US-Mexico Border,2020-01-01,27.499561,-99.507412,359,194588
2304,Laredo,Texas,US-Mexico Border,2020-02-01,27.499561,-99.507412,371,190252
2304,Laredo,Texas,US-Mexico Border,2020-03-01,27.499561,-99.507412,401,203861
2304,Laredo,Texas,US-Mexico Border,2020-04-01,27.499561,-99.507412,246,146443
2304,Laredo,Texas,US-Mexico Border,2020-05-01,27.499561,-99.507412,203,142673
2304,Laredo,Texas,US-Mexico Border,2020-06-01,27.499561,-99.507412,280,190004
2304,Laredo,Texas,US-Mexico Border,2020-07-01,27.499561,-99.507412,312,205588
2304,Laredo,Texas,US-Mexico Border,2020-08-01,27.499561,-99.507412,350,206216
2304,Laredo,Texas,US-Mexico Border,2020-09-01,27.499561,-99.507412,362,208365
2304,Laredo,Texas,US-Mexico Border,2020-10-01,27.499561,-99.507412,404,221700
2304,Laredo,Texas,US-Mexico Border,2020-11-01,27.499561,-99.507412,388,212898
2304,Laredo,Texas,US-Mexico Border,2020-12-01,27.499561,-99.507412,402,197313
2304,Laredo,Texas,US-Mexico Border,2021-01-01,27.499561,-99.507412,392,200777
2304,Laredo,Texas,US-Mexico Border,2021-02-01,27.499561,-99.507412,327,184524
2304,Laredo,Texas,US-Mexico Border,2021-03-01,27.499561,-99.507412,389,229568
2304,Laredo,Texas,US-Mexico Border,2021-04-01,27.499561,-99.507412,386,215118
2304,Laredo,Texas,US-Mexico Border,2021-05-01,27.499561,-99.507412,378,202498
2304,Laredo,Texas,US-Mexico Border,2021-06-01,27.499561,-99.507412,387,222308
2304,Laredo,Texas,US-Mexico Border,2021-07-01,27.499561,-99.507412,372,215435
2304,Laredo,Texas,US-Mexico Border,2021-08-01,27.499561,-99.507412,316,221192
2304,Laredo,Texas,US-Mexico Border,2021-09-01,27.499561,-99.507412,282,216508
2304,Laredo,Texas,US-Mexico Border,2021-10-01,27.499561,-99.507412,369,225399
2304,Laredo,Texas,US-Mexico Border,2021-11-01,27.499561,-99.507412,362,221978
2304,Laredo,Texas,US-Mexico Border,2021-12-01,27.499561,-99.507412,370,213166
2304,Laredo,Texas,US-Mexico Border,2022-01-01,27.499561,-99.507412,369,212363
2304,Laredo,Texas,US-Mexico Border,2022-02-01,27.499561,-99.507412,319,212929
2304,Laredo,Texas,US-Mexico Border,2022-03-01,27.499561,-99.507412,386,251385
2304,Laredo,Texas,US-Mexico Border,2022-04-01,27.499561,-99.507412,397,223131
2304,Laredo,Texas,US-Mexico Border,2022-05-01,27.499561,-99.507412,395,242126
2304,Laredo,Texas,US-Mexico Border,2022-06-01,27.499561,-99.507412,391,240251
2304,Laredo,Texas,US-Mexico Border,2022-07-01,27.499561,-99.507412,378,228543
2304,Laredo,Texas,US-Mexico Border,2022-08-01,27.499561,-99.507412,392,251218
2304,Laredo,Texas,US-Mexico Border,2022-09-01,27.499561,-99.507412,410,237896
2304,Laredo,Texas,US-Mexico Border,2022-10-01,27.499561,-99.507412,414,246158
2304,Laredo,Texas,US-Mexico Border,2022-11-01,27.499561,-99.507412,363,232423
2304,Laredo,Texas,US-Mexico Border,2022-12-01,27.499561,-99.507412,378,221178
2304,Laredo,Texas,US-Mexico Border,2023-01-01,27.499561,-99.507412,367,232840
2304,Laredo,Texas,US-Mexico Border,2023-02-01,27.499561,-99.507412,333,229763
2304,Laredo,Texas,US-Mexico Border,2023-03-01,27.499561,-99.507412,398,263896
2304,Laredo,Texas,US-Mexico Border,2023-04-01,27.499561,-99.507412,429,225025
2304,Laredo,Texas,US-Mexico Border,2023-05-01,27.499561,-99.507412,370,258137
2304,Laredo,Texas,US-Mexico Border,2023-06-01,27.499561,-99.507412,366,252039
2304,Laredo,Texas,US-Mexico Border,2023-07-01,27.499561,-99.507412,350,239167
2304,Laredo,Texas,US-Mexico Border,2023-08-01,27.499561,-99.507412,346,260288
2304,Laredo,Texas,US-Mexico Border,2023-09-01,27.499561,-99.507412,366,244489
2304,Laredo,Texas,US-Mexico Border,2023-10-01,27.499561,-99.507412,374,261166
2304,Laredo,Texas,US-Mexico Border,2023-11-01,27.499561,-99.507412,365,245343
2304,Laredo,Texas,US-Mexico Border,2023-12-01,27.499561,-99.507412,351,223977
2304,Laredo,Texas,US-Mexico Border,2024-01-01,27.499561,-99.507412,320,244595
2304,Laredo,Texas,US-Mexico Border,2024-02-01,27.499561,-99.507412,340,251110
2304,Laredo,Texas,US-Mexico Border,2024-03-01,27.499561,-99.507412,368,255926
2304,Laredo,Texas,US-Mexico Border,2024-04-01,27.499561,-99.507412,333,267884
2304,Laredo,Texas,US-Mexico Border,2024-05-01,27.499561,-99.507412,340,261745
2304,Laredo,Texas,US-Mexico Border,2024-06-01,27.499561,-99.507412,346,250670
2304,Laredo,Texas,US-Mexico Border,2024-07-01,27.499561,-99.507412,332,260600
2304,Laredo,Texas,US-Mexico Border,2024-08-01,27.499561,-99.507412,354,263414
2304,Laredo,Texas,US-Mexico Border,2024-09-01,27.499561,-99.507412,340,239740
2304,Laredo,Texas,US-Mexico Border,2024-10-01,27.499561,-99.507412,351,267428
2304,Laredo,Texas,US-Mexico Border,2024-11-01,27.499561,-99.507412,346,244194
2304,Laredo,Texas,US-Mexico Border,2024-12-01,27.499561,-99.507412,338,219326
2305,Hidalgo,Texas,US-Mexico Border,2018-01-01,26.095032,-98.271092,0,55090
2305,Hidalgo,Texas,US-Mexico Border,2018-02-01,26.095032,-98.271092,0,51612
2305,Hidalgo,Texas,US-Mexico Border,2018-03-01,26.095032,-98.271092,0,55997
2305,Hidalgo,Texas,US-Mexico Border,2018-04-01,26.095032,-98.271092,0,55151
2305,Hidalgo,Texas,US-Mexico Border,2018-05-01,26.095032,-98.271092,0,57750
2305,Hidalgo,Texas,US-Mexico Border,2018-06-01,26.095032,-98.271092,0,53592
2305,Hidalgo,Texas,US-Mexico Border,2018-07-01,26.095032,-98.271092,0,52427
2305,Hidalgo,Texas,US-Mexico Border,2018-08-01,26.095032,-98.271092,0,55545
2305,Hidalgo,Texas,US-Mexico Border,2018-09-01,26.095032,-98.271092,0,50725
2305,Hidalgo,Texas,US-Mexico Border,2018-10-01,26.095032,-98.271092,0,56845
2305,Hidalgo,Texas,US-Mexico Border,2018-11-01,26.095032,-98.271092,0,54269
2305,Hidalgo,Texas,US-Mexico Border,2018-12-01,26.095032,-98.271092,0,48154
2305,Hidalgo,Texas,US-Mexico Border,2019-01-01,26.095032,-98.271092,0,58510
2305,Hidalgo,Texas,US-Mexico Border,2019-02-01,26.095032,-98.271092,0,53892
2305,Hidalgo,Texas,US-Mexico Border,2019-03-01,26.095032,-98.271092,0,58226
2305,Hidalgo,Texas,US-Mexico Border,2019-04-01,26.095032,-98.271092,0,49755
2305,Hidalgo,Texas,US-Mexico Border,2019-05-01,26.095032,-98.271092,0,54585
2305,Hidalgo,Texas,US-Mexico Border,2019-06-01,26.095032,-98.271092,0,51637
2305,Hidalgo,Texas,US-Mexico Border,2019-07-01,26.095032,-98.271092,0,55439
2305,Hidalgo,Texas,US-Mexico Border,2019-08-01,26.095032,-98.271092,0,55225
2305,Hidalgo,Texas,US-Mexico Border,2019-09-01,26.095032,-98.271092,0,53387
2305,Hidalgo,Texas,US-Mexico Border,2019-10-01,26.095032,-98.271092,0,58883
2305,Hidalgo,Texas,US-Mexico Border,2019-11-01,26.095032,-98.271092,0,53065
2305,Hidalgo,Texas,US-Mexico Border,2019-12-01,26.095032,-98.271092,0,48975
2305,Hidalgo,Texas,US-Mexico Border,2020-01-01,26.095032,-98.271092,0,58516
2305,Hidalgo,Texas,US-Mexico Border,2020-02-01,26.095032,-98.271092,0,54368
2305,Hidalgo,Texas,US-Mexico Border,2020-03-01,26.095032,-98.271092,0,58111
2305,Hidalgo,Texas,US-Mexico Border,2020-04-01,26.095032,-98.271092,0,43761
2305,Hidalgo,Texas,US-Mexico Border,2020-05-01,26.095032,-98.271092,0,49212
2305,Hidalgo,Texas,US-Mexico Border,2020-06-01,26.095032,-98.271092,0,56191
2305,Hidalgo,Texas,US-Mexico Border,2020-07-01,26.095032,-98.271092,0,55406
2305,Hidalgo,Texas,US-Mexico Border,2020-08-01,26.095032,-98.271092,0,59582
2305,Hidalgo,Texas,US-Mexico Border,2020-09-01,26.095032,-98.271092,0,59822
2305,Hidalgo,Texas,US-Mexico Border,2020-10-01,26.095032,-98.271092,0,62073
2305,Hidalgo,Texas,US-Mexico Border,2020-11-01,26.095032,-98.271092,0,57609
2305,Hidalgo,Texas,US-Mexico Border,2020-12-01,26.095032,-98.271092,0,56855
2305,Hidalgo,Texas,US-Mexico Border,2021-01-01,26.095032,-98.271092,0,60500
2305,Hidalgo,Texas,US-Mexico Border,2021-02-01,26.095032,-98.271092,0,54928
2305,Hidalgo,Texas,US-Mexico Border,2021-03-01,26.095032,-98.271092,0,64467
2305,Hidalgo,Texas,US-Mexico Border,2021-04-01,26.095032,-98.271092,0,60069
2305,Hidalgo,Texas,US-Mexico Border,2021-05-01,26.095032,-98.271092,0,59203
2305,Hidalgo,Texas,US-Mexico Border,2021-06-01,26.095032,-98.271092,0,58137
2305,Hidalgo,Texas,US-Mexico Border,2021-07-01,26.095032,-98.271092,0,54170
2305,Hidalgo,Texas,US-Mexico Border,2021-08-01,26.095032,-98.271092,0,55558
2305,Hidalgo,Texas,US-Mexico Border,2021-09-01,26.095032,-98.271092,0,54656
2305,Hidalgo,Texas,US-Mexico Border,2021-10-01,26.095032,-98.271092,0,55042
2305,Hidalgo,Texas,US-Mexico Border,2021-11-01,26.095032,-98.271092,0,55934
2305,Hidalgo,Texas,US-Mexico Border,2021-12-01,26.095032,-98.271092,0,54995
2305,Hidalgo,Texas,US-Mexico Border,2022-01-01,26.095032,-98.271092,0,57327
2305,Hidalgo,Texas,US-Mexico Border,2022-02-01,26.095032,-98.271092,0,52670
2305,Hidalgo,Texas,US-Mexico Border,2022-03-01,26.095032,-98.271092,0,60127
2305,Hidalgo,Texas,US-Mexico Border,2022-04-01,26.095032,-98.271092,0,44656
2305,Hidalgo,Texas,US-Mexico Border,2022-05-01,26.095032,-98.271092,0,56489
2305,Hidalgo,Texas,US-Mexico Border,2022-06-01,26.095032,-98.271092,0,55997
2305,Hidalgo,Texas,US-Mexico Border,2022-07-01,26.095032,-98.271092,0,56065
2305,Hidalgo,Texas,US-Mexico Border,2022-08-01,26.095032,-98.271092,0,60215
2305,Hidalgo,Texas,US-Mexico Border,2022-09-01,26.095032,-98.271092,0,58045
2305,Hidalgo,Texas,US-Mexico Border,2022-10-01,26.095032,-98.271092,0,60255
2305,Hidalgo,Texas,US-Mexico Border,2022-11-01,26.095032,-98.271092,0,56608
2305,Hidalgo,Texas,US-Mexico Border,2022-12-01,26.095032,-98.271092,0,55382
2305,Hidalgo,Texas,US-Mexico Border,2023-01-01,26.095032,-98.271092,0,60882
2305,Hidalgo,Texas,US-Mexico Border,2023-02-01,26.095032,-98.271092,0,57298
2305,Hidalgo,Texas,US-Mexico Border,2023-03-01,26.095032,-98.271092,0,66062
2305,Hidalgo,Texas,US-Mexico Border,2023-04-01,26.095032,-98.271092,0,57309
2305,Hidalgo,Texas,US-Mexico Border,2023-05-01,26.095032,-98.271092,0,66372
2305,Hidalgo,Texas,US-Mexico Border,2023-06-01,26.095032,-98.271092,0,59389
2305,Hidalgo,Texas,US-Mexico Border,2023-07-01,26.095032,-98.271092,0,56440
2305,Hidalgo,Texas,US-Mexico Border,2023-08-01,26.095032,-98.271092,0,59677
2305,Hidalgo,Texas,US-Mexico Border,2023-09-01,26.095032,-98.271092,0,55673
2305,Hidalgo,Texas,US-Mexico Border,2023-10-01,26.095032,-98.271092,0,58693
2305,Hidalgo,Texas,US-Mexico Border,2023-11-01,26.095032,-98.271092,0,57262
2305,Hidalgo,Texas,US-Mexico Border,2023-12-01,26.095032,-98.271092,0,53669
2305,Hidalgo,Texas,US-Mexico Border,2024-01-01,26.095032,-98.271092,0,59622
2305,Hidalgo,Texas,US-Mexico Border,2024-02-01,26.095032,-98.271092,0,57782
2305,Hidalgo,Texas,US-Mexico Border,2024-03-01,26.095032,-98.271092,0,58455
2305,Hidalgo,Texas,US-Mexico Border,2024-04-01,26.095032,-98.271092,0,63737
2305,Hidalgo,Texas,US-Mexico Border,2024-05-01,26.095032,-98.271092,0,62557
2305,Hidalgo,Texas,US-Mexico Border,2024-06-01,26.095032,-98.271092,0,55944
2305,Hidalgo,Texas,US-Mexico Border,2024-07-01,26.095032,-98.271092,0,60047
2305,Hidalgo,Texas,US-Mexico Border,2024-08-01,26.095032,-98.271092,0,62206
2305,Hidalgo,Texas,US-Mexico Border,2024-09-01,26.095032,-98.271092,0,59134
2305,Hidalgo,Texas,US-Mexico Border,2024-10-01,26.095032,-98.271092,0,63726
2305,Hidalgo,Texas,US-Mexico Border,2024-11-01,26.095032,-98.271092,0,61408
2305,Hidalgo,Texas,US-Mexico Border,2024-12-01,26.095032,-98.271092,0,56871
2307,Rio Grande City,Texas,US-Mexico Border,2018-01-01,26.365761,-98.802513,0,2953
2307,Rio Grande City,Texas,US-Mexico Border,2018-02-01,26.365761,-98.802513,0,2899
2307,Rio Grande City,Texas,US-Mexico Border,2018-03-01,26.365761,-98.802513,0,3359
2307,Rio Grande City,Texas,US-Mexico Border,2018-04-01,26.365761,-98.802513,0,3487
2307,Rio Grande City,Texas,US-Mexico Border,2018-05-01,26.365761,-98.802513,0,3565
2307,Rio Grande City,Texas,US-Mexico Border,2018-06-01,26.365761,-98.802513,0,3106
2307,Rio Grande City,Texas,US-Mexico Border,2018-07-01,26.365761,-98.802513,0,3222
2307,Rio Grande City,Texas,US-Mexico Border,2018-08-01,26.365761,-98.802513,0,3238
2307,Rio Grande City,Texas,US-Mexico Border,2018-09-01,26.365761,-98.802513,0,2919
2307,Rio Grande City,Texas,US-Mexico Border,2018-10-01,26.365761,-98.802513,0,3379
2307,Rio Grande City,Texas,US-Mexico Border,2018-11-01,26.365761,-98.802513,0,3174
2307,Rio Grande City,Texas,US-Mexico Border,2018-12-01,26.365761,-98.802513,0,2793
2307,Rio Grande City,Texas,US-Mexico Border,2019-01-01,26.365761,-98.802513,0,3174
2307,Rio Grande City,Texas,US-Mexico Border,2019-02-01,26.365761,-98.802513,0,3071
2307,Rio Grande City,Texas,US-Mexico Border,2019-03-01,26.365761,-98.802513,0,3468
2307,Rio Grande City,Texas,US-Mexico Border,2019-04-01,26.365761,-98.802513,0,3802
2307,Rio Grande City,Texas,US-Mexico Border,2019-05-01,26.365761,-98.802513,0,4003
2307,Rio Grande City,Texas,US-Mexico Border,2019-06-01,26.365761,-98.802513,0,3571
2307,Rio Grande City,Texas,US-Mexico Border,2019-07-01,26.365761,-98.802513,0,3673
2307,Rio Grande City,Texas,US-Mexico Border,2019-08-01,26.365761,-98.802513,0,3488
2307,Rio Grande City,Texas,US-Mexico Border,2019-09-01,26.365761,-98.802513,0,3070
2307,Rio Grande City,Texas,US-Mexico Border,2019-10-01,26.365761,-98.802513,0,3715
2307,Rio Grande City,Texas,US-Mexico Border,2019-11-01,26.365761,-98.802513,0,3157
2307,Rio Grande City,Texas,US-Mexico Border,2019-12-01,26.365761,-98.802513,0,2916
2307,Rio Grande City,Texas,US-Mexico Border,2020-01-01,26.365761,-98.802513,0,3545
2307,Rio Grande City,Texas,US-Mexico Border,2020-02-01,26.365761,-98.802513,0,3268
2307,Rio Grande City,Texas,US-Mexico Border,2020-03-01,26.365761,-98.802513,0,3774
2307,Rio Grande City,Texas,US-Mexico Border,2020-04-01,26.365761,-98.802513,0,2929
2307,Rio Grande City,Texas,US-Mexico Border,2020-05-01,26.365761,-98.802513,0,3044
2307,Rio Grande City,Texas,US-Mexico Border,2020-06-01,26.365761,-98.802513,0,3559
2307,Rio Grande City,Texas,US-Mexico Border,2020-07-01,26.365761,-98.802513,0,3539
2307,Rio Grande City,Texas,US-Mexico Border,2020-08-01,26.365761,-98.802513,0,3187
2307,Rio Grande City,Texas,US-Mexico Border,2020-09-01,26.365761,-98.802513,0,3498
2307,Rio Grande City,Texas,US-Mexico Border,2020-10-01,26.365761,-98.802513,0,3847
2307,Rio Grande City,Texas,US-Mexico Border,2020-11-01,26.365761,-98.802513,0,3489
2307,Rio Grande City,Texas,US-Mexico Border,2020-12-01,26.365761,-98.802513,0,2903
2307,Rio Grande City,Texas,US-Mexico Border,2021-01-01,26.365761,-98.802513,0,2977
2307,Rio Grande City,Texas,US-Mexico Border,2021-02-01,26.365761,-98.802513,0,3071
2307,Rio Grande City,Texas,US-Mexico Border,2021-03-01,26.365761,-98.802513,0,4032
2307,Rio Grande City,Texas,US-Mexico Border,2021-04-01,26.365761,-98.802513,0,3687
2307,Rio Grande City,Texas,US-Mexico Border,2021-05-01,26.365761,-98.802513,0,4045
2307,Rio Grande City,Texas,US-Mexico Border,2021-06-01,26.365761,-98.802513,0,3717
2307,Rio Grande City,Texas,US-Mexico Border,2021-07-01,26.365761,-98.802513,0,3931
2307,Rio Grande City,Texas,US-Mexico Border,2021-08-01,26.365761,-98.802513,0,4273
2307,Rio Grande City,Texas,US-Mexico Border,2021-09-01,26.365761,-98.802513,0,4256
2307,Rio Grande City,Texas,US-Mexico Border,2021-10-01,26.365761,-98.802513,0,4445
2307,Rio Grande City,Texas,US-Mexico Border,2021-11-01,26.365761,-98.802513,0,4293
2307,Rio Grande City,Texas,US-Mexico Border,2021-12-01,26.365761,-98.802513,0,4118
2307,Rio Grande City,Texas,US-Mexico Border,2022-01-01,26.365761,-98.802513,0,3835
2307,Rio Grande City,Texas,US-Mexico Border,2022-02-01,26.365761,-98.802513,0,3971
2307,Rio Grande City,Texas,US-Mexico Border,2022-03-01,26.365761,-98.802513,0,4384
2307,Rio Grande City,Texas,US-Mexico Border,2022-04-01,26.365761,-98.802513,0,5091
2307,Rio Grande City,Texas,US-Mexico Border,2022-05-01,26.365761,-98.802513,0,4743
2307,Rio Grande City,Texas,US-Mexico Border,2022-06-01,26.365761,-98.802513,0,4613
2307,Rio Grande City,Texas,US-Mexico Border,2022-07-01,26.365761,-98.802513,0,4502
2307,Rio Grande City,Texas,US-Mexico Border,2022-08-01,26.365761,-98.802513,0,4693
2307,Rio Grande City,Texas,US-Mexico Border,2022-09-01,26.365761,-98.802513,0,4094
2307,Rio Grande City,Texas,US-Mexico Border,2022-10-01,26.365761,-98.802513,0,3901
2307,Rio Grande City,Texas,US-Mexico Border,2022-11-01,26.365761,-98.802513,0,4197
2307,Rio Grande City,Texas,US-Mexico Border,2022-12-01,26.365761,-98.802513,0,3434
2307,Rio Grande City,Texas,US-Mexico Border,2023-01-01,26.365761,-98.802513,0,3664
2307,Rio Grande City,Texas,US-Mexico Border,2023-02-01,26.365761,-98.802513,0,3531
2307,Rio Grande City,Texas,US-Mexico Border,2023-03-01,26.365761,-98.802513,0,4034
2307,Rio Grande City,Texas,US-Mexico Border,2023-04-01,26.365761,-98.802513,0,3731
2307,Rio Grande City,Texas,US-Mexico Border,2023-05-01,26.365761,-98.802513,0,4174
2307,Rio Grande City,Texas,US-Mexico Border,2023-06-01,26.365761,-98.802513,0,3884
2307,Rio Grande City,Texas,US-Mexico Border,2023-07-01,26.365761,-98.802513,0,3638
2307,Rio Grande City,Texas,US-Mexico Border,2023-08-01,26.365761,-98.802513,0,3563
2307,Rio Grande City,Texas,US-Mexico Border,2023-09-01,26.365761,-98.802513,0,3519
2307,Rio Grande City,Texas,US-Mexico Border,2023-10-01,26.365761,-98.802513,0,3552
2307,Rio Grande City,Texas,US-Mexico Border,2023-11-01,26.365761,-98.802513,0,3327
2307,Rio Grande City,Texas,US-Mexico Border,2023-12-01,26.365761,-98.802513,0,2940
2307,Rio Grande City,Texas,US-Mexico Border,2024-01-01,26.365761,-98.802513,0,3063
2307,Rio Grande City,Texas,US-Mexico Border,2024-02-01,26.365761,-98.802513,0,3085
2307,Rio Grande City,Texas,US-Mexico Border,2024-03-01,26.365761,-98.802513,0,3119
2307,Rio Grande City,Texas,US-Mexico Border,2024-04-01,26.365761,-98.802513,0,3456
2307,Rio Grande City,Texas,US-Mexico Border,2024-05-01,26.365761,-98.802513,0,3492
2307,Rio Grande City,Texas,US-Mexico Border,2024-06-01,26.365761,-98.802513,0,3415
2307,Rio Grande City,Texas,US-Mexico Border,2024-07-01,26.365761,-98.802513,0,3668
2307,Rio Grande City,Texas,US-Mexico Border,2024-08-01,26.365761,-98.802513,0,3054
2307,Rio Grande City,Texas,US-Mexico Border,2024-09-01,26.365761,-98.802513,0,3358
2307,Rio Grande City,Texas,US-Mexico Border,2024-10-01,26.365761,-98.802513,0,3893
2307,Rio Grande City,Texas,US-Mexico Border,2024-11-01,26.365761,-98.802513,0,4041
2307,Rio Grande City,Texas,US-Mexico Border,2024-12-01,26.365761,-98.802513,0,3345
2309,Progreso,Texas,US-Mexico Border,2018-01-01,26.062133,-97.949958,0,4273
2309,Progreso,Texas,US-Mexico Border,2018-02-01,26.062133,-97.949958,0,4784
2309,Progreso,Texas,US-Mexico Border,2018-03-01,26.062133,-97.949958,0,5441
2309,Progreso,Texas,US-Mexico Border,2018-04-01,26.062133,-97.949958,0,5067
2309,Progreso,Texas,US-Mexico Border,2018-05-01,26.062133,-97.949958,0,4371
2309,Progreso,Texas,US-Mexico Border,2018-06-01,26.062133,-97.949958,0,3266
2309,Progreso,Texas,US-Mexico Border,2018-07-01,26.062133,-97.949958,0,3829
2309,Progreso,Texas,US-Mexico Border,2018-08-01,26.062133,-97.949958,0,4335
2309,Progreso,Texas,US-Mexico Border,2018-09-01,26.062133,-97.949958,0,3597
2309,Progreso,Texas,US-Mexico Border,2018-10-01,26.062133,-97.949958,0,4095
2309,Progreso,Texas,US-Mexico Border,2018-11-01,26.062133,-97.949958,0,4143
2309,Progreso,Texas,US-Mexico Border,2018-12-01,26.062133,-97.949958,0,3594
2309,Progreso,Texas,US-Mexico Border,2019-01-01,26.062133,-97.949958,0,4608
2309,Progreso,Texas,US-Mexico Border,2019-02-01,26.062133,-97.949958,0,4390
2309,Progreso,Texas,US-Mexico Border,2019-03-01,26.062133,-97.949958,0,5198
2309,Progreso,Texas,US-Mexico Border,2019-04-01,26.062133,-97.949958,0,4025
2309,Progreso,Texas,US-Mexico Border,2019-05-01,26.062133,-97.949958,0,4266
2309,Progreso,Texas,US-Mexico Border,2019-06-01,26.062133,-97.949958,0,4094
2309,Progreso,Texas,US-Mexico Border,2019-07-01,26.062133,-97.949958,0,4857
2309,Progreso,Texas,US-Mexico Border,2019-08-01,26.062133,-97.949958,0,5080
2309,Progreso,Texas,US-Mexico Border,2019-09-01,26.062133,-97.949958,0,4526
2309,Progreso,Texas,US-Mexico Border,2019-10-01,26.062133,-97.949958,0,5207
2309,Progreso,Texas,US-Mexico Border,2019-11-01,26.062133,-97.949958,0,4396
2309,Progreso,Texas,US-Mexico Border,2019-12-01,26.062133,-97.949958,0,4153
2309,Progreso,Texas,US-Mexico Border,2020-01-01,26.062133,-97.949958,0,5074
2309,Progreso,Texas,US-Mexico Border,2020-02-01,26.062133,-97.949958,0,4559
2309,Progreso,Texas,US-Mexico Border,2020-03-01,26.062133,-97.949958,0,5298
2309,Progreso,Texas,US-Mexico Border,2020-04-01,26.062133,-97.949958,0,3580
2309,Progreso,Texas,US-Mexico Border,2020-05-01,26.062133,-97.949958,0,3824
2309,Progreso,Texas,US-Mexico Border,2020-06-01,26.062133,-97.949958,0,3898
2309,Progreso,Texas,US-Mexico Border,2020-07-01,26.062133,-97.949958,0,4509
2309,Progreso,Texas,US-Mexico Border,2020-08-01,26.062133,-97.949958,0,4083
2309,Progreso,Texas,US-Mexico Border,2020-09-01,26.062133,-97.949958,0,4347
2309,Progreso,Texas,US-Mexico Border,2020-10-01,26.062133,-97.949958,0,4812
2309,Progreso,Texas,US-Mexico Border,2020-11-01,26.062133,-97.949958,0,4165
2309,Progreso,Texas,US-Mexico Border,2020-12-01,26.062133,-97.949958,0,4360
2309,Progreso,Texas,US-Mexico Border,2021-01-01,26.062133,-97.949958,0,4624
2309,Progreso,Texas,US-Mexico Border,2021-02-01,26.062133,-97.949958,0,4311
2309,Progreso,Texas,US-Mexico Border,2021-03-01,26.062133,-97.949958,0,5661
2309,Progreso,Texas,US-Mexico Border,2021-04-01,26.062133,-97.949958,0,4722
2309,Progreso,Texas,US-Mexico Border,2021-05-01,26.062133,-97.949958,0,3772
2309,Progreso,Texas,US-Mexico Border,2021-06-01,26.062133,-97.949958,0,3627
2309,Progreso,Texas,US-Mexico Border,2021-07-01,26.062133,-97.949958,0,4597
2309,Progreso,Texas,US-Mexico Border,2021-08-01,26.062133,-97.949958,0,5260
2309,Progreso,Texas,US-Mexico Border,2021-09-01,26.062133,-97.949958,0,5180
2309,Progreso,Texas,US-Mexico Border,2021-10-01,26.062133,-97.949958,0,4835
2309,Progreso,Texas,US-Mexico Border,2021-11-01,26.062133,-97.949958,0,4227
2309,Progreso,Texas,US-Mexico Border,2021-12-01,26.062133,-97.949958,0,4130
2309,Progreso,Texas,US-Mexico Border,2022-01-01,26.062133,-97.949958,0,4033
2309,Progreso,Texas,US-Mexico Border,2022-02-01,26.062133,-97.949958,0,4086
2309,Progreso,Texas,US-Mexico Border,2022-03-01,26.062133,-97.949958,0,4865
2309,Progreso,Texas,US-Mexico Border,2022-04-01,26.062133,-97.949958,0,4665
2309,Progreso,Texas,US-Mexico Border,2022-05-01,26.062133,-97.949958,0,3892
2309,Progreso,Texas,US-Mexico Border,2022-06-01,26.062133,-97.949958,0,3069
2309,Progreso,Texas,US-Mexico Border,2022-07-01,26.062133,-97.949958,0,3680
2309,Progreso,Texas,US-Mexico Border,2022-08-01,26.062133,-97.949958,0,3761
2309,Progreso,Texas,US-Mexico Border,2022-09-01,26.062133,-97.949958,0,3236
2309,Progreso,Texas,US-Mexico Border,2022-10-01,26.062133,-97.949958,0,3754
2309,Progreso,Texas,US-Mexico Border,2022-11-01,26.062133,-97.949958,0,3259
2309,Progreso,Texas,US-Mexico Border,2022-12-01,26.062133,-97.949958,0,3267
2309,Progreso,Texas,US-Mexico Border,2023-01-01,26.062133,-97.949958,0,3550
2309,Progreso,Texas,US-Mexico Border,2023-02-01,26.062133,-97.949958,0,3610
2309,Progreso,Texas,US-Mexico Border,2023-03-01,26.062133,-97.949958,0,4704
2309,Progreso,Texas,US-Mexico Border,2023-04-01,26.062133,-97.949958,0,3067
2309,Progreso,Texas,US-Mexico Border,2023-05-01,26.062133,-97.949958,0,3751
2309,Progreso,Texas,US-Mexico Border,2023-06-01,26.062133,-97.949958,0,3640
2309,Progreso,Texas,US-Mexico Border,2023-07-01,26.062133,-97.949958,0,4095
2309,Progreso,Texas,US-Mexico Border,2023-08-01,26.062133,-97.949958,0,2578
2309,Progreso,Texas,US-Mexico Border,2023-09-01,26.062133,-97.949958,0,4057
2309,Progreso,Texas,US-Mexico Border,2023-10-01,26.062133,-97.949958,0,4957
2309,Progreso,Texas,US-Mexico Border,2023-11-01,26.062133,-97.949958,0,4372
2309,Progreso,Texas,US-Mexico Border,2023-12-01,26.062133,-97.949958,0,4139
2309,Progreso,Texas,US-Mexico Border,2024-01-01,26.062133,-97.949958,0,4423
2309,Progreso,Texas,US-Mexico Border,2024-02-01,26.062133,-97.949958,0,4781
2309,Progreso,Texas,US-Mexico Border,2024-03-01,26.062133,-97.949958,0,4967
2309,Progreso,Texas,US-Mexico Border,2024-04-01,26.062133,-97.949958,0,4859
2309,Progreso,Texas,US-Mexico Border,2024-05-01,26.062133,-97.949958,0,4307
2309,Progreso,Texas,US-Mexico Border,2024-06-01,26.062133,-97.949958,0,3979
2309,Progreso,Texas,US-Mexico Border,2024-07-01,26.062133,-97.949958,0,5617
2309,Progreso,Texas,US-Mexico Border,2024-08-01,26.062133,-97.949958,0,6601
2309,Progreso,Texas,US-Mexico Border,2024-09-01,26.062133,-97.949958,0,7228
2309,Progreso,Texas,US-Mexico Border,2024-10-01,26.062133,-97.949958,0,4242
2309,Progreso,Texas,US-Mexico Border,2024-11-01,26.062133,-97.949958,0,3560
2309,Progreso,Texas,US-Mexico Border,2024-12-01,26.062133,-97.949958,0,3494
2310,Roma,Texas,US-Mexico Border,2018-01-01,26.403928,-99.018981,0,609
2310,Roma,Texas,US-Mexico Border,2018-02-01,26.403928,-99.018981,0,596
2310,Roma,Texas,US-Mexico Border,2018-03-01,26.403928,-99.018981,0,622
2310,Roma,Texas,US-Mexico Border,2018-04-01,26.403928,-99.018981,0,583
2310,Roma,Texas,US-Mexico Border,2018-05-01,26.403928,-99.018981,0,700
2310,Roma,Texas,US-Mexico Border,2018-06-01,26.403928,-99.018981,0,650
2310,Roma,Texas,US-Mexico Border,2018-07-01,26.403928,-99.018981,0,596
2310,Roma,Texas,US-Mexico Border,2018-08-01,26.403928,-99.018981,0,721
2310,Roma,Texas,US-Mexico Border,2018-09-01,26.403928,-99.018981,0,755
2310,Roma,Texas,US-Mexico Border,2018-10-01,26.403928,-99.018981,0,829
2310,Roma,Texas,US-Mexico Border,2018-11-01,26.403928,-99.018981,0,725
2310,Roma,Texas,US-Mexico Border,2018-12-01,26.403928,-99.018981,0,725
2310,Roma,Texas,US-Mexico Border,2019-01-01,26.403928,-99.018981,0,841
2310,Roma,Texas,US-Mexico Border,2019-02-01,26.403928,-99.018981,0,871
2310,Roma,Texas,US-Mexico Border,2019-03-01,26.403928,-99.018981,0,981
2310,Roma,Texas,US-Mexico Border,2019-04-01,26.403928,-99.018981,0,893
2310,Roma,Texas,US-Mexico Border,2019-05-01,26.403928,-99.018981,0,1013
2310,Roma,Texas,US-Mexico Border,2019-06-01,26.403928,-99.018981,0,907
2310,Roma,Texas,US-Mexico Border,2019-07-01,26.403928,-99.018981,0,1120
2310,Roma,Texas,US-Mexico Border,2019-08-01,26.403928,-99.018981,0,1088
2310,Roma,Texas,US-Mexico Border,2019-09-01,26.403928,-99.018981,0,974
2310,Roma,Texas,US-Mexico Border,2019-10-01,26.403928,-99.018981,0,1145
2310,Roma,Texas,US-Mexico Border,2019-11-01,26.403928,-99.018981,0,1210
2310,Roma,Texas,US-Mexico Border,2019-12-01,26.403928,-99.018981,0,1369
2310,Roma,Texas,US-Mexico Border,2020-01-01,26.403928,-99.018981,0,1499
2310,Roma,Texas,US-Mexico Border,2020-02-01,26.403928,-99.018981,0,1562
2310,Roma,Texas,US-Mexico Border,2020-03-01,26.403928,-99.018981,0,1850
2310,Roma,Texas,US-Mexico Border,2020-04-01,26.403928,-99.018981,0,1347
2310,Roma,Texas,US-Mexico Border,2020-05-01,26.403928,-99.018981,0,1576
2310,Roma,Texas,US-Mexico Border,2020-06-01,26.403928,-99.018981,0,1891
2310,Roma,Texas,US-Mexico Border,2020-07-01,26.403928,-99.018981,0,2059
2310,Roma,Texas,US-Mexico Border,2020-08-01,26.403928,-99.018981,0,2045
2310,Roma,Texas,US-Mexico Border,2020-09-01,26.403928,-99.018981,0,2212
2310,Roma,Texas,US-Mexico Border,2020-10-01,26.403928,-99.018981,0,2380
2310,Roma,Texas,US-Mexico Border,2020-11-01,26.403928,-99.018981,0,2373
2310,Roma,Texas,US-Mexico Border,2020-12-01,26.403928,-99.018981,0,2352
2310,Roma,Texas,US-Mexico Border,2021-01-01,26.403928,-99.018981,0,2497
2310,Roma,Texas,US-Mexico Border,2021-02-01,26.403928,-99.018981,0,2060
2310,Roma,Texas,US-Mexico Border,2021-03-01,26.403928,-99.018981,0,2661
2310,Roma,Texas,US-Mexico Border,2021-04-01,26.403928,-99.018981,0,2457
2310,Roma,Texas,US-Mexico Border,2021-05-01,26.403928,-99.018981,0,2666
2310,Roma,Texas,US-Mexico Border,2021-06-01,26.403928,-99.018981,0,2853
2310,Roma,Texas,US-Mexico Border,2021-07-01,26.403928,-99.018981,0,2778
2310,Roma,Texas,US-Mexico Border,2021-08-01,26.403928,-99.018981,0,2881
2310,Roma,Texas,US-Mexico Border,2021-09-01,26.403928,-99.018981,0,3033
2310,Roma,Texas,US-Mexico Border,2021-10-01,26.403928,-99.018981,0,3212
2310,Roma,Texas,US-Mexico Border,2021-11-01,26.403928,-99.018981,0,3021
2310,Roma,Texas,US-Mexico Border,2021-12-01,26.403928,-99.018981,0,2900
2310,Roma,Texas,US-Mexico Border,2022-01-01,26.403928,-99.018981,0,2723
2310,Roma,Texas,US-Mexico Border,2022-02-01,26.403928,-99.018981,0,2735
2310,Roma,Texas,US-Mexico Border,2022-03-01,26.403928,-99.018981,0,3338
2310,Roma,Texas,US-Mexico Border,2022-04-01,26.403928,-99.018981,0,3583
2310,Roma,Texas,US-Mexico Border,2022-05-01,26.403928,-99.018981,0,3319
2310,Roma,Texas,US-Mexico Border,2022-06-01,26.403928,-99.018981,0,3434
2310,Roma,Texas,US-Mexico Border,2022-07-01,26.403928,-99.018981,0,3301
2310,Roma,Texas,US-Mexico Border,2022-08-01,26.403928,-99.018981,0,3497
2310,Roma,Texas,US-Mexico Border,2022-09-01,26.403928,-99.018981,0,3357
2310,Roma,Texas,US-Mexico Border,2022-10-01,26.403928,-99.018981,0,3371
2310,Roma,Texas,US-Mexico Border,2022-11-01,26.403928,-99.018981,0,3490
2310,Roma,Texas,US-Mexico Border,2022-12-01,26.403928,-99.018981,0,3437
2310,Roma,Texas,US-Mexico Border,2023-01-01,26.403928,-99.018981,0,3458
2310,Roma,Texas,US-Mexico Border,2023-02-01,26.403928,-99.018981,0,3179
2310,Roma,Texas,US-Mexico Border,2023-03-01,26.403928,-99.018981,0,3613
2310,Roma,Texas,US-Mexico Border,2023-04-01,26.403928,-99.018981,0,3304
2310,Roma,Texas,US-Mexico Border,2023-05-01,26.403928,-99.018981,0,4028
2310,Roma,Texas,US-Mexico Border,2023-06-01,26.403928,-99.018981,0,3931
2310,Roma,Texas,US-Mexico Border,2023-07-01,26.403928,-99.018981,0,3605
2310,Roma,Texas,US-Mexico Border,2023-08-01,26.403928,-99.018981,0,2772
2310,Roma,Texas,US-Mexico Border,2023-09-01,26.403928,-99.018981,0,3662
2310,Roma,Texas,US-Mexico Border,2023-10-01,26.403928,-99.018981,0,3789
2310,Roma,Texas,US-Mexico Border,2023-11-01,26.403928,-99.018981,0,3753
2310,Roma,Texas,US-Mexico Border,2023-12-01,26.403928,-99.018981,0,3355
2310,Roma,Texas,US-Mexico Border,2024-01-01,26.403928,-99.018981,0,3553
2310,Roma,Texas,US-Mexico Border,2024-02-01,26.403928,-99.018981,0,4083
2310,Roma,Texas,US-Mexico Border,2024-03-01,26.403928,-99.018981,0,4232
2310,Roma,Texas,US-Mexico Border,2024-04-01,26.403928,-99.018981,0,4102
2310,Roma,Texas,US-Mexico Border,2024-05-01,26.403928,-99.018981,0,4272
2310,Roma,Texas,US-Mexico Border,2024-06-01,26.403928,-99.018981,0,3525
2310,Roma,Texas,US-Mexico Border,2024-07-01,26.403928,-99.018981,0,3913
2310,Roma,Texas,US-Mexico Border,2024-08-01,26.403928,-99.018981,0,4058
2310,Roma,Texas,US-Mexico Border,2024-09-01,26.403928,-99.018981,0,3697
2310,Roma,Texas,US-Mexico Border,2024-10-01,26.403928,-99.018981,0,3752
2310,Roma,Texas,US-Mexico Border,2024-11-01,26.403928,-99.018981,0,3416
2310,Roma,Texas,US-Mexico Border,2024-12-01,26.403928,-99.018981,0,3259
2401,Ysleta,Texas,US-Mexico Border,2020-03-01,31.6731261376859,-106.335449846028,0,53842
2401,Ysleta,Texas,US-Mexico Border,2020-04-01,31.6731261376859,-106.335449846028,0,32299
2401,Ysleta,Texas,US-Mexico Border,2020-05-01,31.6731261376859,-106.335449846028,0,29914
2401,Ysleta,Texas,US-Mexico Border,2020-06-01,31.6731261376859,-106.335449846028,0,47765
2401,Ysleta,Texas,US-Mexico Border,2020-07-01,31.6731261376859,-106.335449846028,0,54839
2401,Ysleta,Texas,US-Mexico Border,2020-08-01,31.6731261376859,-106.335449846028,0,55746
2401,Ysleta,Texas,US-Mexico Border,2020-09-01,31.6731261376859,-106.335449846028,0,55428
2401,Ysleta,Texas,US-Mexico Border,2020-10-01,31.6731261376859,-106.335449846028,0,57317
2401,Ysleta,Texas,US-Mexico Border,2020-11-01,31.6731261376859,-106.335449846028,0,51126
2401,Ysleta,Texas,US-Mexico Border,2020-12-01,31.6731261376859,-106.335449846028,0,45456
2401,Ysleta,Texas,US-Mexico Border,2021-01-01,31.6731261376859,-106.335449846028,0,53513
2401,Ysleta,Texas,US-Mexico Border,2021-02-01,31.6731261376859,-106.335449846028,0,49651
2401,Ysleta,Texas,US-Mexico Border,2021-03-01,31.6731261376859,-106.335449846028,0,59521
2401,Ysleta,Texas,US-Mexico Border,2021-04-01,31.6731261376859,-106.335449846028,0,54381
2401,Ysleta,Texas,US-Mexico Border,2021-05-01,31.6731261376859,-106.335449846028,0,54831
2401,Ysleta,Texas,US-Mexico Border,2021-06-01,31.6731261376859,-106.335449846028,0,56604
2401,Ysleta,Texas,US-Mexico Border,2021-07-01,31.6731261376859,-106.335449846028,1,55532
2401,Ysleta,Texas,US-Mexico Border,2021-08-01,31.6731261376859,-106.335449846028,0,57387
2401,Ysleta,Texas,US-Mexico Border,2021-09-01,31.6731261376859,-106.335449846028,0,57624
2401,Ysleta,Texas,US-Mexico Border,2021-10-01,31.6731261376859,-106.335449846028,0,58800
2401,Ysleta,Texas,US-Mexico Border,2021-11-01,31.6731261376859,-106.335449846028,4,57306
2401,Ysleta,Texas,US-Mexico Border,2021-12-01,31.6731261376859,-106.335449846028,0,53800
2401,Ysleta,Texas,US-Mexico Border,2022-01-01,31.6731261376859,-106.335449846028,0,56108
2401,Ysleta,Texas,US-Mexico Border,2022-02-01,31.6731261376859,-106.335449846028,0,52736
2401,Ysleta,Texas,US-Mexico Border,2022-03-01,31.6731261376859,-106.335449846028,0,59403
2401,Ysleta,Texas,US-Mexico Border,2022-04-01,31.6731261376859,-106.335449846028,0,47084
2401,Ysleta,Texas,US-Mexico Border,2022-05-01,31.6731261376859,-106.335449846028,0,54749
2401,Ysleta,Texas,US-Mexico Border,2022-06-01,31.6731261376859,-106.335449846028,0,56011
2401,Ysleta,Texas,US-Mexico Border,2022-07-01,31.6731261376859,-106.335449846028,0,52944
2401,Ysleta,Texas,US-Mexico Border,2022-08-01,31.6731261376859,-106.335449846028,0,56502
2401,Ysleta,Texas,US-Mexico Border,2022-09-01,31.6731261376859,-106.335449846028,0,54607
2401,Ysleta,Texas,US-Mexico Border,2022-10-01,31.6731261376859,-106.335449846028,0,55033
2401,Ysleta,Texas,US-Mexico Border,2022-11-01,31.6731261376859,-106.335449846028,0,52140
2401,Ysleta,Texas,US-Mexico Border,2022-12-01,31.6731261376859,-106.335449846028,0,53087
2401,Ysleta,Texas,US-Mexico Border,2023-01-01,31.6731261376859,-106.335449846028,0,60032
2401,Ysleta,Texas,US-Mexico Border,2023-02-01,31.6731261376859,-106.335449846028,0,56522
2401,Ysleta,Texas,US-Mexico Border,2023-03-01,31.6731261376859,-106.335449846028,0,63768
2401,Ysleta,Texas,US-Mexico Border,2023-04-01,31.6731261376859,-106.335449846028,0,49856
2401,Ysleta,Texas,US-Mexico Border,2023-05-01,31.6731261376859,-106.335449846028,0,59109
2401,Ysleta,Texas,US-Mexico Border,2023-06-01,31.6731261376859,-106.335449846028,0,58288
2401,Ysleta,Texas,US-Mexico Border,2023-07-01,31.6731261376859,-106.335449846028,0,55090
2401,Ysleta,Texas,US-Mexico Border,2023-08-01,31.6731261376859,-106.335449846028,0,62030
2401,Ysleta,Texas,US-Mexico Border,2023-09-01,31.6731261376859,-106.335449846028,0,37144
2401,Ysleta,Texas,US-Mexico Border,2023-10-01,31.6731261376859,-106.335449846028,0,37188
2401,Ysleta,Texas,US-Mexico Border,2023-11-01,31.6731261376859,-106.335449846028,0,54194
2401,Ysleta,Texas,US-Mexico Border,2023-12-01,31.6731261376859,-106.335449846028,0,47446
2401,Ysleta,Texas,US-Mexico Border,2024-01-01,31.6731261376859,-106.335449846028,0,55027
2401,Ysleta,Texas,US-Mexico Border,2024-02-01,31.6731261376859,-106.335449846028,0,52969
2401,Ysleta,Texas,US-Mexico Border,2024-03-01,31.6731261376859,-106.335449846028,0,54110
2401,Ysleta,Texas,US-Mexico Border,2024-04-01,31.6731261376859,-106.335449846028,0,54925
2401,Ysleta,Texas,US-Mexico Border,2024-05-01,31.6731261376859,-106.335449846028,0,53313
2401,Ysleta,Texas,US-Mexico Border,2024-06-01,31.6731261376859,-106.335449846028,0,51518
2401,Ysleta,Texas,US-Mexico Border,2024-07-01,31.6731261376859,-106.335449846028,0,59554
2401,Ysleta,Texas,US-Mexico Border,2024-08-01,31.6731261376859,-106.335449846028,0,61766
2401,Ysleta,Texas,US-Mexico Border,2024-09-01,31.6731261376859,-106.335449846028,0,58605
2401,Ysleta,Texas,US-Mexico Border,2024-10-01,31.6731261376859,-106.335449846028,0,61845
2401,Ysleta,Texas,US-Mexico Border,2024-11-01,31.6731261376859,-106.335449846028,0,55787
2401,Ysleta,Texas,US-Mexico Border,2024-12-01,31.6731261376859,-106.335449846028,0,51208
2402,El Paso,Texas,US-Mexico Border,2018-01-01,31.764363,-106.451188,104,65315
2402,El Paso,Texas,US-Mexico Border,2018-02-01,31.764363,-106.451188,84,62531
2402,El Paso,Texas,US-Mexico Border,2018-03-01,31.764363,-106.451188,102,67892
2402,El Paso,Texas,US-Mexico Border,2018-04-01,31.764363,-106.451188,109,67623
2402,El Paso,Texas,US-Mexico Border,2018-05-01,31.764363,-106.451188,117,70735
2402,El Paso,Texas,US-Mexico Border,2018-06-01,31.764363,-106.451188,117,67840
2402,El Paso,Texas,US-Mexico Border,2018-07-01,31.764363,-106.451188,120,65828
2402,El Paso,Texas,US-Mexico Border,2018-08-01,31.764363,-106.451188,122,72495
2402,El Paso,Texas,US-Mexico Border,2018-09-01,31.764363,-106.451188,115,65274
2402,El Paso,Texas,US-Mexico Border,2018-10-01,31.764363,-106.451188,124,75956
2402,El Paso,Texas,US-Mexico Border,2018-11-01,31.764363,-106.451188,138,70739
2402,El Paso,Texas,US-Mexico Border,2018-12-01,31.764363,-106.451188,127,58707
2402,El Paso,Texas,US-Mexico Border,2019-01-01,31.764363,-106.451188,123,71216
2402,El Paso,Texas,US-Mexico Border,2019-02-01,31.764363,-106.451188,122,65977
2402,El Paso,Texas,US-Mexico Border,2019-03-01,31.764363,-106.451188,118,68998
2402,El Paso,Texas,US-Mexico Border,2019-04-01,31.764363,-106.451188,112,57442
2402,El Paso,Texas,US-Mexico Border,2019-05-01,31.764363,-106.451188,134,68236
2402,El Paso,Texas,US-Mexico Border,2019-06-01,31.764363,-106.451188,121,63190
2402,El Paso,Texas,US-Mexico Border,2019-07-01,31.764363,-106.451188,136,67656
2402,El Paso,Texas,US-Mexico Border,2019-08-01,31.764363,-106.451188,132,69387
2402,El Paso,Texas,US-Mexico Border,2019-09-01,31.764363,-106.451188,135,65559
2402,El Paso,Texas,US-Mexico Border,2019-10-01,31.764363,-106.451188,115,71749
2402,El Paso,Texas,US-Mexico Border,2019-11-01,31.764363,-106.451188,112,64906
2402,El Paso,Texas,US-Mexico Border,2019-12-01,31.764363,-106.451188,97,58125
2402,El Paso,Texas,US-Mexico Border,2020-01-01,31.764363,-106.451188,92,67451
2402,El Paso,Texas,US-Mexico Border,2020-02-01,31.764363,-106.451188,98,62892
2402,El Paso,Texas,US-Mexico Border,2020-03-01,31.764363,-106.451188,114,13506
2402,El Paso,Texas,US-Mexico Border,2020-04-01,31.764363,-106.451188,92,11146
2402,El Paso,Texas,US-Mexico Border,2020-05-01,31.764363,-106.451188,79,10081
2402,El Paso,Texas,US-Mexico Border,2020-06-01,31.764363,-106.451188,82,13919
2402,El Paso,Texas,US-Mexico Border,2020-07-01,31.764363,-106.451188,92,15283
2402,El Paso,Texas,US-Mexico Border,2020-08-01,31.764363,-106.451188,94,15381
2402,El Paso,Texas,US-Mexico Border,2020-09-01,31.764363,-106.451188,58,15946
2402,El Paso,Texas,US-Mexico Border,2020-10-01,31.764363,-106.451188,45,16206
2402,El Paso,Texas,US-Mexico Border,2020-11-01,31.764363,-106.451188,92,13201
2402,El Paso,Texas,US-Mexico Border,2020-12-01,31.764363,-106.451188,89,18216
2402,El Paso,Texas,US-Mexico Border,2021-01-01,31.764363,-106.451188,87,13008
2402,El Paso,Texas,US-Mexico Border,2021-02-01,31.764363,-106.451188,97,12871
2402,El Paso,Texas,US-Mexico Border,2021-03-01,31.764363,-106.451188,105,16391
2402,El Paso,Texas,US-Mexico Border,2021-04-01,31.764363,-106.451188,121,15774
2402,El Paso,Texas,US-Mexico Border,2021-05-01,31.764363,-106.451188,123,14290
2402,El Paso,Texas,US-Mexico Border,2021-06-01,31.764363,-106.451188,93,15901
2402,El Paso,Texas,US-Mexico Border,2021-07-01,31.764363,-106.451188,69,16130
2402,El Paso,Texas,US-Mexico Border,2021-08-01,31.764363,-106.451188,62,16062
2402,El Paso,Texas,US-Mexico Border,2021-09-01,31.764363,-106.451188,56,15426
2402,El Paso,Texas,US-Mexico Border,2021-10-01,31.764363,-106.451188,121,15076
2402,El Paso,Texas,US-Mexico Border,2021-11-01,31.764363,-106.451188,110,14978
2402,El Paso,Texas,US-Mexico Border,2021-12-01,31.764363,-106.451188,105,14076
2402,El Paso,Texas,US-Mexico Border,2022-01-01,31.764363,-106.451188,108,13529
2402,El Paso,Texas,US-Mexico Border,2022-02-01,31.764363,-106.451188,96,12894
2402,El Paso,Texas,US-Mexico Border,2022-03-01,31.764363,-106.451188,101,14779
2402,El Paso,Texas,US-Mexico Border,2022-04-01,31.764363,-106.451188,94,12137
2402,El Paso,Texas,US-Mexico Border,2022-05-01,31.764363,-106.451188,91,14155
2402,El Paso,Texas,US-Mexico Border,2022-06-01,31.764363,-106.451188,99,14210
2402,El Paso,Texas,US-Mexico Border,2022-07-01,31.764363,-106.451188,98,13333
2402,El Paso,Texas,US-Mexico Border,2022-08-01,31.764363,-106.451188,99,15347
2402,El Paso,Texas,US-Mexico Border,2022-09-01,31.764363,-106.451188,114,14794
2402,El Paso,Texas,US-Mexico Border,2022-10-01,31.764363,-106.451188,113,14650
2402,El Paso,Texas,US-Mexico Border,2022-11-01,31.764363,-106.451188,103,14335
2402,El Paso,Texas,US-Mexico Border,2022-12-01,31.764363,-106.451188,109,7276
2402,El Paso,Texas,US-Mexico Border,2023-01-01,31.764363,-106.451188,112,3322
2402,El Paso,Texas,US-Mexico Border,2023-02-01,31.764363,-106.451188,101,3670
2402,El Paso,Texas,US-Mexico Border,2023-03-01,31.764363,-106.451188,112,4050
2402,El Paso,Texas,US-Mexico Border,2023-04-01,31.764363,-106.451188,106,6170
2402,El Paso,Texas,US-Mexico Border,2023-05-01,31.764363,-106.451188,111,10801
2402,El Paso,Texas,US-Mexico Border,2023-06-01,31.764363,-106.451188,107,11199
2402,El Paso,Texas,US-Mexico Border,2023-07-01,31.764363,-106.451188,103,9945
2402,El Paso,Texas,US-Mexico Border,2023-08-01,31.764363,-106.451188,107,11190
2402,El Paso,Texas,US-Mexico Border,2023-09-01,31.764363,-106.451188,96,5203
2402,El Paso,Texas,US-Mexico Border,2023-10-01,31.764363,-106.451188,113,5859
2402,El Paso,Texas,US-Mexico Border,2023-11-01,31.764363,-106.451188,114,9739
2402,El Paso,Texas,US-Mexico Border,2023-12-01,31.764363,-106.451188,111,8624
2402,El Paso,Texas,US-Mexico Border,2024-01-01,31.764363,-106.451188,136,10110
2402,El Paso,Texas,US-Mexico Border,2024-02-01,31.764363,-106.451188,128,11255
2402,El Paso,Texas,US-Mexico Border,2024-03-01,31.764363,-106.451188,131,10279
2402,El Paso,Texas,US-Mexico Border,2024-04-01,31.764363,-106.451188,128,11488
2402,El Paso,Texas,US-Mexico Border,2024-05-01,31.764363,-106.451188,101,10667
2402,El Paso,Texas,US-Mexico Border,2024-06-01,31.764363,-106.451188,130,10929
2402,El Paso,Texas,US-Mexico Border,2024-07-01,31.764363,-106.451188,139,11826
2402,El Paso,Texas,US-Mexico Border,2024-08-01,31.764363,-106.451188,116,12523
2402,El Paso,Texas,US-Mexico Border,2024-09-01,31.764363,-106.451188,104,10887
2402,El Paso,Texas,US-Mexico Border,2024-10-01,31.764363,-106.451188,122,12487
2402,El Paso,Texas,US-Mexico Border,2024-11-01,31.764363,-106.451188,107,10635
2402,El Paso,Texas,US-Mexico Border,2024-12-01,31.764363,-106.451188,100,10755
2403,Presidio,Texas,US-Mexico Border,2018-01-01,29.561827,-104.394907,0,852
2403,Presidio,Texas,US-Mexico Border,2018-02-01,29.561827,-104.394907,0,663
2403,Presidio,Texas,US-Mexico Border,2018-03-01,29.561827,-104.394907,0,666
2403,Presidio,Texas,US-Mexico Border,2018-04-01,29.561827,-104.394907,0,701
2403,Presidio,Texas,US-Mexico Border,2018-05-01,29.561827,-104.394907,0,680
2403,Presidio,Texas,US-Mexico Border,2018-06-01,29.561827,-104.394907,0,682
2403,Presidio,Texas,US-Mexico Border,2018-07-01,29.561827,-104.394907,0,677
2403,Presidio,Texas,US-Mexico Border,2018-08-01,29.561827,-104.394907,0,687
2403,Presidio,Texas,US-Mexico Border,2018-09-01,29.561827,-104.394907,0,546
2403,Presidio,Texas,US-Mexico Border,2018-10-01,29.561827,-104.394907,0,866
2403,Presidio,Texas,US-Mexico Border,2018-11-01,29.561827,-104.394907,0,892
2403,Presidio,Texas,US-Mexico Border,2018-12-01,29.561827,-104.394907,0,917
2403,Presidio,Texas,US-Mexico Border,2019-01-01,29.561827,-104.394907,0,823
2403,Presidio,Texas,US-Mexico Border,2019-02-01,29.561827,-104.394907,0,707
2403,Presidio,Texas,US-Mexico Border,2019-03-01,29.561827,-104.394907,0,791
2403,Presidio,Texas,US-Mexico Border,2019-04-01,29.561827,-104.394907,0,829
2403,Presidio,Texas,US-Mexico Border,2019-05-01,29.561827,-104.394907,0,875
2403,Presidio,Texas,US-Mexico Border,2019-06-01,29.561827,-104.394907,0,643
2403,Presidio,Texas,US-Mexico Border,2019-07-01,29.561827,-104.394907,0,830
2403,Presidio,Texas,US-Mexico Border,2019-08-01,29.561827,-104.394907,0,806
2403,Presidio,Texas,US-Mexico Border,2019-09-01,29.561827,-104.394907,0,833
2403,Presidio,Texas,US-Mexico Border,2019-10-01,29.561827,-104.394907,0,1054
2403,Presidio,Texas,US-Mexico Border,2019-11-01,29.561827,-104.394907,0,1022
2403,Presidio,Texas,US-Mexico Border,2019-12-01,29.561827,-104.394907,0,985
2403,Presidio,Texas,US-Mexico Border,2020-01-01,29.561827,-104.394907,0,967
2403,Presidio,Texas,US-Mexico Border,2020-02-01,29.561827,-104.394907,0,798
2403,Presidio,Texas,US-Mexico Border,2020-03-01,29.561827,-104.394907,0,913
2403,Presidio,Texas,US-Mexico Border,2020-04-01,29.561827,-104.394907,0,474
2403,Presidio,Texas,US-Mexico Border,2020-05-01,29.561827,-104.394907,0,462
2403,Presidio,Texas,US-Mexico Border,2020-06-01,29.561827,-104.394907,0,609
2403,Presidio,Texas,US-Mexico Border,2020-07-01,29.561827,-104.394907,0,722
2403,Presidio,Texas,US-Mexico Border,2020-08-01,29.561827,-104.394907,0,774
2403,Presidio,Texas,US-Mexico Border,2020-09-01,29.561827,-104.394907,0,720
2403,Presidio,Texas,US-Mexico Border,2020-10-01,29.561827,-104.394907,0,889
2403,Presidio,Texas,US-Mexico Border,2020-11-01,29.561827,-104.394907,0,937
2403,Presidio,Texas,US-Mexico Border,2020-12-01,29.561827,-104.394907,0,912
2403,Presidio,Texas,US-Mexico Border,2021-01-01,29.561827,-104.394907,0,880
2403,Presidio,Texas,US-Mexico Border,2021-02-01,29.561827,-104.394907,0,891
2403,Presidio,Texas,US-Mexico Border,2021-03-01,29.561827,-104.394907,0,984
2403,Presidio,Texas,US-Mexico Border,2021-04-01,29.561827,-104.394907,0,876
2403,Presidio,Texas,US-Mexico Border,2021-05-01,29.561827,-104.394907,0,761
2403,Presidio,Texas,US-Mexico Border,2021-06-01,29.561827,-104.394907,0,873
2403,Presidio,Texas,US-Mexico Border,2021-07-01,29.561827,-104.394907,0,971
2403,Presidio,Texas,US-Mexico Border,2021-08-01,29.561827,-104.394907,0,871
2403,Presidio,Texas,US-Mexico Border,2021-09-01,29.561827,-104.394907,0,837
2403,Presidio,Texas,US-Mexico Border,2021-10-01,29.561827,-104.394907,0,854
2403,Presidio,Texas,US-Mexico Border,2021-11-01,29.561827,-104.394907,0,1015
2403,Presidio,Texas,US-Mexico Border,2021-12-01,29.561827,-104.394907,0,918
2403,Presidio,Texas,US-Mexico Border,2022-01-01,29.561827,-104.394907,0,983
2403,Presidio,Texas,US-Mexico Border,2022-02-01,29.561827,-104.394907,0,924
2403,Presidio,Texas,US-Mexico Border,2022-03-01,29.561827,-104.394907,0,905
2403,Presidio,Texas,US-Mexico Border,2022-04-01,29.561827,-104.394907,0,846
2403,Presidio,Texas,US-Mexico Border,2022-05-01,29.561827,-104.394907,0,942
2403,Presidio,Texas,US-Mexico Border,2022-06-01,29.561827,-104.394907,0,225
2403,Presidio,Texas,US-Mexico Border,2022-07-01,29.561827,-104.394907,0,834
2403,Presidio,Texas,US-Mexico Border,2022-08-01,29.561827,-104.394907,0,976
2403,Presidio,Texas,US-Mexico Border,2022-09-01,29.561827,-104.394907,0,892
2403,Presidio,Texas,US-Mexico Border,2022-10-01,29.561827,-104.394907,0,1122
2403,Presidio,Texas,US-Mexico Border,2022-11-01,29.561827,-104.394907,0,1173
2403,Presidio,Texas,US-Mexico Border,2022-12-01,29.561827,-104.394907,0,1060
2403,Presidio,Texas,US-Mexico Border,2023-01-01,29.561827,-104.394907,0,1075
2403,Presidio,Texas,US-Mexico Border,2023-02-01,29.561827,-104.394907,0,956
2403,Presidio,Texas,US-Mexico Border,2023-03-01,29.561827,-104.394907,0,946
2403,Presidio,Texas,US-Mexico Border,2023-04-01,29.561827,-104.394907,0,840
2403,Presidio,Texas,US-Mexico Border,2023-05-01,29.561827,-104.394907,0,995
2403,Presidio,Texas,US-Mexico Border,2023-06-01,29.561827,-104.394907,0,826
2403,Presidio,Texas,US-Mexico Border,2023-07-01,29.561827,-104.394907,0,790
2403,Presidio,Texas,US-Mexico Border,2023-08-01,29.561827,-104.394907,0,1133
2403,Presidio,Texas,US-Mexico Border,2023-09-01,29.561827,-104.394907,0,951
2403,Presidio,Texas,US-Mexico Border,2023-10-01,29.561827,-104.394907,0,1054
2403,Presidio,Texas,US-Mexico Border,2023-11-01,29.561827,-104.394907,0,936
2403,Presidio,Texas,US-Mexico Border,2023-12-01,29.561827,-104.394907,0,893
2403,Presidio,Texas,US-Mexico Border,2024-01-01,29.561827,-104.394907,0,978
2403,Presidio,Texas,US-Mexico Border,2024-02-01,29.561827,-104.394907,0,905
2403,Presidio,Texas,US-Mexico Border,2024-03-01,29.561827,-104.394907,0,775
2403,Presidio,Texas,US-Mexico Border,2024-04-01,29.561827,-104.394907,0,978
2403,Presidio,Texas,US-Mexico Border,2024-05-01,29.561827,-104.394907,0,980
2403,Presidio,Texas,US-Mexico Border,2024-06-01,29.561827,-104.394907,0,951
2403,Presidio,Texas,US-Mexico Border,2024-07-01,29.561827,-104.394907,0,1194
2403,Presidio,Texas,US-Mexico Border,2024-08-01,29.561827,-104.394907,0,1160
2403,Presidio,Texas,US-Mexico Border,2024-09-01,29.561827,-104.394907,0,801
2403,Presidio,Texas,US-Mexico Border,2024-10-01,29.561827,-104.394907,0,1070
2403,Presidio,Texas,US-Mexico Border,2024-11-01,29.561827,-104.394907,0,1032
2403,Presidio,Texas,US-Mexico Border,2024-12-01,29.561827,-104.394907,0,845
2404,Tornillo,Texas,US-Mexico Border,2023-08-01,31.435334,-106.142669,0,7
2404,Tornillo,Texas,US-Mexico Border,2023-09-01,31.435334,-106.142669,0,2785
2404,Tornillo,Texas,US-Mexico Border,2023-10-01,31.435334,-106.142669,0,3423
2404,Tornillo,Texas,US-Mexico Border,2023-11-01,31.435334,-106.142669,0,453
2404,Tornillo,Texas,US-Mexico Border,2023-12-01,31.435334,-106.142669,0,471
2404,Tornillo,Texas,US-Mexico Border,2024-01-01,31.435334,-106.142669,0,533
2404,Tornillo,Texas,US-Mexico Border,2024-02-01,31.435334,-106.142669,0,712
2404,Tornillo,Texas,US-Mexico Border,2024-03-01,31.435334,-106.142669,0,644
2404,Tornillo,Texas,US-Mexico Border,2024-04-01,31.435334,-106.142669,0,2368
2404,Tornillo,Texas,US-Mexico Border,2024-05-01,31.435334,-106.142669,0,3662
2404,Tornillo,Texas,US-Mexico Border,2024-06-01,31.435334,-106.142669,0,1121
2404,Tornillo,Texas,US-Mexico Border,2024-07-01,31.435334,-106.142669,0,1750
2404,Tornillo,Texas,US-Mexico Border,2024-08-01,31.435334,-106.142669,0,2233
2404,Tornillo,Texas,US-Mexico Border,2024-09-01,31.435334,-106.142669,0,2246
2404,Tornillo,Texas,US-Mexico Border,2024-10-01,31.435334,-106.142669,0,2071
2404,Tornillo,Texas,US-Mexico Border,2024-11-01,31.435334,-106.142669,0,1861
2404,Tornillo,Texas,US-Mexico Border,2024-12-01,31.435334,-106.142669,0,1639
2406,Columbus,New Mexico,US-Mexico Border,2018-01-01,31.783742,-107.627948,0,384
2406,Columbus,New Mexico,US-Mexico Border,2018-02-01,31.783742,-107.627948,0,422
2406,Columbus,New Mexico,US-Mexico Border,2018-03-01,31.783742,-107.627948,0,497
2406,Columbus,New Mexico,US-Mexico Border,2018-04-01,31.783742,-107.627948,0,563
2406,Columbus,New Mexico,US-Mexico Border,2018-05-01,31.783742,-107.627948,0,793
2406,Columbus,New Mexico,US-Mexico Border,2018-06-01,31.783742,-107.627948,0,1304
2406,Columbus,New Mexico,US-Mexico Border,2018-07-01,31.783742,-107.627948,0,1640
2406,Columbus,New Mexico,US-Mexico Border,2018-08-01,31.783742,-107.627948,0,1825
2406,Columbus,New Mexico,US-Mexico Border,2018-10-01,31.783742,-107.627948,0,2992
2406,Columbus,New Mexico,US-Mexico Border,2018-11-01,31.783742,-107.627948,0,2419
2406,Columbus,New Mexico,US-Mexico Border,2018-12-01,31.783742,-107.627948,0,1663
2406,Columbus,New Mexico,US-Mexico Border,2019-01-01,31.783742,-107.627948,0,863
2406,Columbus,New Mexico,US-Mexico Border,2019-02-01,31.783742,-107.627948,0,418
2406,Columbus,New Mexico,US-Mexico Border,2019-03-01,31.783742,-107.627948,0,377
2406,Columbus,New Mexico,US-Mexico Border,2019-04-01,31.783742,-107.627948,0,608
2406,Columbus,New Mexico,US-Mexico Border,2019-05-01,31.783742,-107.627948,0,1030
2406,Columbus,New Mexico,US-Mexico Border,2019-06-01,31.783742,-107.627948,0,1204
2406,Columbus,New Mexico,US-Mexico Border,2019-07-01,31.783742,-107.627948,0,1811
2406,Columbus,New Mexico,US-Mexico Border,2019-08-01,31.783742,-107.627948,0,2138
2406,Columbus,New Mexico,US-Mexico Border,2019-09-01,31.783742,-107.627948,0,2054
2406,Columbus,New Mexico,US-Mexico Border,2019-10-01,31.783742,-107.627948,0,2892
2406,Columbus,New Mexico,US-Mexico Border,2019-11-01,31.783742,-107.627948,0,1869
2406,Columbus,New Mexico,US-Mexico Border,2019-12-01,31.783742,-107.627948,0,1490
2406,Columbus,New Mexico,US-Mexico Border,2020-01-01,31.783742,-107.627948,0,1032
2406,Columbus,New Mexico,US-Mexico Border,2020-02-01,31.783742,-107.627948,0,468
2406,Columbus,New Mexico,US-Mexico Border,2020-03-01,31.783742,-107.627948,0,487
2406,Columbus,New Mexico,US-Mexico Border,2020-04-01,31.783742,-107.627948,0,710
2406,Columbus,New Mexico,US-Mexico Border,2020-05-01,31.783742,-107.627948,0,1419
2406,Columbus,New Mexico,US-Mexico Border,2020-06-01,31.783742,-107.627948,0,1611
2406,Columbus,New Mexico,US-Mexico Border,2020-07-01,31.783742,-107.627948,0,2281
2406,Columbus,New Mexico,US-Mexico Border,2020-08-01,31.783742,-107.627948,0,2196
2406,Columbus,New Mexico,US-Mexico Border,2020-09-01,31.783742,-107.627948,0,2345
2406,Columbus,New Mexico,US-Mexico Border,2020-10-01,31.783742,-107.627948,0,2599
2406,Columbus,New Mexico,US-Mexico Border,2020-11-01,31.783742,-107.627948,0,2597
2406,Columbus,New Mexico,US-Mexico Border,2020-12-01,31.783742,-107.627948,0,2169
2406,Columbus,New Mexico,US-Mexico Border,2021-01-01,31.783742,-107.627948,0,1226
2406,Columbus,New Mexico,US-Mexico Border,2021-02-01,31.783742,-107.627948,0,773
2406,Columbus,New Mexico,US-Mexico Border,2021-03-01,31.783742,-107.627948,0,721
2406,Columbus,New Mexico,US-Mexico Border,2021-04-01,31.783742,-107.627948,0,717
2406,Columbus,New Mexico,US-Mexico Border,2021-05-01,31.783742,-107.627948,0,1364
2406,Columbus,New Mexico,US-Mexico Border,2021-06-01,31.783742,-107.627948,0,1974
2406,Columbus,New Mexico,US-Mexico Border,2021-07-01,31.783742,-107.627948,0,2476
2406,Columbus,New Mexico,US-Mexico Border,2021-08-01,31.783742,-107.627948,0,2526
2406,Columbus,New Mexico,US-Mexico Border,2021-09-01,31.783742,-107.627948,0,2642
2406,Columbus,New Mexico,US-Mexico Border,2021-10-01,31.783742,-107.627948,0,3032
2406,Columbus,New Mexico,US-Mexico Border,2021-11-01,31.783742,-107.627948,0,2700
2406,Columbus,New Mexico,US-Mexico Border,2021-12-01,31.783742,-107.627948,0,1888
2406,Columbus,New Mexico,US-Mexico Border,2022-01-01,31.783742,-107.627948,0,924
2406,Columbus,New Mexico,US-Mexico Border,2022-02-01,31.783742,-107.627948,0,759
2406,Columbus,New Mexico,US-Mexico Border,2022-03-01,31.783742,-107.627948,0,632
2406,Columbus,New Mexico,US-Mexico Border,2022-04-01,31.783742,-107.627948,0,738
2406,Columbus,New Mexico,US-Mexico Border,2022-05-01,31.783742,-107.627948,0,2147
2406,Columbus,New Mexico,US-Mexico Border,2022-06-01,31.783742,-107.627948,0,492
2406,Columbus,New Mexico,US-Mexico Border,2022-07-01,31.783742,-107.627948,0,2565
2406,Columbus,New Mexico,US-Mexico Border,2022-08-01,31.783742,-107.627948,0,2592
2406,Columbus,New Mexico,US-Mexico Border,2022-09-01,31.783742,-107.627948,0,2976
2406,Columbus,New Mexico,US-Mexico Border,2022-10-01,31.783742,-107.627948,0,2740
2406,Columbus,New Mexico,US-Mexico Border,2022-11-01,31.783742,-107.627948,0,1914
2406,Columbus,New Mexico,US-Mexico Border,2022-12-01,31.783742,-107.627948,0,890
2406,Columbus,New Mexico,US-Mexico Border,2023-01-01,31.783742,-107.627948,0,542
2406,Columbus,New Mexico,US-Mexico Border,2023-02-01,31.783742,-107.627948,0,501
2406,Columbus,New Mexico,US-Mexico Border,2023-03-01,31.783742,-107.627948,0,488
2406,Columbus,New Mexico,US-Mexico Border,2023-04-01,31.783742,-107.627948,0,779
2406,Columbus,New Mexico,US-Mexico Border,2023-05-01,31.783742,-107.627948,0,1684
2406,Columbus,New Mexico,US-Mexico Border,2023-06-01,31.783742,-107.627948,0,2156
2406,Columbus,New Mexico,US-Mexico Border,2023-07-01,31.783742,-107.627948,0,2134
2406,Columbus,New Mexico,US-Mexico Border,2023-08-01,31.783742,-107.627948,0,1665
2406,Columbus,New Mexico,US-Mexico Border,2023-09-01,31.783742,-107.627948,0,1804
2406,Columbus,New Mexico,US-Mexico Border,2023-10-01,31.783742,-107.627948,0,2540
2406,Columbus,New Mexico,US-Mexico Border,2023-11-01,31.783742,-107.627948,0,2137
2406,Columbus,New Mexico,US-Mexico Border,2023-12-01,31.783742,-107.627948,0,1772
2406,Columbus,New Mexico,US-Mexico Border,2024-01-01,31.783742,-107.627948,0,1607
2406,Columbus,New Mexico,US-Mexico Border,2024-02-01,31.783742,-107.627948,0,722
2406,Columbus,New Mexico,US-Mexico Border,2024-03-01,31.783742,-107.627948,0,579
2406,Columbus,New Mexico,US-Mexico Border,2024-04-01,31.783742,-107.627948,0,634
2406,Columbus,New Mexico,US-Mexico Border,2024-05-01,31.783742,-107.627948,0,1304
2406,Columbus,New Mexico,US-Mexico Border,2024-06-01,31.783742,-107.627948,0,1053
2406,Columbus,New Mexico,US-Mexico Border,2024-07-01,31.783742,-107.627948,0,2056
2406,Columbus,New Mexico,US-Mexico Border,2024-08-01,31.783742,-107.627948,0,2029
2406,Columbus,New Mexico,US-Mexico Border,2024-09-01,31.783742,-107.627948,0,2243
2406,Columbus,New Mexico,US-Mexico Border,2024-10-01,31.783742,-107.627948,0,2551
2406,Columbus,New Mexico,US-Mexico Border,2024-11-01,31.783742,-107.627948,0,1816
2406,Columbus,New Mexico,US-Mexico Border,2024-12-01,31.783742,-107.627948,0,1836
2408,Santa Teresa,New Mexico,US-Mexico Border,2018-01-01,31.783939,-106.679437,0,9782
2408,Santa Teresa,New Mexico,US-Mexico Border,2018-02-01,31.783939,-106.679437,0,8730
2408,Santa Teresa,New Mexico,US-Mexico Border,2018-03-01,31.783939,-106.679437,0,9254
2408,Santa Teresa,New Mexico,US-Mexico Border,2018-04-01,31.783939,-106.679437,0,9910
2408,Santa Teresa,New Mexico,US-Mexico Border,2018-05-01,31.783939,-106.679437,0,10128
2408,Santa Teresa,New Mexico,US-Mexico Border,2018-06-01,31.783939,-106.679437,0,10041
2408,Santa Teresa,New Mexico,US-Mexico Border,2018-07-01,31.783939,-106.679437,0,10093
2408,Santa Teresa,New Mexico,US-Mexico Border,2018-08-01,31.783939,-106.679437,0,10728
2408,Santa Teresa,New Mexico,US-Mexico Border,2018-09-01,31.783939,-106.679437,0,9097
2408,Santa Teresa,New Mexico,US-Mexico Border,2018-10-01,31.783939,-106.679437,0,9838
2408,Santa Teresa,New Mexico,US-Mexico Border,2018-11-01,31.783939,-106.679437,0,9278
2408,Santa Teresa,New Mexico,US-Mexico Border,2018-12-01,31.783939,-106.679437,0,8109
2408,Santa Teresa,New Mexico,US-Mexico Border,2019-01-01,31.783939,-106.679437,0,9733
2408,Santa Teresa,New Mexico,US-Mexico Border,2019-02-01,31.783939,-106.679437,0,9117
2408,Santa Teresa,New Mexico,US-Mexico Border,2019-03-01,31.783939,-106.679437,0,9903
2408,Santa Teresa,New Mexico,US-Mexico Border,2019-04-01,31.783939,-106.679437,0,10187
2408,Santa Teresa,New Mexico,US-Mexico Border,2019-05-01,31.783939,-106.679437,0,13221
2408,Santa Teresa,New Mexico,US-Mexico Border,2019-06-01,31.783939,-106.679437,0,11843
2408,Santa Teresa,New Mexico,US-Mexico Border,2019-07-01,31.783939,-106.679437,0,12915
2408,Santa Teresa,New Mexico,US-Mexico Border,2019-08-01,31.783939,-106.679437,0,11922
2408,Santa Teresa,New Mexico,US-Mexico Border,2019-09-01,31.783939,-106.679437,0,11377
2408,Santa Teresa,New Mexico,US-Mexico Border,2019-10-01,31.783939,-106.679437,0,12672
2408,Santa Teresa,New Mexico,US-Mexico Border,2019-11-01,31.783939,-106.679437,0,10924
2408,Santa Teresa,New Mexico,US-Mexico Border,2019-12-01,31.783939,-106.679437,0,10113
2408,Santa Teresa,New Mexico,US-Mexico Border,2020-01-01,31.783939,-106.679437,0,11864
2408,Santa Teresa,New Mexico,US-Mexico Border,2020-02-01,31.783939,-106.679437,0,10605
2408,Santa Teresa,New Mexico,US-Mexico Border,2020-03-01,31.783939,-106.679437,0,11568
2408,Santa Teresa,New Mexico,US-Mexico Border,2020-04-01,31.783939,-106.679437,0,8542
2408,Santa Teresa,New Mexico,US-Mexico Border,2020-05-01,31.783939,-106.679437,0,8241
2408,Santa Teresa,New Mexico,US-Mexico Border,2020-06-01,31.783939,-106.679437,0,11819
2408,Santa Teresa,New Mexico,US-Mexico Border,2020-07-01,31.783939,-106.679437,0,13395
2408,Santa Teresa,New Mexico,US-Mexico Border,2020-08-01,31.783939,-106.679437,0,12154
2408,Santa Teresa,New Mexico,US-Mexico Border,2020-09-01,31.783939,-106.679437,0,12947
2408,Santa Teresa,New Mexico,US-Mexico Border,2020-10-01,31.783939,-106.679437,0,13336
2408,Santa Teresa,New Mexico,US-Mexico Border,2020-11-01,31.783939,-106.679437,0,12825
2408,Santa Teresa,New Mexico,US-Mexico Border,2020-12-01,31.783939,-106.679437,0,13412
2408,Santa Teresa,New Mexico,US-Mexico Border,2021-01-01,31.783939,-106.679437,0,12816
2408,Santa Teresa,New Mexico,US-Mexico Border,2021-02-01,31.783939,-106.679437,0,10791
2408,Santa Teresa,New Mexico,US-Mexico Border,2021-03-01,31.783939,-106.679437,0,13969
2408,Santa Teresa,New Mexico,US-Mexico Border,2021-04-01,31.783939,-106.679437,0,13007
2408,Santa Teresa,New Mexico,US-Mexico Border,2021-05-01,31.783939,-106.679437,0,13050
2408,Santa Teresa,New Mexico,US-Mexico Border,2021-06-01,31.783939,-106.679437,0,13775
2408,Santa Teresa,New Mexico,US-Mexico Border,2021-07-01,31.783939,-106.679437,0,13207
2408,Santa Teresa,New Mexico,US-Mexico Border,2021-08-01,31.783939,-106.679437,0,12841
2408,Santa Teresa,New Mexico,US-Mexico Border,2021-09-01,31.783939,-106.679437,0,13057
2408,Santa Teresa,New Mexico,US-Mexico Border,2021-10-01,31.783939,-106.679437,0,13240
2408,Santa Teresa,New Mexico,US-Mexico Border,2021-11-01,31.783939,-106.679437,0,12635
2408,Santa Teresa,New Mexico,US-Mexico Border,2021-12-01,31.783939,-106.679437,0,11759
2408,Santa Teresa,New Mexico,US-Mexico Border,2022-01-01,31.783939,-106.679437,0,12066
2408,Santa Teresa,New Mexico,US-Mexico Border,2022-02-01,31.783939,-106.679437,0,11420
2408,Santa Teresa,New Mexico,US-Mexico Border,2022-03-01,31.783939,-106.679437,0,13730
2408,Santa Teresa,New Mexico,US-Mexico Border,2022-04-01,31.783939,-106.679437,0,15642
2408,Santa Teresa,New Mexico,US-Mexico Border,2022-05-01,31.783939,-106.679437,0,14547
2408,Santa Teresa,New Mexico,US-Mexico Border,2022-06-01,31.783939,-106.679437,0,14707
2408,Santa Teresa,New Mexico,US-Mexico Border,2022-07-01,31.783939,-106.679437,0,14682
2408,Santa Teresa,New Mexico,US-Mexico Border,2022-08-01,31.783939,-106.679437,0,14378
2408,Santa Teresa,New Mexico,US-Mexico Border,2022-09-01,31.783939,-106.679437,0,13293
2408,Santa Teresa,New Mexico,US-Mexico Border,2022-10-01,31.783939,-106.679437,0,12800
2408,Santa Teresa,New Mexico,US-Mexico Border,2022-11-01,31.783939,-106.679437,0,12429
2408,Santa Teresa,New Mexico,US-Mexico Border,2022-12-01,31.783939,-106.679437,0,11276
2408,Santa Teresa,New Mexico,US-Mexico Border,2023-01-01,31.783939,-106.679437,0,12755
2408,Santa Teresa,New Mexico,US-Mexico Border,2023-02-01,31.783939,-106.679437,0,12500
2408,Santa Teresa,New Mexico,US-Mexico Border,2023-03-01,31.783939,-106.679437,0,15258
2408,Santa Teresa,New Mexico,US-Mexico Border,2023-04-01,31.783939,-106.679437,0,13057
2408,Santa Teresa,New Mexico,US-Mexico Border,2023-05-01,31.783939,-106.679437,0,14314
2408,Santa Teresa,New Mexico,US-Mexico Border,2023-06-01,31.783939,-106.679437,0,14141
2408,Santa Teresa,New Mexico,US-Mexico Border,2023-07-01,31.783939,-106.679437,0,12655
2408,Santa Teresa,New Mexico,US-Mexico Border,2023-08-01,31.783939,-106.679437,0,13558
2408,Santa Teresa,New Mexico,US-Mexico Border,2023-09-01,31.783939,-106.679437,0,20032
2408,Santa Teresa,New Mexico,US-Mexico Border,2023-10-01,31.783939,-106.679437,0,26046
2408,Santa Teresa,New Mexico,US-Mexico Border,2023-11-01,31.783939,-106.679437,0,12687
2408,Santa Teresa,New Mexico,US-Mexico Border,2023-12-01,31.783939,-106.679437,0,11751
2408,Santa Teresa,New Mexico,US-Mexico Border,2024-01-01,31.783939,-106.679437,0,12956
2408,Santa Teresa,New Mexico,US-Mexico Border,2024-02-01,31.783939,-106.679437,0,13032
2408,Santa Teresa,New Mexico,US-Mexico Border,2024-03-01,31.783939,-106.679437,0,11417
2408,Santa Teresa,New Mexico,US-Mexico Border,2024-04-01,31.783939,-106.679437,0,15323
2408,Santa Teresa,New Mexico,US-Mexico Border,2024-05-01,31.783939,-106.679437,0,18935
2408,Santa Teresa,New Mexico,US-Mexico Border,2024-06-01,31.783939,-106.679437,0,13946
2408,Santa Teresa,New Mexico,US-Mexico Border,2024-07-01,31.783939,-106.679437,0,14983
2408,Santa Teresa,New Mexico,US-Mexico Border,2024-08-01,31.783939,-106.679437,0,14973
2408,Santa Teresa,New Mexico,US-Mexico Border,2024-09-01,31.783939,-106.679437,0,14116
2408,Santa Teresa,New Mexico,US-Mexico Border,2024-10-01,31.783939,-106.679437,0,14789
2408,Santa Teresa,New Mexico,US-Mexico Border,2024-11-01,31.783939,-106.679437,0,13115
2408,Santa Teresa,New Mexico,US-Mexico Border,2024-12-01,31.783939,-106.679437,0,11656
2505,Tecate,California,US-Mexico Border,2018-01-01,32.576428,-116.626216,0,4836
2505,Tecate,California,US-Mexico Border,2018-02-01,32.576428,-116.626216,0,4290
2505,Tecate,California,US-Mexico Border,2018-03-01,32.576428,-116.626216,0,4930
2505,Tecate,California,US-Mexico Border,2018-04-01,32.576428,-116.626216,0,5235
2505,Tecate,California,US-Mexico Border,2018-05-01,32.576428,-116.626216,0,5735
2505,Tecate,California,US-Mexico Border,2018-06-01,32.576428,-116.626216,0,5565
2505,Tecate,California,US-Mexico Border,2018-07-01,32.576428,-116.626216,0,5433
2505,Tecate,California,US-Mexico Border,2018-08-01,32.576428,-116.626216,0,5897
2505,Tecate,California,US-Mexico Border,2018-09-01,32.576428,-116.626216,0,4820
2505,Tecate,California,US-Mexico Border,2018-10-01,32.576428,-116.626216,0,5826
2505,Tecate,California,US-Mexico Border,2018-11-01,32.576428,-116.626216,0,4919
2505,Tecate,California,US-Mexico Border,2018-12-01,32.576428,-116.626216,0,4292
2505,Tecate,California,US-Mexico Border,2019-01-01,32.576428,-116.626216,0,4866
2505,Tecate,California,US-Mexico Border,2019-02-01,32.576428,-116.626216,0,4413
2505,Tecate,California,US-Mexico Border,2019-03-01,32.576428,-116.626216,0,4608
2505,Tecate,California,US-Mexico Border,2019-04-01,32.576428,-116.626216,0,5862
2505,Tecate,California,US-Mexico Border,2019-05-01,32.576428,-116.626216,0,6333
2505,Tecate,California,US-Mexico Border,2019-06-01,32.576428,-116.626216,0,5480
2505,Tecate,California,US-Mexico Border,2019-07-01,32.576428,-116.626216,0,5852
2505,Tecate,California,US-Mexico Border,2019-08-01,32.576428,-116.626216,0,6006
2505,Tecate,California,US-Mexico Border,2019-09-01,32.576428,-116.626216,0,5027
2505,Tecate,California,US-Mexico Border,2019-10-01,32.576428,-116.626216,0,6338
2505,Tecate,California,US-Mexico Border,2019-11-01,32.576428,-116.626216,0,5480
2505,Tecate,California,US-Mexico Border,2019-12-01,32.576428,-116.626216,0,4947
2505,Tecate,California,US-Mexico Border,2020-01-01,32.576428,-116.626216,0,5366
2505,Tecate,California,US-Mexico Border,2020-02-01,32.576428,-116.626216,0,5085
2505,Tecate,California,US-Mexico Border,2020-03-01,32.576428,-116.626216,0,5624
2505,Tecate,California,US-Mexico Border,2020-04-01,32.576428,-116.626216,0,3843
2505,Tecate,California,US-Mexico Border,2020-05-01,32.576428,-116.626216,0,4186
2505,Tecate,California,US-Mexico Border,2020-06-01,32.576428,-116.626216,0,5596
2505,Tecate,California,US-Mexico Border,2020-07-01,32.576428,-116.626216,0,6468
2505,Tecate,California,US-Mexico Border,2020-08-01,32.576428,-116.626216,0,5810
2505,Tecate,California,US-Mexico Border,2020-09-01,32.576428,-116.626216,0,6058
2505,Tecate,California,US-Mexico Border,2020-10-01,32.576428,-116.626216,0,5976
2505,Tecate,California,US-Mexico Border,2020-11-01,32.576428,-116.626216,0,5428
2505,Tecate,California,US-Mexico Border,2020-12-01,32.576428,-116.626216,0,5147
2505,Tecate,California,US-Mexico Border,2021-01-01,32.576428,-116.626216,0,4719
2505,Tecate,California,US-Mexico Border,2021-02-01,32.576428,-116.626216,0,4739
2505,Tecate,California,US-Mexico Border,2021-03-01,32.576428,-116.626216,0,5722
2505,Tecate,California,US-Mexico Border,2021-04-01,32.576428,-116.626216,0,5803
2505,Tecate,California,US-Mexico Border,2021-05-01,32.576428,-116.626216,0,5923
2505,Tecate,California,US-Mexico Border,2021-06-01,32.576428,-116.626216,0,6067
2505,Tecate,California,US-Mexico Border,2021-07-01,32.576428,-116.626216,0,6202
2505,Tecate,California,US-Mexico Border,2021-08-01,32.576428,-116.626216,0,6510
2505,Tecate,California,US-Mexico Border,2021-09-01,32.576428,-116.626216,0,6002
2505,Tecate,California,US-Mexico Border,2021-10-01,32.576428,-116.626216,0,6170
2505,Tecate,California,US-Mexico Border,2021-11-01,32.576428,-116.626216,0,5792
2505,Tecate,California,US-Mexico Border,2021-12-01,32.576428,-116.626216,0,5476
2505,Tecate,California,US-Mexico Border,2022-01-01,32.576428,-116.626216,0,5162
2505,Tecate,California,US-Mexico Border,2022-02-01,32.576428,-116.626216,0,5032
2505,Tecate,California,US-Mexico Border,2022-03-01,32.576428,-116.626216,0,6247
2505,Tecate,California,US-Mexico Border,2022-04-01,32.576428,-116.626216,0,5149
2505,Tecate,California,US-Mexico Border,2022-05-01,32.576428,-116.626216,0,5541
2505,Tecate,California,US-Mexico Border,2022-06-01,32.576428,-116.626216,0,6005
2505,Tecate,California,US-Mexico Border,2022-07-01,32.576428,-116.626216,0,5519
2505,Tecate,California,US-Mexico Border,2022-08-01,32.576428,-116.626216,0,6174
2505,Tecate,California,US-Mexico Border,2022-09-01,32.576428,-116.626216,0,5182
2505,Tecate,California,US-Mexico Border,2022-10-01,32.576428,-116.626216,0,5707
2505,Tecate,California,US-Mexico Border,2022-11-01,32.576428,-116.626216,0,5353
2505,Tecate,California,US-Mexico Border,2022-12-01,32.576428,-116.626216,0,4920
2505,Tecate,California,US-Mexico Border,2023-01-01,32.576428,-116.626216,0,4781
2505,Tecate,California,US-Mexico Border,2023-02-01,32.576428,-116.626216,0,4829
2505,Tecate,California,US-Mexico Border,2023-03-01,32.576428,-116.626216,0,5453
2505,Tecate,California,US-Mexico Border,2023-04-01,32.576428,-116.626216,0,4776
2505,Tecate,California,US-Mexico Border,2023-05-01,32.576428,-116.626216,0,5668
2505,Tecate,California,US-Mexico Border,2023-06-01,32.576428,-116.626216,0,6336
2505,Tecate,California,US-Mexico Border,2023-07-01,32.576428,-116.626216,0,5818
2505,Tecate,California,US-Mexico Border,2023-08-01,32.576428,-116.626216,0,6299
2505,Tecate,California,US-Mexico Border,2023-09-01,32.576428,-116.626216,0,5855
2505,Tecate,California,US-Mexico Border,2023-10-01,32.576428,-116.626216,0,6271
2505,Tecate,California,US-Mexico Border,2023-11-01,32.576428,-116.626216,0,5504
2505,Tecate,California,US-Mexico Border,2023-12-01,32.576428,-116.626216,0,4799
2505,Tecate,California,US-Mexico Border,2024-01-01,32.576428,-116.626216,0,4861
2505,Tecate,California,US-Mexico Border,2024-02-01,32.576428,-116.626216,0,4488
2505,Tecate,California,US-Mexico Border,2024-03-01,32.576428,-116.626216,0,4372
2505,Tecate,California,US-Mexico Border,2024-04-01,32.576428,-116.626216,0,5103
2505,Tecate,California,US-Mexico Border,2024-05-01,32.576428,-116.626216,0,5330
2505,Tecate,California,US-Mexico Border,2024-06-01,32.576428,-116.626216,0,4988
2505,Tecate,California,US-Mexico Border,2024-07-01,32.576428,-116.626216,0,5342
2505,Tecate,California,US-Mexico Border,2024-08-01,32.576428,-116.626216,0,5412
2505,Tecate,California,US-Mexico Border,2024-09-01,32.576428,-116.626216,0,5106
2505,Tecate,California,US-Mexico Border,2024-10-01,32.576428,-116.626216,0,5687
2505,Tecate,California,US-Mexico Border,2024-11-01,32.576428,-116.626216,0,4619
2505,Tecate,California,US-Mexico Border,2024-12-01,32.576428,-116.626216,0,4381
2506,Otay Mesa,California,US-Mexico Border,2018-01-01,32.55033,-116.938538,19,74569
2506,Otay Mesa,California,US-Mexico Border,2018-02-01,32.55033,-116.938538,12,70595
2506,Otay Mesa,California,US-Mexico Border,2018-03-01,32.55033,-116.938538,17,73440
2506,Otay Mesa,California,US-Mexico Border,2018-04-01,32.55033,-116.938538,18,81570
2506,Otay Mesa,California,US-Mexico Border,2018-05-01,32.55033,-116.938538,18,85611
2506,Otay Mesa,California,US-Mexico Border,2018-06-01,32.55033,-116.938538,18,84332
2506,Otay Mesa,California,US-Mexico Border,2018-07-01,32.55033,-116.938538,15,83165
2506,Otay Mesa,California,US-Mexico Border,2018-08-01,32.55033,-116.938538,19,89686
2506,Otay Mesa,California,US-Mexico Border,2018-09-01,32.55033,-116.938538,14,79501
2506,Otay Mesa,California,US-Mexico Border,2018-10-01,32.55033,-116.938538,21,88975
2506,Otay Mesa,California,US-Mexico Border,2018-11-01,32.55033,-116.938538,17,81508
2506,Otay Mesa,California,US-Mexico Border,2018-12-01,32.55033,-116.938538,16,69625
2506,Otay Mesa,California,US-Mexico Border,2019-01-01,32.55033,-116.938538,39,76763
2506,Otay Mesa,California,US-Mexico Border,2019-02-01,32.55033,-116.938538,34,71166
2506,Otay Mesa,California,US-Mexico Border,2019-03-01,32.55033,-116.938538,38,81217
2506,Otay Mesa,California,US-Mexico Border,2019-04-01,32.55033,-116.938538,17,77866
2506,Otay Mesa,California,US-Mexico Border,2019-05-01,32.55033,-116.938538,19,83814
2506,Otay Mesa,California,US-Mexico Border,2019-06-01,32.55033,-116.938538,19,80456
2506,Otay Mesa,California,US-Mexico Border,2019-07-01,32.55033,-116.938538,22,84089
2506,Otay Mesa,California,US-Mexico Border,2019-08-01,32.55033,-116.938538,18,83445
2506,Otay Mesa,California,US-Mexico Border,2019-09-01,32.55033,-116.938538,20,79842
2506,Otay Mesa,California,US-Mexico Border,2019-10-01,32.55033,-116.938538,21,88340
2506,Otay Mesa,California,US-Mexico Border,2019-11-01,32.55033,-116.938538,14,74969
2506,Otay Mesa,California,US-Mexico Border,2019-12-01,32.55033,-116.938538,17,66663
2506,Otay Mesa,California,US-Mexico Border,2020-01-01,32.55033,-116.938538,25,73703
2506,Otay Mesa,California,US-Mexico Border,2020-02-01,32.55033,-116.938538,14,69812
2506,Otay Mesa,California,US-Mexico Border,2020-03-01,32.55033,-116.938538,23,74628
2506,Otay Mesa,California,US-Mexico Border,2020-04-01,32.55033,-116.938538,16,56636
2506,Otay Mesa,California,US-Mexico Border,2020-05-01,32.55033,-116.938538,7,63142
2506,Otay Mesa,California,US-Mexico Border,2020-06-01,32.55033,-116.938538,16,81997
2506,Otay Mesa,California,US-Mexico Border,2020-07-01,32.55033,-116.938538,11,87167
2506,Otay Mesa,California,US-Mexico Border,2020-08-01,32.55033,-116.938538,14,85018
2506,Otay Mesa,California,US-Mexico Border,2020-09-01,32.55033,-116.938538,13,86633
2506,Otay Mesa,California,US-Mexico Border,2020-10-01,32.55033,-116.938538,13,90864
2506,Otay Mesa,California,US-Mexico Border,2020-11-01,32.55033,-116.938538,13,81841
2506,Otay Mesa,California,US-Mexico Border,2020-12-01,32.55033,-116.938538,13,76273
2506,Otay Mesa,California,US-Mexico Border,2021-01-01,32.55033,-116.938538,12,73855
2506,Otay Mesa,California,US-Mexico Border,2021-02-01,32.55033,-116.938538,12,75107
2506,Otay Mesa,California,US-Mexico Border,2021-03-01,32.55033,-116.938538,15,88188
2506,Otay Mesa,California,US-Mexico Border,2021-04-01,32.55033,-116.938538,16,87828
2506,Otay Mesa,California,US-Mexico Border,2021-05-01,32.55033,-116.938538,16,84345
2506,Otay Mesa,California,US-Mexico Border,2021-06-01,32.55033,-116.938538,20,91244
2506,Otay Mesa,California,US-Mexico Border,2021-07-01,32.55033,-116.938538,1,89906
2506,Otay Mesa,California,US-Mexico Border,2021-08-01,32.55033,-116.938538,0,90821
2506,Otay Mesa,California,US-Mexico Border,2021-09-01,32.55033,-116.938538,0,85374
2506,Otay Mesa,California,US-Mexico Border,2021-10-01,32.55033,-116.938538,23,89279
2506,Otay Mesa,California,US-Mexico Border,2021-12-01,32.55033,-116.938538,19,80681
2506,Otay Mesa,California,US-Mexico Border,2022-01-01,32.55033,-116.938538,18,80190
2506,Otay Mesa,California,US-Mexico Border,2022-02-01,32.55033,-116.938538,11,79378
2506,Otay Mesa,California,US-Mexico Border,2022-03-01,32.55033,-116.938538,21,93917
2506,Otay Mesa,California,US-Mexico Border,2022-04-01,32.55033,-116.938538,14,85253
2506,Otay Mesa,California,US-Mexico Border,2022-05-01,32.55033,-116.938538,18,90041
2506,Otay Mesa,California,US-Mexico Border,2022-06-01,32.55033,-116.938538,17,91841
2506,Otay Mesa,California,US-Mexico Border,2022-07-01,32.55033,-116.938538,14,87256
2506,Otay Mesa,California,US-Mexico Border,2022-08-01,32.55033,-116.938538,12,95764
2506,Otay Mesa,California,US-Mexico Border,2022-09-01,32.55033,-116.938538,11,90711
2506,Otay Mesa,California,US-Mexico Border,2022-10-01,32.55033,-116.938538,10,92204
2506,Otay Mesa,California,US-Mexico Border,2022-11-01,32.55033,-116.938538,15,86030
2506,Otay Mesa,California,US-Mexico Border,2022-12-01,32.55033,-116.938538,11,79701
2506,Otay Mesa,California,US-Mexico Border,2023-01-01,32.55033,-116.938538,8,79160
2506,Otay Mesa,California,US-Mexico Border,2023-02-01,32.55033,-116.938538,9,78043
2506,Otay Mesa,California,US-Mexico Border,2023-03-01,32.55033,-116.938538,8,89722
2506,Otay Mesa,California,US-Mexico Border,2023-04-01,32.55033,-116.938538,11,80787
2506,Otay Mesa,California,US-Mexico Border,2023-05-01,32.55033,-116.938538,9,91829
2506,Otay Mesa,California,US-Mexico Border,2023-06-01,32.55033,-116.938538,13,91790
2506,Otay Mesa,California,US-Mexico Border,2023-07-01,32.55033,-116.938538,11,89332
2506,Otay Mesa,California,US-Mexico Border,2023-08-01,32.55033,-116.938538,16,94592
2506,Otay Mesa,California,US-Mexico Border,2023-09-01,32.55033,-116.938538,16,87958
2506,Otay Mesa,California,US-Mexico Border,2023-10-01,32.55033,-116.938538,15,92196
2506,Otay Mesa,California,US-Mexico Border,2023-11-01,32.55033,-116.938538,16,84424
2506,Otay Mesa,California,US-Mexico Border,2023-12-01,32.55033,-116.938538,15,74355
2506,Otay Mesa,California,US-Mexico Border,2024-01-01,32.55033,-116.938538,15,79734
2506,Otay Mesa,California,US-Mexico Border,2024-02-01,32.55033,-116.938538,18,77491
2506,Otay Mesa,California,US-Mexico Border,2024-03-01,32.55033,-116.938538,16,85281
2506,Otay Mesa,California,US-Mexico Border,2024-04-01,32.55033,-116.938538,18,95682
2506,Otay Mesa,California,US-Mexico Border,2024-05-01,32.55033,-116.938538,19,95658
2506,Otay Mesa,California,US-Mexico Border,2024-06-01,32.55033,-116.938538,16,90121
2506,Otay Mesa,California,US-Mexico Border,2024-07-01,32.55033,-116.938538,19,95812
2506,Otay Mesa,California,US-Mexico Border,2024-08-01,32.55033,-116.938538,17,96928
2506,Otay Mesa,California,US-Mexico Border,2024-09-01,32.55033,-116.938538,18,86266
2506,Otay Mesa,California,US-Mexico Border,2024-10-01,32.55033,-116.938538,18,96276
2506,Otay Mesa,California,US-Mexico Border,2024-11-01,32.55033,-116.938538,13,84118
2506,Otay Mesa,California,US-Mexico Border,2024-12-01,32.55033,-116.938538,14,76392
2507,Calexico East,California,US-Mexico Border,2018-01-01,32.673389,-115.388018,21,32763
2507,Calexico East,California,US-Mexico Border,2018-02-01,32.673389,-115.388018,20,28967
2507,Calexico East,California,US-Mexico Border,2018-03-01,32.673389,-115.388018,19,32764
2507,Calexico East,California,US-Mexico Border,2018-04-01,32.673389,-115.388018,21,31158
2507,Calexico East,California,US-Mexico Border,2018-05-01,32.673389,-115.388018,22,32430
2507,Calexico East,California,US-Mexico Border,2018-06-01,32.673389,-115.388018,20,31490
2507,Calexico East,California,US-Mexico Border,2018-07-01,32.673389,-115.388018,21,31070
2507,Calexico East,California,US-Mexico Border,2018-08-01,32.673389,-115.388018,21,32689
2507,Calexico East,California,US-Mexico Border,2018-09-01,32.673389,-115.388018,19,29426
2507,Calexico East,California,US-Mexico Border,2018-10-01,32.673389,-115.388018,21,32770
2507,Calexico East,California,US-Mexico Border,2018-11-01,32.673389,-115.388018,21,30848
2507,Calexico East,California,US-Mexico Border,2018-12-01,32.673389,-115.388018,20,29704
2507,Calexico East,California,US-Mexico Border,2019-01-01,32.673389,-115.388018,20,33715
2507,Calexico East,California,US-Mexico Border,2019-02-01,32.673389,-115.388018,18,31771
2507,Calexico East,California,US-Mexico Border,2019-03-01,32.673389,-115.388018,17,34447
2507,Calexico East,California,US-Mexico Border,2019-04-01,32.673389,-115.388018,19,32027
2507,Calexico East,California,US-Mexico Border,2019-05-01,32.673389,-115.388018,22,33769
2507,Calexico East,California,US-Mexico Border,2019-06-01,32.673389,-115.388018,19,31524
2507,Calexico East,California,US-Mexico Border,2019-07-01,32.673389,-115.388018,19,32988
2507,Calexico East,California,US-Mexico Border,2019-08-01,32.673389,-115.388018,18,32740
2507,Calexico East,California,US-Mexico Border,2019-09-01,32.673389,-115.388018,20,30021
2507,Calexico East,California,US-Mexico Border,2019-10-01,32.673389,-115.388018,21,34088
2507,Calexico East,California,US-Mexico Border,2019-11-01,32.673389,-115.388018,17,31254
2507,Calexico East,California,US-Mexico Border,2019-12-01,32.673389,-115.388018,17,30702
2507,Calexico East,California,US-Mexico Border,2020-01-01,32.673389,-115.388018,14,34390
2507,Calexico East,California,US-Mexico Border,2020-02-01,32.673389,-115.388018,17,33203
2507,Calexico East,California,US-Mexico Border,2020-03-01,32.673389,-115.388018,23,35700
2507,Calexico East,California,US-Mexico Border,2020-04-01,32.673389,-115.388018,20,25956
2507,Calexico East,California,US-Mexico Border,2020-05-01,32.673389,-115.388018,18,27560
2507,Calexico East,California,US-Mexico Border,2020-06-01,32.673389,-115.388018,20,31250
2507,Calexico East,California,US-Mexico Border,2020-07-01,32.673389,-115.388018,21,33495
2507,Calexico East,California,US-Mexico Border,2020-08-01,32.673389,-115.388018,20,32670
2507,Calexico East,California,US-Mexico Border,2020-09-01,32.673389,-115.388018,20,34498
2507,Calexico East,California,US-Mexico Border,2020-10-01,32.673389,-115.388018,22,36474
2507,Calexico East,California,US-Mexico Border,2020-11-01,32.673389,-115.388018,18,33549
2507,Calexico East,California,US-Mexico Border,2020-12-01,32.673389,-115.388018,18,35104
2507,Calexico East,California,US-Mexico Border,2021-01-01,32.673389,-115.388018,19,34759
2507,Calexico East,California,US-Mexico Border,2021-02-01,32.673389,-115.388018,19,34789
2507,Calexico East,California,US-Mexico Border,2021-03-01,32.673389,-115.388018,22,38381
2507,Calexico East,California,US-Mexico Border,2021-04-01,32.673389,-115.388018,21,37419
2507,Calexico East,California,US-Mexico Border,2021-05-01,32.673389,-115.388018,21,36845
2507,Calexico East,California,US-Mexico Border,2021-06-01,32.673389,-115.388018,19,38281
2507,Calexico East,California,US-Mexico Border,2021-07-01,32.673389,-115.388018,13,36819
2507,Calexico East,California,US-Mexico Border,2021-08-01,32.673389,-115.388018,14,36105
2507,Calexico East,California,US-Mexico Border,2021-09-01,32.673389,-115.388018,9,35227
2507,Calexico East,California,US-Mexico Border,2021-10-01,32.673389,-115.388018,19,35244
2507,Calexico East,California,US-Mexico Border,2021-11-01,32.673389,-115.388018,21,35494
2507,Calexico East,California,US-Mexico Border,2021-12-01,32.673389,-115.388018,20,35890
2507,Calexico East,California,US-Mexico Border,2022-01-01,32.673389,-115.388018,21,35430
2507,Calexico East,California,US-Mexico Border,2022-02-01,32.673389,-115.388018,20,35481
2507,Calexico East,California,US-Mexico Border,2022-03-01,32.673389,-115.388018,21,41547
2507,Calexico East,California,US-Mexico Border,2022-04-01,32.673389,-115.388018,20,36667
2507,Calexico East,California,US-Mexico Border,2022-05-01,32.673389,-115.388018,18,38791
2507,Calexico East,California,US-Mexico Border,2022-06-01,32.673389,-115.388018,19,39269
2507,Calexico East,California,US-Mexico Border,2022-07-01,32.673389,-115.388018,26,37174
2507,Calexico East,California,US-Mexico Border,2022-08-01,32.673389,-115.388018,23,40649
2507,Calexico East,California,US-Mexico Border,2022-09-01,32.673389,-115.388018,21,37682
2507,Calexico East,California,US-Mexico Border,2022-10-01,32.673389,-115.388018,21,37932
2507,Calexico East,California,US-Mexico Border,2022-11-01,32.673389,-115.388018,21,37071
2507,Calexico East,California,US-Mexico Border,2022-12-01,32.673389,-115.388018,22,36083
2507,Calexico East,California,US-Mexico Border,2023-01-01,32.673389,-115.388018,23,38345
2507,Calexico East,California,US-Mexico Border,2023-02-01,32.673389,-115.388018,23,36929
2507,Calexico East,California,US-Mexico Border,2023-03-01,32.673389,-115.388018,30,43614
2507,Calexico East,California,US-Mexico Border,2023-04-01,32.673389,-115.388018,19,34698
2507,Calexico East,California,US-Mexico Border,2023-05-01,32.673389,-115.388018,22,40676
2507,Calexico East,California,US-Mexico Border,2023-06-01,32.673389,-115.388018,24,39863
2507,Calexico East,California,US-Mexico Border,2023-07-01,32.673389,-115.388018,21,36334
2507,Calexico East,California,US-Mexico Border,2023-08-01,32.673389,-115.388018,18,39022
2507,Calexico East,California,US-Mexico Border,2023-09-01,32.673389,-115.388018,19,36980
2507,Calexico East,California,US-Mexico Border,2023-10-01,32.673389,-115.388018,25,38867
2507,Calexico East,California,US-Mexico Border,2023-11-01,32.673389,-115.388018,19,37447
2507,Calexico East,California,US-Mexico Border,2023-12-01,32.673389,-115.388018,20,35384
2507,Calexico East,California,US-Mexico Border,2024-01-01,32.673389,-115.388018,21,38586
2507,Calexico East,California,US-Mexico Border,2024-02-01,32.673389,-115.388018,21,39470
2507,Calexico East,California,US-Mexico Border,2024-03-01,32.673389,-115.388018,20,39044
2507,Calexico East,California,US-Mexico Border,2024-04-01,32.673389,-115.388018,23,40389
2507,Calexico East,California,US-Mexico Border,2024-05-01,32.673389,-115.388018,20,39938
2507,Calexico East,California,US-Mexico Border,2024-06-01,32.673389,-115.388018,17,36714
2507,Calexico East,California,US-Mexico Border,2024-07-01,32.673389,-115.388018,23,38499
2507,Calexico East,California,US-Mexico Border,2024-08-01,32.673389,-115.388018,24,38707
2507,Calexico East,California,US-Mexico Border,2024-09-01,32.673389,-115.388018,19,37366
2507,Calexico East,California,US-Mexico Border,2024-10-01,32.673389,-115.388018,18,41105
2507,Calexico East,California,US-Mexico Border,2024-11-01,32.673389,-115.388018,26,36816
2507,Calexico East,California,US-Mexico Border,2024-12-01,32.673389,-115.388018,18,35892
2601,Douglas,Arizona,US-Mexico Border,2018-01-01,31.334043,-109.560344,0,2373
2601,Douglas,Arizona,US-Mexico Border,2018-02-01,31.334043,-109.560344,0,2329
2601,Douglas,Arizona,US-Mexico Border,2018-03-01,31.334043,-109.560344,0,2221
2601,Douglas,Arizona,US-Mexico Border,2018-04-01,31.334043,-109.560344,0,2385
2601,Douglas,Arizona,US-Mexico Border,2018-05-01,31.334043,-109.560344,0,2433
2601,Douglas,Arizona,US-Mexico Border,2018-06-01,31.334043,-109.560344,0,2353
2601,Douglas,Arizona,US-Mexico Border,2018-07-01,31.334043,-109.560344,0,2261
2601,Douglas,Arizona,US-Mexico Border,2018-08-01,31.334043,-109.560344,0,2427
2601,Douglas,Arizona,US-Mexico Border,2018-09-01,31.334043,-109.560344,0,2166
2601,Douglas,Arizona,US-Mexico Border,2018-10-01,31.334043,-109.560344,0,2485
2601,Douglas,Arizona,US-Mexico Border,2018-11-01,31.334043,-109.560344,0,2260
2601,Douglas,Arizona,US-Mexico Border,2018-12-01,31.334043,-109.560344,0,2111
2601,Douglas,Arizona,US-Mexico Border,2019-01-01,31.334043,-109.560344,0,2346
2601,Douglas,Arizona,US-Mexico Border,2019-02-01,31.334043,-109.560344,0,2140
2601,Douglas,Arizona,US-Mexico Border,2019-03-01,31.334043,-109.560344,0,2175
2601,Douglas,Arizona,US-Mexico Border,2019-04-01,31.334043,-109.560344,0,2141
2601,Douglas,Arizona,US-Mexico Border,2019-05-01,31.334043,-109.560344,0,2314
2601,Douglas,Arizona,US-Mexico Border,2019-06-01,31.334043,-109.560344,0,2056
2601,Douglas,Arizona,US-Mexico Border,2019-07-01,31.334043,-109.560344,0,2324
2601,Douglas,Arizona,US-Mexico Border,2019-08-01,31.334043,-109.560344,0,2400
2601,Douglas,Arizona,US-Mexico Border,2019-09-01,31.334043,-109.560344,0,2165
2601,Douglas,Arizona,US-Mexico Border,2019-10-01,31.334043,-109.560344,0,2475
2601,Douglas,Arizona,US-Mexico Border,2019-11-01,31.334043,-109.560344,0,2025
2601,Douglas,Arizona,US-Mexico Border,2019-12-01,31.334043,-109.560344,0,2027
2601,Douglas,Arizona,US-Mexico Border,2020-01-01,31.334043,-109.560344,0,2189
2601,Douglas,Arizona,US-Mexico Border,2020-02-01,31.334043,-109.560344,0,2287
2601,Douglas,Arizona,US-Mexico Border,2020-03-01,31.334043,-109.560344,0,2358
2601,Douglas,Arizona,US-Mexico Border,2020-04-01,31.334043,-109.560344,0,1666
2601,Douglas,Arizona,US-Mexico Border,2020-05-01,31.334043,-109.560344,0,1848
2601,Douglas,Arizona,US-Mexico Border,2020-06-01,31.334043,-109.560344,0,2211
2601,Douglas,Arizona,US-Mexico Border,2020-07-01,31.334043,-109.560344,0,2328
2601,Douglas,Arizona,US-Mexico Border,2020-08-01,31.334043,-109.560344,0,2114
2601,Douglas,Arizona,US-Mexico Border,2020-09-01,31.334043,-109.560344,0,2151
2601,Douglas,Arizona,US-Mexico Border,2020-10-01,31.334043,-109.560344,0,2412
2601,Douglas,Arizona,US-Mexico Border,2020-11-01,31.334043,-109.560344,0,2069
2601,Douglas,Arizona,US-Mexico Border,2020-12-01,31.334043,-109.560344,0,2289
2601,Douglas,Arizona,US-Mexico Border,2021-01-01,31.334043,-109.560344,0,2194
2601,Douglas,Arizona,US-Mexico Border,2021-02-01,31.334043,-109.560344,0,2183
2601,Douglas,Arizona,US-Mexico Border,2021-03-01,31.334043,-109.560344,0,2500
2601,Douglas,Arizona,US-Mexico Border,2021-04-01,31.334043,-109.560344,0,2278
2601,Douglas,Arizona,US-Mexico Border,2021-05-01,31.334043,-109.560344,0,2283
2601,Douglas,Arizona,US-Mexico Border,2021-06-01,31.334043,-109.560344,0,2570
2601,Douglas,Arizona,US-Mexico Border,2021-07-01,31.334043,-109.560344,0,2437
2601,Douglas,Arizona,US-Mexico Border,2021-08-01,31.334043,-109.560344,0,2592
2601,Douglas,Arizona,US-Mexico Border,2021-09-01,31.334043,-109.560344,0,2410
2601,Douglas,Arizona,US-Mexico Border,2021-10-01,31.334043,-109.560344,0,2374
2601,Douglas,Arizona,US-Mexico Border,2021-11-01,31.334043,-109.560344,0,2384
2601,Douglas,Arizona,US-Mexico Border,2021-12-01,31.334043,-109.560344,0,2540
2601,Douglas,Arizona,US-Mexico Border,2022-01-01,31.334043,-109.560344,0,2330
2601,Douglas,Arizona,US-Mexico Border,2022-02-01,31.334043,-109.560344,0,2185
2601,Douglas,Arizona,US-Mexico Border,2022-03-01,31.334043,-109.560344,0,2751
2601,Douglas,Arizona,US-Mexico Border,2022-04-01,31.334043,-109.560344,0,2579
2601,Douglas,Arizona,US-Mexico Border,2022-05-01,31.334043,-109.560344,0,2661
2601,Douglas,Arizona,US-Mexico Border,2022-06-01,31.334043,-109.560344,0,2711
2601,Douglas,Arizona,US-Mexico Border,2022-07-01,31.334043,-109.560344,0,2419
2601,Douglas,Arizona,US-Mexico Border,2022-08-01,31.334043,-109.560344,0,2564
2601,Douglas,Arizona,US-Mexico Border,2022-09-01,31.334043,-109.560344,0,2429
2601,Douglas,Arizona,US-Mexico Border,2022-10-01,31.334043,-109.560344,0,2403
2601,Douglas,Arizona,US-Mexico Border,2022-11-01,31.334043,-109.560344,0,2180
2601,Douglas,Arizona,US-Mexico Border,2022-12-01,31.334043,-109.560344,0,2224
2601,Douglas,Arizona,US-Mexico Border,2023-01-01,31.334043,-109.560344,0,2183
2601,Douglas,Arizona,US-Mexico Border,2023-02-01,31.334043,-109.560344,0,2094
2601,Douglas,Arizona,US-Mexico Border,2023-03-01,31.334043,-109.560344,0,2567
2601,Douglas,Arizona,US-Mexico Border,2023-04-01,31.334043,-109.560344,0,2144
2601,Douglas,Arizona,US-Mexico Border,2023-05-01,31.334043,-109.560344,0,2417
2601,Douglas,Arizona,US-Mexico Border,2023-06-01,31.334043,-109.560344,0,2429
2601,Douglas,Arizona,US-Mexico Border,2023-07-01,31.334043,-109.560344,0,2184
2601,Douglas,Arizona,US-Mexico Border,2023-08-01,31.334043,-109.560344,0,2466
2601,Douglas,Arizona,US-Mexico Border,2023-09-01,31.334043,-109.560344,0,2346
2601,Douglas,Arizona,US-Mexico Border,2023-10-01,31.334043,-109.560344,0,2303
2601,Douglas,Arizona,US-Mexico Border,2023-11-01,31.334043,-109.560344,0,2078
2601,Douglas,Arizona,US-Mexico Border,2023-12-01,31.334043,-109.560344,0,2061
2601,Douglas,Arizona,US-Mexico Border,2024-01-01,31.334043,-109.560344,0,2236
2601,Douglas,Arizona,US-Mexico Border,2024-02-01,31.334043,-109.560344,0,2178
2601,Douglas,Arizona,US-Mexico Border,2024-03-01,31.334043,-109.560344,0,2140
2601,Douglas,Arizona,US-Mexico Border,2024-04-01,31.334043,-109.560344,0,2482
2601,Douglas,Arizona,US-Mexico Border,2024-05-01,31.334043,-109.560344,0,2457
2601,Douglas,Arizona,US-Mexico Border,2024-06-01,31.334043,-109.560344,0,2385
2601,Douglas,Arizona,US-Mexico Border,2024-07-01,31.334043,-109.560344,0,2514
2601,Douglas,Arizona,US-Mexico Border,2024-08-01,31.334043,-109.560344,0,2495
2601,Douglas,Arizona,US-Mexico Border,2024-09-01,31.334043,-109.560344,0,2403
2601,Douglas,Arizona,US-Mexico Border,2024-10-01,31.334043,-109.560344,0,2677
2601,Douglas,Arizona,US-Mexico Border,2024-11-01,31.334043,-109.560344,0,2287
2601,Douglas,Arizona,US-Mexico Border,2024-12-01,31.334043,-109.560344,0,2386
2602,Lukeville,Arizona,US-Mexico Border,2018-01-01,31.880195,-112.817077,0,18
2602,Lukeville,Arizona,US-Mexico Border,2018-02-01,31.880195,-112.817077,0,12
2602,Lukeville,Arizona,US-Mexico Border,2018-03-01,31.880195,-112.817077,0,22
2602,Lukeville,Arizona,US-Mexico Border,2018-04-01,31.880195,-112.817077,0,21
2602,Lukeville,Arizona,US-Mexico Border,2018-05-01,31.880195,-112.817077,0,27
2602,Lukeville,Arizona,US-Mexico Border,2018-06-01,31.880195,-112.817077,0,38
2602,Lukeville,Arizona,US-Mexico Border,2018-07-01,31.880195,-112.817077,0,27
2602,Lukeville,Arizona,US-Mexico Border,2018-08-01,31.880195,-112.817077,0,20
2602,Lukeville,Arizona,US-Mexico Border,2018-09-01,31.880195,-112.817077,0,31
2602,Lukeville,Arizona,US-Mexico Border,2018-10-01,31.880195,-112.817077,0,39
2602,Lukeville,Arizona,US-Mexico Border,2018-11-01,31.880195,-112.817077,0,23
2602,Lukeville,Arizona,US-Mexico Border,2018-12-01,31.880195,-112.817077,0,20
2602,Lukeville,Arizona,US-Mexico Border,2019-01-01,31.880195,-112.817077,0,24
2602,Lukeville,Arizona,US-Mexico Border,2019-02-01,31.880195,-112.817077,0,25
2602,Lukeville,Arizona,US-Mexico Border,2019-03-01,31.880195,-112.817077,0,16
2602,Lukeville,Arizona,US-Mexico Border,2019-04-01,31.880195,-112.817077,0,14
2602,Lukeville,Arizona,US-Mexico Border,2019-05-01,31.880195,-112.817077,0,15
2602,Lukeville,Arizona,US-Mexico Border,2019-06-01,31.880195,-112.817077,0,27
2602,Lukeville,Arizona,US-Mexico Border,2019-07-01,31.880195,-112.817077,0,43
2602,Lukeville,Arizona,US-Mexico Border,2019-08-01,31.880195,-112.817077,0,27
2602,Lukeville,Arizona,US-Mexico Border,2019-09-01,31.880195,-112.817077,0,29
2602,Lukeville,Arizona,US-Mexico Border,2019-10-01,31.880195,-112.817077,0,40
2602,Lukeville,Arizona,US-Mexico Border,2019-11-01,31.880195,-112.817077,0,31
2602,Lukeville,Arizona,US-Mexico Border,2019-12-01,31.880195,-112.817077,0,24
2602,Lukeville,Arizona,US-Mexico Border,2020-01-01,31.880195,-112.817077,0,28
2602,Lukeville,Arizona,US-Mexico Border,2020-02-01,31.880195,-112.817077,0,25
2602,Lukeville,Arizona,US-Mexico Border,2020-03-01,31.880195,-112.817077,0,33
2602,Lukeville,Arizona,US-Mexico Border,2020-04-01,31.880195,-112.817077,0,21
2602,Lukeville,Arizona,US-Mexico Border,2020-05-01,31.880195,-112.817077,0,33
2602,Lukeville,Arizona,US-Mexico Border,2020-06-01,31.880195,-112.817077,0,44
2602,Lukeville,Arizona,US-Mexico Border,2020-07-01,31.880195,-112.817077,0,48
2602,Lukeville,Arizona,US-Mexico Border,2020-08-01,31.880195,-112.817077,0,45
2602,Lukeville,Arizona,US-Mexico Border,2020-09-01,31.880195,-112.817077,0,50
2602,Lukeville,Arizona,US-Mexico Border,2020-10-01,31.880195,-112.817077,0,64
2602,Lukeville,Arizona,US-Mexico Border,2020-11-01,31.880195,-112.817077,0,45
2602,Lukeville,Arizona,US-Mexico Border,2020-12-01,31.880195,-112.817077,0,43
2602,Lukeville,Arizona,US-Mexico Border,2021-01-01,31.880195,-112.817077,0,39
2602,Lukeville,Arizona,US-Mexico Border,2021-02-01,31.880195,-112.817077,0,36
2602,Lukeville,Arizona,US-Mexico Border,2021-03-01,31.880195,-112.817077,0,49
2602,Lukeville,Arizona,US-Mexico Border,2021-04-01,31.880195,-112.817077,0,37
2602,Lukeville,Arizona,US-Mexico Border,2021-05-01,31.880195,-112.817077,0,37
2602,Lukeville,Arizona,US-Mexico Border,2021-06-01,31.880195,-112.817077,0,35
2602,Lukeville,Arizona,US-Mexico Border,2021-07-01,31.880195,-112.817077,0,45
2602,Lukeville,Arizona,US-Mexico Border,2021-08-01,31.880195,-112.817077,0,80
2602,Lukeville,Arizona,US-Mexico Border,2021-09-01,31.880195,-112.817077,0,95
2602,Lukeville,Arizona,US-Mexico Border,2021-10-01,31.880195,-112.817077,0,90
2602,Lukeville,Arizona,US-Mexico Border,2021-11-01,31.880195,-112.817077,0,71
2602,Lukeville,Arizona,US-Mexico Border,2021-12-01,31.880195,-112.817077,0,70
2602,Lukeville,Arizona,US-Mexico Border,2022-01-01,31.880195,-112.817077,0,69
2602,Lukeville,Arizona,US-Mexico Border,2022-02-01,31.880195,-112.817077,0,67
2602,Lukeville,Arizona,US-Mexico Border,2022-03-01,31.880195,-112.817077,0,65
2602,Lukeville,Arizona,US-Mexico Border,2022-04-01,31.880195,-112.817077,0,62
2602,Lukeville,Arizona,US-Mexico Border,2022-05-01,31.880195,-112.817077,0,40
2602,Lukeville,Arizona,US-Mexico Border,2022-06-01,31.880195,-112.817077,0,88
2602,Lukeville,Arizona,US-Mexico Border,2022-07-01,31.880195,-112.817077,0,85
2602,Lukeville,Arizona,US-Mexico Border,2022-08-01,31.880195,-112.817077,0,75
2602,Lukeville,Arizona,US-Mexico Border,2022-09-01,31.880195,-112.817077,0,76
2602,Lukeville,Arizona,US-Mexico Border,2022-10-01,31.880195,-112.817077,0,78
2602,Lukeville,Arizona,US-Mexico Border,2022-11-01,31.880195,-112.817077,0,71
2602,Lukeville,Arizona,US-Mexico Border,2022-12-01,31.880195,-112.817077,0,59
2602,Lukeville,Arizona,US-Mexico Border,2023-01-01,31.880195,-112.817077,0,51
2602,Lukeville,Arizona,US-Mexico Border,2023-02-01,31.880195,-112.817077,0,50
2602,Lukeville,Arizona,US-Mexico Border,2023-03-01,31.880195,-112.817077,0,62
2602,Lukeville,Arizona,US-Mexico Border,2023-04-01,31.880195,-112.817077,0,59
2602,Lukeville,Arizona,US-Mexico Border,2023-05-01,31.880195,-112.817077,0,71
2602,Lukeville,Arizona,US-Mexico Border,2023-06-01,31.880195,-112.817077,0,92
2602,Lukeville,Arizona,US-Mexico Border,2023-07-01,31.880195,-112.817077,0,74
2602,Lukeville,Arizona,US-Mexico Border,2023-08-01,31.880195,-112.817077,0,80
2602,Lukeville,Arizona,US-Mexico Border,2023-09-01,31.880195,-112.817077,0,93
2602,Lukeville,Arizona,US-Mexico Border,2023-10-01,31.880195,-112.817077,0,99
2602,Lukeville,Arizona,US-Mexico Border,2023-11-01,31.880195,-112.817077,0,70
2602,Lukeville,Arizona,US-Mexico Border,2023-12-01,31.880195,-112.817077,0,7
2602,Lukeville,Arizona,US-Mexico Border,2024-01-01,31.880195,-112.817077,0,66
2602,Lukeville,Arizona,US-Mexico Border,2024-02-01,31.880195,-112.817077,0,66
2602,Lukeville,Arizona,US-Mexico Border,2024-03-01,31.880195,-112.817077,0,70
2602,Lukeville,Arizona,US-Mexico Border,2024-04-01,31.880195,-112.817077,0,64
2602,Lukeville,Arizona,US-Mexico Border,2024-05-01,31.880195,-112.817077,0,61
2602,Lukeville,Arizona,US-Mexico Border,2024-06-01,31.880195,-112.817077,0,69
2602,Lukeville,Arizona,US-Mexico Border,2024-07-01,31.880195,-112.817077,0,70
2602,Lukeville,Arizona,US-Mexico Border,2024-08-01,31.880195,-112.817077,0,58
2602,Lukeville,Arizona,US-Mexico Border,2024-09-01,31.880195,-112.817077,0,55
2602,Lukeville,Arizona,US-Mexico Border,2024-10-01,31.880195,-112.817077,0,79
2602,Lukeville,Arizona,US-Mexico Border,2024-11-01,31.880195,-112.817077,0,59
2602,Lukeville,Arizona,US-Mexico Border,2024-12-01,31.880195,-112.817077,0,50
2603,Naco,Arizona,US-Mexico Border,2018-01-01,31.334084,-109.948413,0,262
2603,Naco,Arizona,US-Mexico Border,2018-02-01,31.334084,-109.948413,0,266
2603,Naco,Arizona,US-Mexico Border,2018-03-01,31.334084,-109.948413,0,271
2603,Naco,Arizona,US-Mexico Border,2018-04-01,31.334084,-109.948413,0,262
2603,Naco,Arizona,US-Mexico Border,2018-05-01,31.334084,-109.948413,0,277
2603,Naco,Arizona,US-Mexico Border,2018-06-01,31.334084,-109.948413,0,246
2603,Naco,Arizona,US-Mexico Border,2018-07-01,31.334084,-109.948413,0,247
2603,Naco,Arizona,US-Mexico Border,2018-08-01,31.334084,-109.948413,0,291
2603,Naco,Arizona,US-Mexico Border,2018-09-01,31.334084,-109.948413,0,229
2603,Naco,Arizona,US-Mexico Border,2018-10-01,31.334084,-109.948413,0,265
2603,Naco,Arizona,US-Mexico Border,2018-11-01,31.334084,-109.948413,0,197
2603,Naco,Arizona,US-Mexico Border,2018-12-01,31.334084,-109.948413,0,184
2603,Naco,Arizona,US-Mexico Border,2019-01-01,31.334084,-109.948413,0,241
2603,Naco,Arizona,US-Mexico Border,2019-02-01,31.334084,-109.948413,0,217
2603,Naco,Arizona,US-Mexico Border,2019-03-01,31.334084,-109.948413,0,262
2603,Naco,Arizona,US-Mexico Border,2019-04-01,31.334084,-109.948413,0,359
2603,Naco,Arizona,US-Mexico Border,2019-05-01,31.334084,-109.948413,0,347
2603,Naco,Arizona,US-Mexico Border,2019-06-01,31.334084,-109.948413,0,311
2603,Naco,Arizona,US-Mexico Border,2019-07-01,31.334084,-109.948413,0,353
2603,Naco,Arizona,US-Mexico Border,2019-08-01,31.334084,-109.948413,0,257
2603,Naco,Arizona,US-Mexico Border,2019-09-01,31.334084,-109.948413,0,297
2603,Naco,Arizona,US-Mexico Border,2019-10-01,31.334084,-109.948413,0,310
2603,Naco,Arizona,US-Mexico Border,2019-11-01,31.334084,-109.948413,0,256
2603,Naco,Arizona,US-Mexico Border,2019-12-01,31.334084,-109.948413,0,229
2603,Naco,Arizona,US-Mexico Border,2020-01-01,31.334084,-109.948413,0,256
2603,Naco,Arizona,US-Mexico Border,2020-02-01,31.334084,-109.948413,0,254
2603,Naco,Arizona,US-Mexico Border,2020-03-01,31.334084,-109.948413,0,282
2603,Naco,Arizona,US-Mexico Border,2020-04-01,31.334084,-109.948413,0,272
2603,Naco,Arizona,US-Mexico Border,2020-05-01,31.334084,-109.948413,0,255
2603,Naco,Arizona,US-Mexico Border,2020-06-01,31.334084,-109.948413,0,294
2603,Naco,Arizona,US-Mexico Border,2020-07-01,31.334084,-109.948413,0,317
2603,Naco,Arizona,US-Mexico Border,2020-08-01,31.334084,-109.948413,0,369
2603,Naco,Arizona,US-Mexico Border,2020-09-01,31.334084,-109.948413,0,335
2603,Naco,Arizona,US-Mexico Border,2020-10-01,31.334084,-109.948413,0,366
2603,Naco,Arizona,US-Mexico Border,2020-11-01,31.334084,-109.948413,0,284
2603,Naco,Arizona,US-Mexico Border,2020-12-01,31.334084,-109.948413,0,298
2603,Naco,Arizona,US-Mexico Border,2021-01-01,31.334084,-109.948413,0,312
2603,Naco,Arizona,US-Mexico Border,2021-02-01,31.334084,-109.948413,0,385
2603,Naco,Arizona,US-Mexico Border,2021-03-01,31.334084,-109.948413,0,385
2603,Naco,Arizona,US-Mexico Border,2021-04-01,31.334084,-109.948413,0,391
2603,Naco,Arizona,US-Mexico Border,2021-05-01,31.334084,-109.948413,0,334
2603,Naco,Arizona,US-Mexico Border,2021-06-01,31.334084,-109.948413,0,377
2603,Naco,Arizona,US-Mexico Border,2021-07-01,31.334084,-109.948413,0,332
2603,Naco,Arizona,US-Mexico Border,2021-08-01,31.334084,-109.948413,0,342
2603,Naco,Arizona,US-Mexico Border,2021-09-01,31.334084,-109.948413,0,285
2603,Naco,Arizona,US-Mexico Border,2021-10-01,31.334084,-109.948413,0,296
2603,Naco,Arizona,US-Mexico Border,2021-11-01,31.334084,-109.948413,0,279
2603,Naco,Arizona,US-Mexico Border,2021-12-01,31.334084,-109.948413,0,256
2603,Naco,Arizona,US-Mexico Border,2022-01-01,31.334084,-109.948413,0,244
2603,Naco,Arizona,US-Mexico Border,2022-02-01,31.334084,-109.948413,0,235
2603,Naco,Arizona,US-Mexico Border,2022-03-01,31.334084,-109.948413,0,290
2603,Naco,Arizona,US-Mexico Border,2022-04-01,31.334084,-109.948413,0,227
2603,Naco,Arizona,US-Mexico Border,2022-05-01,31.334084,-109.948413,0,250
2603,Naco,Arizona,US-Mexico Border,2022-06-01,31.334084,-109.948413,0,263
2603,Naco,Arizona,US-Mexico Border,2022-07-01,31.334084,-109.948413,0,261
2603,Naco,Arizona,US-Mexico Border,2022-08-01,31.334084,-109.948413,0,241
2603,Naco,Arizona,US-Mexico Border,2022-09-01,31.334084,-109.948413,0,216
2603,Naco,Arizona,US-Mexico Border,2022-10-01,31.334084,-109.948413,0,228
2603,Naco,Arizona,US-Mexico Border,2022-11-01,31.334084,-109.948413,0,252
2603,Naco,Arizona,US-Mexico Border,2022-12-01,31.334084,-109.948413,0,214
2603,Naco,Arizona,US-Mexico Border,2023-01-01,31.334084,-109.948413,0,235
2603,Naco,Arizona,US-Mexico Border,2023-02-01,31.334084,-109.948413,0,209
2603,Naco,Arizona,US-Mexico Border,2023-03-01,31.334084,-109.948413,0,278
2603,Naco,Arizona,US-Mexico Border,2023-04-01,31.334084,-109.948413,0,227
2603,Naco,Arizona,US-Mexico Border,2023-05-01,31.334084,-109.948413,0,284
2603,Naco,Arizona,US-Mexico Border,2023-06-01,31.334084,-109.948413,0,241
2603,Naco,Arizona,US-Mexico Border,2023-07-01,31.334084,-109.948413,0,227
2603,Naco,Arizona,US-Mexico Border,2023-08-01,31.334084,-109.948413,0,281
2603,Naco,Arizona,US-Mexico Border,2023-09-01,31.334084,-109.948413,0,270
2603,Naco,Arizona,US-Mexico Border,2023-10-01,31.334084,-109.948413,0,250
2603,Naco,Arizona,US-Mexico Border,2023-11-01,31.334084,-109.948413,0,225
2603,Naco,Arizona,US-Mexico Border,2023-12-01,31.334084,-109.948413,0,219
2603,Naco,Arizona,US-Mexico Border,2024-01-01,31.334084,-109.948413,0,243
2603,Naco,Arizona,US-Mexico Border,2024-02-01,31.334084,-109.948413,0,268
2603,Naco,Arizona,US-Mexico Border,2024-03-01,31.334084,-109.948413,0,206
2603,Naco,Arizona,US-Mexico Border,2024-04-01,31.334084,-109.948413,0,257
2603,Naco,Arizona,US-Mexico Border,2024-05-01,31.334084,-109.948413,0,252
2603,Naco,Arizona,US-Mexico Border,2024-06-01,31.334084,-109.948413,0,216
2603,Naco,Arizona,US-Mexico Border,2024-07-01,31.334084,-109.948413,0,257
2603,Naco,Arizona,US-Mexico Border,2024-08-01,31.334084,-109.948413,0,255
2603,Naco,Arizona,US-Mexico Border,2024-09-01,31.334084,-109.948413,0,293
2603,Naco,Arizona,US-Mexico Border,2024-10-01,31.334084,-109.948413,0,310
2603,Naco,Arizona,US-Mexico Border,2024-11-01,31.334084,-109.948413,0,278
2603,Naco,Arizona,US-Mexico Border,2024-12-01,31.334084,-109.948413,0,255
2604,Nogales,Arizona,US-Mexico Border,2018-01-01,31.332839,-110.942516,61,34726
2604,Nogales,Arizona,US-Mexico Border,2018-02-01,31.332839,-110.942516,56,31881
2604,Nogales,Arizona,US-Mexico Border,2018-03-01,31.332839,-110.942516,65,36866
2604,Nogales,Arizona,US-Mexico Border,2018-04-01,31.332839,-110.942516,56,36856
2604,Nogales,Arizona,US-Mexico Border,2018-05-01,31.332839,-110.942516,62,39700
2604,Nogales,Arizona,US-Mexico Border,2018-06-01,31.332839,-110.942516,64,27043
2604,Nogales,Arizona,US-Mexico Border,2018-07-01,31.332839,-110.942516,56,16700
2604,Nogales,Arizona,US-Mexico Border,2018-08-01,31.332839,-110.942516,60,17362
2604,Nogales,Arizona,US-Mexico Border,2018-09-01,31.332839,-110.942516,63,16308
2604,Nogales,Arizona,US-Mexico Border,2018-10-01,31.332839,-110.942516,65,24608
2604,Nogales,Arizona,US-Mexico Border,2018-11-01,31.332839,-110.942516,68,26777
2604,Nogales,Arizona,US-Mexico Border,2018-12-01,31.332839,-110.942516,61,28352
2604,Nogales,Arizona,US-Mexico Border,2019-01-01,31.332839,-110.942516,70,34316
2604,Nogales,Arizona,US-Mexico Border,2019-02-01,31.332839,-110.942516,64,30784
2604,Nogales,Arizona,US-Mexico Border,2019-03-01,31.332839,-110.942516,62,35398
2604,Nogales,Arizona,US-Mexico Border,2019-04-01,31.332839,-110.942516,61,38435
2604,Nogales,Arizona,US-Mexico Border,2019-05-01,31.332839,-110.942516,57,42557
2604,Nogales,Arizona,US-Mexico Border,2019-06-01,31.332839,-110.942516,63,34171
2604,Nogales,Arizona,US-Mexico Border,2019-07-01,31.332839,-110.942516,52,19291
2604,Nogales,Arizona,US-Mexico Border,2019-08-01,31.332839,-110.942516,64,17262
2604,Nogales,Arizona,US-Mexico Border,2019-09-01,31.332839,-110.942516,56,17151
2604,Nogales,Arizona,US-Mexico Border,2019-10-01,31.332839,-110.942516,43,25015
2604,Nogales,Arizona,US-Mexico Border,2019-11-01,31.332839,-110.942516,46,26520
2604,Nogales,Arizona,US-Mexico Border,2019-12-01,31.332839,-110.942516,57,28477
2604,Nogales,Arizona,US-Mexico Border,2020-01-01,31.332839,-110.942516,57,34948
2604,Nogales,Arizona,US-Mexico Border,2020-02-01,31.332839,-110.942516,63,32944
2604,Nogales,Arizona,US-Mexico Border,2020-03-01,31.332839,-110.942516,68,35862
2604,Nogales,Arizona,US-Mexico Border,2020-04-01,31.332839,-110.942516,43,30284
2604,Nogales,Arizona,US-Mexico Border,2020-05-01,31.332839,-110.942516,38,36142
2604,Nogales,Arizona,US-Mexico Border,2020-06-01,31.332839,-110.942516,45,33433
2604,Nogales,Arizona,US-Mexico Border,2020-07-01,31.332839,-110.942516,61,20133
2604,Nogales,Arizona,US-Mexico Border,2020-08-01,31.332839,-110.942516,42,18891
2604,Nogales,Arizona,US-Mexico Border,2020-09-01,31.332839,-110.942516,48,20072
2604,Nogales,Arizona,US-Mexico Border,2020-10-01,31.332839,-110.942516,42,28398
2604,Nogales,Arizona,US-Mexico Border,2020-11-01,31.332839,-110.942516,54,28828
2604,Nogales,Arizona,US-Mexico Border,2020-12-01,31.332839,-110.942516,51,32102
2604,Nogales,Arizona,US-Mexico Border,2021-01-01,31.332839,-110.942516,47,36630
2604,Nogales,Arizona,US-Mexico Border,2021-02-01,31.332839,-110.942516,54,36384
2604,Nogales,Arizona,US-Mexico Border,2021-03-01,31.332839,-110.942516,65,39374
2604,Nogales,Arizona,US-Mexico Border,2021-04-01,31.332839,-110.942516,62,41240
2604,Nogales,Arizona,US-Mexico Border,2021-05-01,31.332839,-110.942516,55,44492
2604,Nogales,Arizona,US-Mexico Border,2021-06-01,31.332839,-110.942516,48,34626
2604,Nogales,Arizona,US-Mexico Border,2021-07-01,31.332839,-110.942516,49,20500
2604,Nogales,Arizona,US-Mexico Border,2021-08-01,31.332839,-110.942516,49,19710
2604,Nogales,Arizona,US-Mexico Border,2021-09-01,31.332839,-110.942516,57,20128
2604,Nogales,Arizona,US-Mexico Border,2021-10-01,31.332839,-110.942516,69,26133
2604,Nogales,Arizona,US-Mexico Border,2021-11-01,31.332839,-110.942516,55,29068
2604,Nogales,Arizona,US-Mexico Border,2021-12-01,31.332839,-110.942516,69,30821
2604,Nogales,Arizona,US-Mexico Border,2022-01-01,31.332839,-110.942516,70,34948
2604,Nogales,Arizona,US-Mexico Border,2022-02-01,31.332839,-110.942516,68,33088
2604,Nogales,Arizona,US-Mexico Border,2022-03-01,31.332839,-110.942516,81,36571
2604,Nogales,Arizona,US-Mexico Border,2022-04-01,31.332839,-110.942516,72,39726
2604,Nogales,Arizona,US-Mexico Border,2022-05-01,31.332839,-110.942516,59,42322
2604,Nogales,Arizona,US-Mexico Border,2022-06-01,31.332839,-110.942516,65,33169
2604,Nogales,Arizona,US-Mexico Border,2022-07-01,31.332839,-110.942516,59,20397
2604,Nogales,Arizona,US-Mexico Border,2022-08-01,31.332839,-110.942516,56,21232
2604,Nogales,Arizona,US-Mexico Border,2022-09-01,31.332839,-110.942516,72,20679
2604,Nogales,Arizona,US-Mexico Border,2022-10-01,31.332839,-110.942516,78,26679
2604,Nogales,Arizona,US-Mexico Border,2022-11-01,31.332839,-110.942516,61,29789
2604,Nogales,Arizona,US-Mexico Border,2022-12-01,31.332839,-110.942516,69,32173
2604,Nogales,Arizona,US-Mexico Border,2023-01-01,31.332839,-110.942516,70,36530
2604,Nogales,Arizona,US-Mexico Border,2023-02-01,31.332839,-110.942516,71,34050
2604,Nogales,Arizona,US-Mexico Border,2023-03-01,31.332839,-110.942516,83,38768
2604,Nogales,Arizona,US-Mexico Border,2023-04-01,31.332839,-110.942516,71,35085
2604,Nogales,Arizona,US-Mexico Border,2023-05-01,31.332839,-110.942516,71,42538
2604,Nogales,Arizona,US-Mexico Border,2023-06-01,31.332839,-110.942516,75,37530
2604,Nogales,Arizona,US-Mexico Border,2023-07-01,31.332839,-110.942516,73,22615
2604,Nogales,Arizona,US-Mexico Border,2023-08-01,31.332839,-110.942516,66,21352
2604,Nogales,Arizona,US-Mexico Border,2023-09-01,31.332839,-110.942516,73,20963
2604,Nogales,Arizona,US-Mexico Border,2023-10-01,31.332839,-110.942516,81,30712
2604,Nogales,Arizona,US-Mexico Border,2023-11-01,31.332839,-110.942516,72,30524
2604,Nogales,Arizona,US-Mexico Border,2023-12-01,31.332839,-110.942516,83,31302
2604,Nogales,Arizona,US-Mexico Border,2024-01-01,31.332839,-110.942516,82,37425
2604,Nogales,Arizona,US-Mexico Border,2024-02-01,31.332839,-110.942516,79,37902
2604,Nogales,Arizona,US-Mexico Border,2024-03-01,31.332839,-110.942516,85,38707
2604,Nogales,Arizona,US-Mexico Border,2024-04-01,31.332839,-110.942516,84,43094
2604,Nogales,Arizona,US-Mexico Border,2024-05-01,31.332839,-110.942516,91,45152
2604,Nogales,Arizona,US-Mexico Border,2024-06-01,31.332839,-110.942516,88,34089
2604,Nogales,Arizona,US-Mexico Border,2024-07-01,31.332839,-110.942516,81,24523
2604,Nogales,Arizona,US-Mexico Border,2024-08-01,31.332839,-110.942516,79,22927
2604,Nogales,Arizona,US-Mexico Border,2024-09-01,31.332839,-110.942516,86,22544
2604,Nogales,Arizona,US-Mexico Border,2024-10-01,31.332839,-110.942516,77,32341
2604,Nogales,Arizona,US-Mexico Border,2024-11-01,31.332839,-110.942516,70,31068
2604,Nogales,Arizona,US-Mexico Border,2024-12-01,31.332839,-110.942516,76,34816
2608,San Luis,Arizona,US-Mexico Border,2018-01-01,32.485,-114.7822222,0,2989
2608,San Luis,Arizona,US-Mexico Border,2018-02-01,32.485,-114.7822222,0,3230
2608,San Luis,Arizona,US-Mexico Border,2018-03-01,32.485,-114.7822222,0,3027
2608,San Luis,Arizona,US-Mexico Border,2018-04-01,32.485,-114.7822222,0,2283
2608,San Luis,Arizona,US-Mexico Border,2018-05-01,32.485,-114.7822222,0,2147
2608,San Luis,Arizona,US-Mexico Border,2018-06-01,32.485,-114.7822222,0,1985
2608,San Luis,Arizona,US-Mexico Border,2018-07-01,32.485,-114.7822222,0,1799
2608,San Luis,Arizona,US-Mexico Border,2018-08-01,32.485,-114.7822222,0,1987
2608,San Luis,Arizona,US-Mexico Border,2018-09-01,32.485,-114.7822222,0,1915
2608,San Luis,Arizona,US-Mexico Border,2018-10-01,32.485,-114.7822222,0,2134
2608,San Luis,Arizona,US-Mexico Border,2018-11-01,32.485,-114.7822222,0,2337
2608,San Luis,Arizona,US-Mexico Border,2018-12-01,32.485,-114.7822222,0,2378
2608,San Luis,Arizona,US-Mexico Border,2019-01-01,32.485,-114.7822222,0,2999
2608,San Luis,Arizona,US-Mexico Border,2019-02-01,32.485,-114.7822222,0,3962
2608,San Luis,Arizona,US-Mexico Border,2019-03-01,32.485,-114.7822222,0,4511
2608,San Luis,Arizona,US-Mexico Border,2019-04-01,32.485,-114.7822222,0,3063
2608,San Luis,Arizona,US-Mexico Border,2019-05-01,32.485,-114.7822222,0,2707
2608,San Luis,Arizona,US-Mexico Border,2019-06-01,32.485,-114.7822222,0,2463
2608,San Luis,Arizona,US-Mexico Border,2019-07-01,32.485,-114.7822222,0,2564
2608,San Luis,Arizona,US-Mexico Border,2019-08-01,32.485,-114.7822222,0,2575
2608,San Luis,Arizona,US-Mexico Border,2019-09-01,32.485,-114.7822222,0,2536
2608,San Luis,Arizona,US-Mexico Border,2019-10-01,32.485,-114.7822222,0,2995
2608,San Luis,Arizona,US-Mexico Border,2019-11-01,32.485,-114.7822222,0,3062
2608,San Luis,Arizona,US-Mexico Border,2019-12-01,32.485,-114.7822222,0,3448
2608,San Luis,Arizona,US-Mexico Border,2020-01-01,32.485,-114.7822222,0,4310
2608,San Luis,Arizona,US-Mexico Border,2020-02-01,32.485,-114.7822222,0,4643
2608,San Luis,Arizona,US-Mexico Border,2020-03-01,32.485,-114.7822222,0,4665
2608,San Luis,Arizona,US-Mexico Border,2020-04-01,32.485,-114.7822222,0,2952
2608,San Luis,Arizona,US-Mexico Border,2020-05-01,32.485,-114.7822222,0,2622
2608,San Luis,Arizona,US-Mexico Border,2020-06-01,32.485,-114.7822222,0,2816
2608,San Luis,Arizona,US-Mexico Border,2020-07-01,32.485,-114.7822222,0,2878
2608,San Luis,Arizona,US-Mexico Border,2020-08-01,32.485,-114.7822222,0,2738
2608,San Luis,Arizona,US-Mexico Border,2020-09-01,32.485,-114.7822222,0,2922
2608,San Luis,Arizona,US-Mexico Border,2020-10-01,32.485,-114.7822222,0,3494
2608,San Luis,Arizona,US-Mexico Border,2020-11-01,32.485,-114.7822222,0,3398
2608,San Luis,Arizona,US-Mexico Border,2020-12-01,32.485,-114.7822222,0,3715
2608,San Luis,Arizona,US-Mexico Border,2021-01-01,32.485,-114.7822222,0,3931
2608,San Luis,Arizona,US-Mexico Border,2021-02-01,32.485,-114.7822222,0,4755
2608,San Luis,Arizona,US-Mexico Border,2021-03-01,32.485,-114.7822222,0,6039
2608,San Luis,Arizona,US-Mexico Border,2021-04-01,32.485,-114.7822222,0,4330
2608,San Luis,Arizona,US-Mexico Border,2021-05-01,32.485,-114.7822222,0,3745
2608,San Luis,Arizona,US-Mexico Border,2021-06-01,32.485,-114.7822222,0,3663
2608,San Luis,Arizona,US-Mexico Border,2021-07-01,32.485,-114.7822222,0,3427
2608,San Luis,Arizona,US-Mexico Border,2021-08-01,32.485,-114.7822222,0,3269
2608,San Luis,Arizona,US-Mexico Border,2021-09-01,32.485,-114.7822222,0,3490
2608,San Luis,Arizona,US-Mexico Border,2021-10-01,32.485,-114.7822222,0,3878
2608,San Luis,Arizona,US-Mexico Border,2021-11-01,32.485,-114.7822222,0,3947
2608,San Luis,Arizona,US-Mexico Border,2021-12-01,32.485,-114.7822222,0,4724
2608,San Luis,Arizona,US-Mexico Border,2022-01-01,32.485,-114.7822222,0,4723
2608,San Luis,Arizona,US-Mexico Border,2022-02-01,32.485,-114.7822222,0,5223
2608,San Luis,Arizona,US-Mexico Border,2022-03-01,32.485,-114.7822222,0,6214
2608,San Luis,Arizona,US-Mexico Border,2022-04-01,32.485,-114.7822222,0,4218
2608,San Luis,Arizona,US-Mexico Border,2022-05-01,32.485,-114.7822222,0,3583
2608,San Luis,Arizona,US-Mexico Border,2022-06-01,32.485,-114.7822222,0,3628
2608,San Luis,Arizona,US-Mexico Border,2022-07-01,32.485,-114.7822222,0,3259
2608,San Luis,Arizona,US-Mexico Border,2022-08-01,32.485,-114.7822222,0,3474
2608,San Luis,Arizona,US-Mexico Border,2022-09-01,32.485,-114.7822222,0,3252
2608,San Luis,Arizona,US-Mexico Border,2022-10-01,32.485,-114.7822222,0,3318
2608,San Luis,Arizona,US-Mexico Border,2022-11-01,32.485,-114.7822222,0,3440
2608,San Luis,Arizona,US-Mexico Border,2022-12-01,32.485,-114.7822222,0,4551
2608,San Luis,Arizona,US-Mexico Border,2023-01-01,32.485,-114.7822222,0,4727
2608,San Luis,Arizona,US-Mexico Border,2023-02-01,32.485,-114.7822222,0,4915
2608,San Luis,Arizona,US-Mexico Border,2023-03-01,32.485,-114.7822222,0,5948
2608,San Luis,Arizona,US-Mexico Border,2023-04-01,32.485,-114.7822222,0,4121
2608,San Luis,Arizona,US-Mexico Border,2023-05-01,32.485,-114.7822222,0,3734
2608,San Luis,Arizona,US-Mexico Border,2023-06-01,32.485,-114.7822222,0,3728
2608,San Luis,Arizona,US-Mexico Border,2023-07-01,32.485,-114.7822222,0,3068
2608,San Luis,Arizona,US-Mexico Border,2023-08-01,32.485,-114.7822222,0,3311
2608,San Luis,Arizona,US-Mexico Border,2023-09-01,32.485,-114.7822222,0,3265
2608,San Luis,Arizona,US-Mexico Border,2023-10-01,32.485,-114.7822222,0,3299
2608,San Luis,Arizona,US-Mexico Border,2023-11-01,32.485,-114.7822222,0,3473
2608,San Luis,Arizona,US-Mexico Border,2023-12-01,32.485,-114.7822222,0,3599
2608,San Luis,Arizona,US-Mexico Border,2024-01-01,32.485,-114.7822222,0,3862
2608,San Luis,Arizona,US-Mexico Border,2024-02-01,32.485,-114.7822222,0,4838
2608,San Luis,Arizona,US-Mexico Border,2024-03-01,32.485,-114.7822222,0,4718
2608,San Luis,Arizona,US-Mexico Border,2024-04-01,32.485,-114.7822222,0,3906
2608,San Luis,Arizona,US-Mexico Border,2024-05-01,32.485,-114.7822222,0,3576
2608,San Luis,Arizona,US-Mexico Border,2024-06-01,32.485,-114.7822222,0,3479
2608,San Luis,Arizona,US-Mexico Border,2024-07-01,32.485,-114.7822222,0,3298
2608,San Luis,Arizona,US-Mexico Border,2024-08-01,32.485,-114.7822222,0,3093
2608,San Luis,Arizona,US-Mexico Border,2024-09-01,32.485,-114.7822222,0,3020
2608,San Luis,Arizona,US-Mexico Border,2024-10-01,32.485,-114.7822222,0,3312
2608,San Luis,Arizona,US-Mexico Border,2024-11-01,32.485,-114.7822222,0,3389
2608,San Luis,Arizona,US-Mexico Border,2024-12-01,32.485,-114.7822222,0,3755
3004,Blaine,Washington,US-Canada Border,2018-01-01,48.994045,-122.748884,244,30441
3004,Blaine,Washington,US-Canada Border,2018-02-01,48.994045,-122.748884,189,26515
3004,Blaine,Washington,US-Canada Border,2018-03-01,48.994045,-122.748884,254,30406
3004,Blaine,Washington,US-Canada Border,2018-04-01,48.994045,-122.748884,255,30711
3004,Blaine,Washington,US-Canada Border,2018-05-01,48.994045,-122.748884,267,33455
3004,Blaine,Washington,US-Canada Border,2018-06-01,48.994045,-122.748884,248,33289
3004,Blaine,Washington,US-Canada Border,2018-07-01,48.994045,-122.748884,246,32814
3004,Blaine,Washington,US-Canada Border,2018-08-01,48.994045,-122.748884,252,33937
3004,Blaine,Washington,US-Canada Border,2018-09-01,48.994045,-122.748884,244,30748
3004,Blaine,Washington,US-Canada Border,2018-10-01,48.994045,-122.748884,244,33024
3004,Blaine,Washington,US-Canada Border,2018-11-01,48.994045,-122.748884,251,30354
3004,Blaine,Washington,US-Canada Border,2018-12-01,48.994045,-122.748884,224,27497
3004,Blaine,Washington,US-Canada Border,2019-01-01,48.994045,-122.748884,199,30777
3004,Blaine,Washington,US-Canada Border,2019-02-01,48.994045,-122.748884,138,26617
3004,Blaine,Washington,US-Canada Border,2019-03-01,48.994045,-122.748884,150,31601
3004,Blaine,Washington,US-Canada Border,2019-04-01,48.994045,-122.748884,203,31781
3004,Blaine,Washington,US-Canada Border,2019-05-01,48.994045,-122.748884,243,33419
3004,Blaine,Washington,US-Canada Border,2019-06-01,48.994045,-122.748884,231,32964
3004,Blaine,Washington,US-Canada Border,2019-07-01,48.994045,-122.748884,191,33518
3004,Blaine,Washington,US-Canada Border,2019-08-01,48.994045,-122.748884,199,31602
3004,Blaine,Washington,US-Canada Border,2019-09-01,48.994045,-122.748884,192,30179
3004,Blaine,Washington,US-Canada Border,2019-10-01,48.994045,-122.748884,231,31107
3004,Blaine,Washington,US-Canada Border,2019-11-01,48.994045,-122.748884,196,28809
3004,Blaine,Washington,US-Canada Border,2019-12-01,48.994045,-122.748884,228,27403
3004,Blaine,Washington,US-Canada Border,2020-01-01,48.994045,-122.748884,162,28077
3004,Blaine,Washington,US-Canada Border,2020-02-01,48.994045,-122.748884,164,27772
3004,Blaine,Washington,US-Canada Border,2020-03-01,48.994045,-122.748884,180,28552
3004,Blaine,Washington,US-Canada Border,2020-04-01,48.994045,-122.748884,175,23609
3004,Blaine,Washington,US-Canada Border,2020-05-01,48.994045,-122.748884,150,25619
3004,Blaine,Washington,US-Canada Border,2020-06-01,48.994045,-122.748884,152,28885
3004,Blaine,Washington,US-Canada Border,2020-07-01,48.994045,-122.748884,145,29663
3004,Blaine,Washington,US-Canada Border,2020-08-01,48.994045,-122.748884,142,29436
3004,Blaine,Washington,US-Canada Border,2020-09-01,48.994045,-122.748884,135,28892
3004,Blaine,Washington,US-Canada Border,2020-10-01,48.994045,-122.748884,148,29699
3004,Blaine,Washington,US-Canada Border,2020-11-01,48.994045,-122.748884,143,28421
3004,Blaine,Washington,US-Canada Border,2020-12-01,48.994045,-122.748884,153,28787
3004,Blaine,Washington,US-Canada Border,2021-01-01,48.994045,-122.748884,184,29138
3004,Blaine,Washington,US-Canada Border,2021-02-01,48.994045,-122.748884,141,27540
3004,Blaine,Washington,US-Canada Border,2021-03-01,48.994045,-122.748884,176,32857
3004,Blaine,Washington,US-Canada Border,2021-04-01,48.994045,-122.748884,167,31628
3004,Blaine,Washington,US-Canada Border,2021-05-01,48.994045,-122.748884,148,32083
3004,Blaine,Washington,US-Canada Border,2021-06-01,48.994045,-122.748884,152,33805
3004,Blaine,Washington,US-Canada Border,2021-07-01,48.994045,-122.748884,66,31641
3004,Blaine,Washington,US-Canada Border,2021-08-01,48.994045,-122.748884,92,32816
3004,Blaine,Washington,US-Canada Border,2021-09-01,48.994045,-122.748884,86,32163
3004,Blaine,Washington,US-Canada Border,2021-10-01,48.994045,-122.748884,191,32881
3004,Blaine,Washington,US-Canada Border,2021-11-01,48.994045,-122.748884,157,34385
3004,Blaine,Washington,US-Canada Border,2021-12-01,48.994045,-122.748884,153,31779
3004,Blaine,Washington,US-Canada Border,2022-01-01,48.994045,-122.748884,146,30403
3004,Blaine,Washington,US-Canada Border,2022-02-01,48.994045,-122.748884,157,26331
3004,Blaine,Washington,US-Canada Border,2022-03-01,48.994045,-122.748884,185,33077
3004,Blaine,Washington,US-Canada Border,2022-04-01,48.994045,-122.748884,169,30905
3004,Blaine,Washington,US-Canada Border,2022-05-01,48.994045,-122.748884,166,32417
3004,Blaine,Washington,US-Canada Border,2022-06-01,48.994045,-122.748884,166,32810
3004,Blaine,Washington,US-Canada Border,2022-07-01,48.994045,-122.748884,158,31059
3004,Blaine,Washington,US-Canada Border,2022-08-01,48.994045,-122.748884,163,31913
3004,Blaine,Washington,US-Canada Border,2022-09-01,48.994045,-122.748884,138,30248
3004,Blaine,Washington,US-Canada Border,2022-10-01,48.994045,-122.748884,149,29778
3004,Blaine,Washington,US-Canada Border,2022-11-01,48.994045,-122.748884,161,28404
3004,Blaine,Washington,US-Canada Border,2022-12-01,48.994045,-122.748884,127,25224
3004,Blaine,Washington,US-Canada Border,2023-01-01,48.994045,-122.748884,179,28918
3004,Blaine,Washington,US-Canada Border,2023-02-01,48.994045,-122.748884,160,26953
3004,Blaine,Washington,US-Canada Border,2023-03-01,48.994045,-122.748884,189,31984
3004,Blaine,Washington,US-Canada Border,2023-04-01,48.994045,-122.748884,169,27949
3004,Blaine,Washington,US-Canada Border,2023-05-01,48.994045,-122.748884,173,31864
3004,Blaine,Washington,US-Canada Border,2023-06-01,48.994045,-122.748884,165,32097
3004,Blaine,Washington,US-Canada Border,2023-07-01,48.994045,-122.748884,158,30687
3004,Blaine,Washington,US-Canada Border,2023-08-01,48.994045,-122.748884,191,30581
3004,Blaine,Washington,US-Canada Border,2023-09-01,48.994045,-122.748884,188,29870
3004,Blaine,Washington,US-Canada Border,2023-10-01,48.994045,-122.748884,177,31006
3004,Blaine,Washington,US-Canada Border,2023-11-01,48.994045,-122.748884,168,28203
3004,Blaine,Washington,US-Canada Border,2023-12-01,48.994045,-122.748884,179,25909
3004,Blaine,Washington,US-Canada Border,2024-01-01,48.994045,-122.748884,173,27494
3004,Blaine,Washington,US-Canada Border,2024-02-01,48.994045,-122.748884,166,27675
3004,Blaine,Washington,US-Canada Border,2024-03-01,48.994045,-122.748884,177,29351
3004,Blaine,Washington,US-Canada Border,2024-04-01,48.994045,-122.748884,184,30122
3004,Blaine,Washington,US-Canada Border,2024-05-01,48.994045,-122.748884,168,31088
3004,Blaine,Washington,US-Canada Border,2024-06-01,48.994045,-122.748884,176,30684
3004,Blaine,Washington,US-Canada Border,2024-07-01,48.994045,-122.748884,184,31426
3004,Blaine,Washington,US-Canada Border,2024-08-01,48.994045,-122.748884,178,29794
3004,Blaine,Washington,US-Canada Border,2024-09-01,48.994045,-122.748884,188,28102
3004,Blaine,Washington,US-Canada Border,2024-10-01,48.994045,-122.748884,174,30042
3004,Blaine,Washington,US-Canada Border,2024-11-01,48.994045,-122.748884,161,27279
3004,Blaine,Washington,US-Canada Border,2024-12-01,48.994045,-122.748884,173,27249
3007,Port Angeles,Washington,US-Canada Border,2018-01-01,48.121858,-123.430694,0,18
3007,Port Angeles,Washington,US-Canada Border,2018-02-01,48.121858,-123.430694,0,41
3007,Port Angeles,Washington,US-Canada Border,2018-03-01,48.121858,-123.430694,0,44
3007,Port Angeles,Washington,US-Canada Border,2018-04-01,48.121858,-123.430694,0,42
3007,Port Angeles,Washington,US-Canada Border,2018-05-01,48.121858,-123.430694,0,26
3007,Port Angeles,Washington,US-Canada Border,2018-06-01,48.121858,-123.430694,0,27
3007,Port Angeles,Washington,US-Canada Border,2018-07-01,48.121858,-123.430694,0,26
3007,Port Angeles,Washington,US-Canada Border,2018-08-01,48.121858,-123.430694,0,47
3007,Port Angeles,Washington,US-Canada Border,2018-09-01,48.121858,-123.430694,0,26
3007,Port Angeles,Washington,US-Canada Border,2018-10-01,48.121858,-123.430694,0,25
3007,Port Angeles,Washington,US-Canada Border,2018-11-01,48.121858,-123.430694,0,25
3007,Port Angeles,Washington,US-Canada Border,2018-12-01,48.121858,-123.430694,0,31
3007,Port Angeles,Washington,US-Canada Border,2019-01-01,48.121858,-123.430694,0,17
3007,Port Angeles,Washington,US-Canada Border,2019-02-01,48.121858,-123.430694,0,15
3007,Port Angeles,Washington,US-Canada Border,2019-03-01,48.121858,-123.430694,0,47
3007,Port Angeles,Washington,US-Canada Border,2019-04-01,48.121858,-123.430694,0,29
3007,Port Angeles,Washington,US-Canada Border,2019-05-01,48.121858,-123.430694,0,50
3007,Port Angeles,Washington,US-Canada Border,2019-06-01,48.121858,-123.430694,0,57
3007,Port Angeles,Washington,US-Canada Border,2019-07-01,48.121858,-123.430694,0,31
3007,Port Angeles,Washington,US-Canada Border,2019-08-01,48.121858,-123.430694,0,51
3007,Port Angeles,Washington,US-Canada Border,2019-09-01,48.121858,-123.430694,0,45
3007,Port Angeles,Washington,US-Canada Border,2019-10-01,48.121858,-123.430694,0,25
3007,Port Angeles,Washington,US-Canada Border,2019-11-01,48.121858,-123.430694,0,41
3007,Port Angeles,Washington,US-Canada Border,2019-12-01,48.121858,-123.430694,0,28
3007,Port Angeles,Washington,US-Canada Border,2020-01-01,48.121858,-123.430694,0,13
3007,Port Angeles,Washington,US-Canada Border,2020-02-01,48.121858,-123.430694,0,32
3007,Port Angeles,Washington,US-Canada Border,2020-03-01,48.121858,-123.430694,0,44
3007,Port Angeles,Washington,US-Canada Border,2021-11-01,48.121858,-123.430694,0,13
3007,Port Angeles,Washington,US-Canada Border,2021-12-01,48.121858,-123.430694,0,20
3007,Port Angeles,Washington,US-Canada Border,2022-01-01,48.121858,-123.430694,0,9
3007,Port Angeles,Washington,US-Canada Border,2022-02-01,48.121858,-123.430694,0,25
3007,Port Angeles,Washington,US-Canada Border,2022-03-01,48.121858,-123.430694,0,29
3007,Port Angeles,Washington,US-Canada Border,2022-04-01,48.121858,-123.430694,0,30
3007,Port Angeles,Washington,US-Canada Border,2022-05-01,48.121858,-123.430694,0,31
3007,Port Angeles,Washington,US-Canada Border,2022-06-01,48.121858,-123.430694,0,25
3007,Port Angeles,Washington,US-Canada Border,2022-07-01,48.121858,-123.430694,0,26
3007,Port Angeles,Washington,US-Canada Border,2022-08-01,48.121858,-123.430694,0,14
3007,Port Angeles,Washington,US-Canada Border,2022-09-01,48.121858,-123.430694,0,9
3007,Port Angeles,Washington,US-Canada Border,2023-09-01,48.121858,-123.430694,0,25
3007,Port Angeles,Washington,US-Canada Border,2023-10-01,48.121858,-123.430694,0,25
3007,Port Angeles,Washington,US-Canada Border,2023-11-01,48.121858,-123.430694,0,31
3007,Port Angeles,Washington,US-Canada Border,2023-12-01,48.121858,-123.430694,0,23
3007,Port Angeles,Washington,US-Canada Border,2024-01-01,48.121858,-123.430694,0,3
3007,Port Angeles,Washington,US-Canada Border,2024-02-01,48.121858,-123.430694,0,28
3007,Port Angeles,Washington,US-Canada Border,2024-04-01,48.121858,-123.430694,0,29
3007,Port Angeles,Washington,US-Canada Border,2024-05-01,48.121858,-123.430694,0,35
3007,Port Angeles,Washington,US-Canada Border,2024-06-01,48.121858,-123.430694,0,29
3007,Port Angeles,Washington,US-Canada Border,2024-07-01,48.121858,-123.430694,0,28
3007,Port Angeles,Washington,US-Canada Border,2024-08-01,48.121858,-123.430694,0,27
3007,Port Angeles,Washington,US-Canada Border,2024-10-01,48.121858,-123.430694,0,27
3007,Port Angeles,Washington,US-Canada Border,2024-11-01,48.121858,-123.430694,0,2
3007,Port Angeles,Washington,US-Canada Border,2024-12-01,48.121858,-123.430694,0,35
3009,Sumas,Washington,US-Canada Border,2018-01-01,49.002388,-122.264805,15,12122
3009,Sumas,Washington,US-Canada Border,2018-02-01,49.002388,-122.264805,11,11422
3009,Sumas,Washington,US-Canada Border,2018-03-01,49.002388,-122.264805,14,13587
3009,Sumas,Washington,US-Canada Border,2018-04-01,49.002388,-122.264805,18,13899
3009,Sumas,Washington,US-Canada Border,2018-05-01,49.002388,-122.264805,13,14640
3009,Sumas,Washington,US-Canada Border,2018-06-01,49.002388,-122.264805,12,13811
3009,Sumas,Washington,US-Canada Border,2018-07-01,49.002388,-122.264805,13,13997
3009,Sumas,Washington,US-Canada Border,2018-08-01,49.002388,-122.264805,16,14531
3009,Sumas,Washington,US-Canada Border,2018-09-01,49.002388,-122.264805,19,12461
3009,Sumas,Washington,US-Canada Border,2018-10-01,49.002388,-122.264805,15,13385
3009,Sumas,Washington,US-Canada Border,2018-11-01,49.002388,-122.264805,13,12074
3009,Sumas,Washington,US-Canada Border,2018-12-01,49.002388,-122.264805,14,10154
3009,Sumas,Washington,US-Canada Border,2019-01-01,49.002388,-122.264805,12,12137
3009,Sumas,Washington,US-Canada Border,2019-02-01,49.002388,-122.264805,6,10506
3009,Sumas,Washington,US-Canada Border,2019-03-01,49.002388,-122.264805,15,13179
3009,Sumas,Washington,US-Canada Border,2019-04-01,49.002388,-122.264805,19,13776
3009,Sumas,Washington,US-Canada Border,2019-05-01,49.002388,-122.264805,19,14232
3009,Sumas,Washington,US-Canada Border,2019-06-01,49.002388,-122.264805,10,13337
3009,Sumas,Washington,US-Canada Border,2019-07-01,49.002388,-122.264805,14,14803
3009,Sumas,Washington,US-Canada Border,2019-08-01,49.002388,-122.264805,19,13827
3009,Sumas,Washington,US-Canada Border,2019-09-01,49.002388,-122.264805,19,12554
3009,Sumas,Washington,US-Canada Border,2019-10-01,49.002388,-122.264805,20,13189
3009,Sumas,Washington,US-Canada Border,2019-11-01,49.002388,-122.264805,15,11829
3009,Sumas,Washington,US-Canada Border,2019-12-01,49.002388,-122.264805,12,11139
3009,Sumas,Washington,US-Canada Border,2020-01-01,49.002388,-122.264805,15,11765
3009,Sumas,Washington,US-Canada Border,2020-02-01,49.002388,-122.264805,12,11695
3009,Sumas,Washington,US-Canada Border,2020-03-01,49.002388,-122.264805,12,14453
3009,Sumas,Washington,US-Canada Border,2020-04-01,49.002388,-122.264805,21,11139
3009,Sumas,Washington,US-Canada Border,2020-05-01,49.002388,-122.264805,21,12342
3009,Sumas,Washington,US-Canada Border,2020-06-01,49.002388,-122.264805,14,13093
3009,Sumas,Washington,US-Canada Border,2020-07-01,49.002388,-122.264805,20,14393
3009,Sumas,Washington,US-Canada Border,2020-08-01,49.002388,-122.264805,18,13656
3009,Sumas,Washington,US-Canada Border,2020-09-01,49.002388,-122.264805,22,13446
3009,Sumas,Washington,US-Canada Border,2020-10-01,49.002388,-122.264805,21,13658
3009,Sumas,Washington,US-Canada Border,2020-11-01,49.002388,-122.264805,18,12887
3009,Sumas,Washington,US-Canada Border,2020-12-01,49.002388,-122.264805,16,12486
3009,Sumas,Washington,US-Canada Border,2021-01-01,49.002388,-122.264805,20,12818
3009,Sumas,Washington,US-Canada Border,2021-02-01,49.002388,-122.264805,18,12204
3009,Sumas,Washington,US-Canada Border,2021-03-01,49.002388,-122.264805,22,14951
3009,Sumas,Washington,US-Canada Border,2021-04-01,49.002388,-122.264805,20,14611
3009,Sumas,Washington,US-Canada Border,2021-05-01,49.002388,-122.264805,20,14352
3009,Sumas,Washington,US-Canada Border,2021-06-01,49.002388,-122.264805,19,14727
3009,Sumas,Washington,US-Canada Border,2021-07-01,49.002388,-122.264805,12,14915
3009,Sumas,Washington,US-Canada Border,2021-08-01,49.002388,-122.264805,14,13857
3009,Sumas,Washington,US-Canada Border,2021-09-01,49.002388,-122.264805,9,12874
3009,Sumas,Washington,US-Canada Border,2021-10-01,49.002388,-122.264805,19,12955
3009,Sumas,Washington,US-Canada Border,2021-11-01,49.002388,-122.264805,7,5898
3009,Sumas,Washington,US-Canada Border,2021-12-01,49.002388,-122.264805,4,7508
3009,Sumas,Washington,US-Canada Border,2022-01-01,49.002388,-122.264805,8,10474
3009,Sumas,Washington,US-Canada Border,2022-02-01,49.002388,-122.264805,16,12682
3009,Sumas,Washington,US-Canada Border,2022-03-01,49.002388,-122.264805,14,13697
3009,Sumas,Washington,US-Canada Border,2022-04-01,49.002388,-122.264805,16,13302
3009,Sumas,Washington,US-Canada Border,2022-05-01,49.002388,-122.264805,16,14209
3009,Sumas,Washington,US-Canada Border,2022-06-01,49.002388,-122.264805,13,13933
3009,Sumas,Washington,US-Canada Border,2022-07-01,49.002388,-122.264805,11,12998
3009,Sumas,Washington,US-Canada Border,2022-08-01,49.002388,-122.264805,14,14423
3009,Sumas,Washington,US-Canada Border,2022-09-01,49.002388,-122.264805,20,12493
3009,Sumas,Washington,US-Canada Border,2022-10-01,49.002388,-122.264805,20,12246
3009,Sumas,Washington,US-Canada Border,2022-11-01,49.002388,-122.264805,20,11366
3009,Sumas,Washington,US-Canada Border,2022-12-01,49.002388,-122.264805,16,9327
3009,Sumas,Washington,US-Canada Border,2023-01-01,49.002388,-122.264805,17,11434
3009,Sumas,Washington,US-Canada Border,2023-02-01,49.002388,-122.264805,19,10675
3009,Sumas,Washington,US-Canada Border,2023-03-01,49.002388,-122.264805,21,12377
3009,Sumas,Washington,US-Canada Border,2023-04-01,49.002388,-122.264805,18,11265
3009,Sumas,Washington,US-Canada Border,2023-05-01,49.002388,-122.264805,21,13127
3009,Sumas,Washington,US-Canada Border,2023-06-01,49.002388,-122.264805,21,12717
3009,Sumas,Washington,US-Canada Border,2023-07-01,49.002388,-122.264805,22,13074
3009,Sumas,Washington,US-Canada Border,2023-08-01,49.002388,-122.264805,21,12873
3009,Sumas,Washington,US-Canada Border,2023-09-01,49.002388,-122.264805,21,11907
3009,Sumas,Washington,US-Canada Border,2023-10-01,49.002388,-122.264805,18,11896
3009,Sumas,Washington,US-Canada Border,2023-11-01,49.002388,-122.264805,20,11533
3009,Sumas,Washington,US-Canada Border,2023-12-01,49.002388,-122.264805,16,9716
3009,Sumas,Washington,US-Canada Border,2024-01-01,49.002388,-122.264805,19,10710
3009,Sumas,Washington,US-Canada Border,2024-02-01,49.002388,-122.264805,19,11658
3009,Sumas,Washington,US-Canada Border,2024-03-01,49.002388,-122.264805,16,12064
3009,Sumas,Washington,US-Canada Border,2024-04-01,49.002388,-122.264805,23,12035
3009,Sumas,Washington,US-Canada Border,2024-05-01,49.002388,-122.264805,23,12683
3009,Sumas,Washington,US-Canada Border,2024-06-01,49.002388,-122.264805,19,11874
3009,Sumas,Washington,US-Canada Border,2024-07-01,49.002388,-122.264805,24,13649
3009,Sumas,Washington,US-Canada Border,2024-08-01,49.002388,-122.264805,22,12668
3009,Sumas,Washington,US-Canada Border,2024-09-01,49.002388,-122.264805,21,11507
3009,Sumas,Washington,US-Canada Border,2024-10-01,49.002388,-122.264805,23,12130
3009,Sumas,Washington,US-Canada Border,2024-11-01,49.002388,-122.264805,18,10754
3009,Sumas,Washington,US-Canada Border,2024-12-01,49.002388,-122.264805,20,10353
3012,Danville,Washington,US-Canada Border,2018-01-01,49.000083,-118.503722,0,68
3012,Danville,Washington,US-Canada Border,2018-02-01,49.000083,-118.503722,0,55
3012,Danville,Washington,US-Canada Border,2018-03-01,49.000083,-118.503722,0,73
3012,Danville,Washington,US-Canada Border,2018-04-01,49.000083,-118.503722,0,72
3012,Danville,Washington,US-Canada Border,2018-05-01,49.000083,-118.503722,0,64
3012,Danville,Washington,US-Canada Border,2018-06-01,49.000083,-118.503722,0,74
3012,Danville,Washington,US-Canada Border,2018-07-01,49.000083,-118.503722,0,57
3012,Danville,Washington,US-Canada Border,2018-08-01,49.000083,-118.503722,0,74
3012,Danville,Washington,US-Canada Border,2018-09-01,49.000083,-118.503722,0,52
3012,Danville,Washington,US-Canada Border,2018-10-01,49.000083,-118.503722,0,44
3012,Danville,Washington,US-Canada Border,2018-11-01,49.000083,-118.503722,0,57
3012,Danville,Washington,US-Canada Border,2018-12-01,49.000083,-118.503722,0,44
3012,Danville,Washington,US-Canada Border,2019-01-01,49.000083,-118.503722,0,60
3012,Danville,Washington,US-Canada Border,2019-02-01,49.000083,-118.503722,0,52
3012,Danville,Washington,US-Canada Border,2019-03-01,49.000083,-118.503722,0,62
3012,Danville,Washington,US-Canada Border,2019-04-01,49.000083,-118.503722,0,47
3012,Danville,Washington,US-Canada Border,2019-05-01,49.000083,-118.503722,0,64
3012,Danville,Washington,US-Canada Border,2019-06-01,49.000083,-118.503722,0,51
3012,Danville,Washington,US-Canada Border,2019-07-01,49.000083,-118.503722,0,57
3012,Danville,Washington,US-Canada Border,2019-08-01,49.000083,-118.503722,0,59
3012,Danville,Washington,US-Canada Border,2019-09-01,49.000083,-118.503722,0,51
3012,Danville,Washington,US-Canada Border,2019-10-01,49.000083,-118.503722,0,51
3012,Danville,Washington,US-Canada Border,2019-11-01,49.000083,-118.503722,0,58
3012,Danville,Washington,US-Canada Border,2019-12-01,49.000083,-118.503722,0,54
3012,Danville,Washington,US-Canada Border,2020-01-01,49.000083,-118.503722,0,63
3012,Danville,Washington,US-Canada Border,2020-02-01,49.000083,-118.503722,0,58
3012,Danville,Washington,US-Canada Border,2020-03-01,49.000083,-118.503722,1,56
3012,Danville,Washington,US-Canada Border,2020-04-01,49.000083,-118.503722,0,15
3012,Danville,Washington,US-Canada Border,2020-05-01,49.000083,-118.503722,0,25
3012,Danville,Washington,US-Canada Border,2020-06-01,49.000083,-118.503722,0,33
3012,Danville,Washington,US-Canada Border,2020-07-01,49.000083,-118.503722,0,36
3012,Danville,Washington,US-Canada Border,2020-08-01,49.000083,-118.503722,0,31
3012,Danville,Washington,US-Canada Border,2020-09-01,49.000083,-118.503722,0,24
3012,Danville,Washington,US-Canada Border,2020-10-01,49.000083,-118.503722,0,20
3012,Danville,Washington,US-Canada Border,2020-11-01,49.000083,-118.503722,0,27
3012,Danville,Washington,US-Canada Border,2020-12-01,49.000083,-118.503722,0,13
3012,Danville,Washington,US-Canada Border,2021-01-01,49.000083,-118.503722,0,27
3012,Danville,Washington,US-Canada Border,2021-02-01,49.000083,-118.503722,0,24
3012,Danville,Washington,US-Canada Border,2021-03-01,49.000083,-118.503722,0,17
3012,Danville,Washington,US-Canada Border,2021-04-01,49.000083,-118.503722,0,20
3012,Danville,Washington,US-Canada Border,2021-05-01,49.000083,-118.503722,0,21
3012,Danville,Washington,US-Canada Border,2021-06-01,49.000083,-118.503722,0,29
3012,Danville,Washington,US-Canada Border,2021-07-01,49.000083,-118.503722,0,21
3012,Danville,Washington,US-Canada Border,2021-08-01,49.000083,-118.503722,0,34
3012,Danville,Washington,US-Canada Border,2021-09-01,49.000083,-118.503722,0,30
3012,Danville,Washington,US-Canada Border,2021-10-01,49.000083,-118.503722,0,35
3012,Danville,Washington,US-Canada Border,2021-11-01,49.000083,-118.503722,0,18
3012,Danville,Washington,US-Canada Border,2021-12-01,49.000083,-118.503722,0,11
3012,Danville,Washington,US-Canada Border,2022-01-01,49.000083,-118.503722,0,6
3012,Danville,Washington,US-Canada Border,2022-02-01,49.000083,-118.503722,0,12
3012,Danville,Washington,US-Canada Border,2022-03-01,49.000083,-118.503722,0,16
3012,Danville,Washington,US-Canada Border,2022-04-01,49.000083,-118.503722,0,17
3012,Danville,Washington,US-Canada Border,2022-05-01,49.000083,-118.503722,0,12
3012,Danville,Washington,US-Canada Border,2022-06-01,49.000083,-118.503722,0,17
3012,Danville,Washington,US-Canada Border,2022-07-01,49.000083,-118.503722,0,9
3012,Danville,Washington,US-Canada Border,2022-08-01,49.000083,-118.503722,0,16
3012,Danville,Washington,US-Canada Border,2022-09-01,49.000083,-118.503722,0,22
3012,Danville,Washington,US-Canada Border,2022-10-01,49.000083,-118.503722,0,10
3012,Danville,Washington,US-Canada Border,2022-11-01,49.000083,-118.503722,0,15
3012,Danville,Washington,US-Canada Border,2022-12-01,49.000083,-118.503722,0,3
3012,Danville,Washington,US-Canada Border,2023-01-01,49.000083,-118.503722,0,6
3012,Danville,Washington,US-Canada Border,2023-02-01,49.000083,-118.503722,0,8
3012,Danville,Washington,US-Canada Border,2023-03-01,49.000083,-118.503722,0,9
3012,Danville,Washington,US-Canada Border,2023-04-01,49.000083,-118.503722,0,9
3012,Danville,Washington,US-Canada Border,2023-05-01,49.000083,-118.503722,0,14
3012,Danville,Washington,US-Canada Border,2023-06-01,49.000083,-118.503722,0,16
3012,Danville,Washington,US-Canada Border,2023-07-01,49.000083,-118.503722,0,6
3012,Danville,Washington,US-Canada Border,2023-08-01,49.000083,-118.503722,0,9
3012,Danville,Washington,US-Canada Border,2023-09-01,49.000083,-118.503722,0,19
3012,Danville,Washington,US-Canada Border,2023-10-01,49.000083,-118.503722,0,12
3012,Danville,Washington,US-Canada Border,2023-11-01,49.000083,-118.503722,0,10
3012,Danville,Washington,US-Canada Border,2023-12-01,49.000083,-118.503722,0,9
3012,Danville,Washington,US-Canada Border,2024-01-01,49.000083,-118.503722,0,8
3012,Danville,Washington,US-Canada Border,2024-02-01,49.000083,-118.503722,0,8
3012,Danville,Washington,US-Canada Border,2024-03-01,49.000083,-118.503722,0,7
3012,Danville,Washington,US-Canada Border,2024-04-01,49.000083,-118.503722,0,8
3012,Danville,Washington,US-Canada Border,2024-05-01,49.000083,-118.503722,0,13
3012,Danville,Washington,US-Canada Border,2024-06-01,49.000083,-118.503722,0,35
3012,Danville,Washington,US-Canada Border,2024-07-01,49.000083,-118.503722,0,18
3012,Danville,Washington,US-Canada Border,2024-08-01,49.000083,-118.503722,0,27
3012,Danville,Washington,US-Canada Border,2024-09-01,49.000083,-118.503722,0,20
3012,Danville,Washington,US-Canada Border,2024-10-01,49.000083,-118.503722,0,20
3012,Danville,Washington,US-Canada Border,2024-11-01,49.000083,-118.503722,0,11
3012,Danville,Washington,US-Canada Border,2024-12-01,49.000083,-118.503722,0,16
3013,Ferry,Washington,US-Canada Border,2018-01-01,49.000083,-118.761166,0,5
3013,Ferry,Washington,US-Canada Border,2018-02-01,49.000083,-118.761166,0,13
3013,Ferry,Washington,US-Canada Border,2018-03-01,49.000083,-118.761166,0,4
3013,Ferry,Washington,US-Canada Border,2018-04-01,49.000083,-118.761166,0,1
3013,Ferry,Washington,US-Canada Border,2018-05-01,49.000083,-118.761166,0,54
3013,Ferry,Washington,US-Canada Border,2018-06-01,49.000083,-118.761166,0,138
3013,Ferry,Washington,US-Canada Border,2018-07-01,49.000083,-118.761166,0,178
3013,Ferry,Washington,US-Canada Border,2018-08-01,49.000083,-118.761166,0,201
3013,Ferry,Washington,US-Canada Border,2018-09-01,49.000083,-118.761166,0,177
3013,Ferry,Washington,US-Canada Border,2018-10-01,49.000083,-118.761166,0,210
3013,Ferry,Washington,US-Canada Border,2018-11-01,49.000083,-118.761166,0,68
3013,Ferry,Washington,US-Canada Border,2018-12-01,49.000083,-118.761166,0,6
3013,Ferry,Washington,US-Canada Border,2019-01-01,49.000083,-118.761166,0,4
3013,Ferry,Washington,US-Canada Border,2019-02-01,49.000083,-118.761166,0,4
3013,Ferry,Washington,US-Canada Border,2019-03-01,49.000083,-118.761166,0,5
3013,Ferry,Washington,US-Canada Border,2019-04-01,49.000083,-118.761166,0,6
3013,Ferry,Washington,US-Canada Border,2019-05-01,49.000083,-118.761166,0,15
3013,Ferry,Washington,US-Canada Border,2019-06-01,49.000083,-118.761166,0,2
3013,Ferry,Washington,US-Canada Border,2019-07-01,49.000083,-118.761166,0,4
3013,Ferry,Washington,US-Canada Border,2019-08-01,49.000083,-118.761166,0,1
3013,Ferry,Washington,US-Canada Border,2019-09-01,49.000083,-118.761166,0,5
3013,Ferry,Washington,US-Canada Border,2019-10-01,49.000083,-118.761166,0,3
3013,Ferry,Washington,US-Canada Border,2019-11-01,49.000083,-118.761166,0,8
3013,Ferry,Washington,US-Canada Border,2019-12-01,49.000083,-118.761166,0,5
3013,Ferry,Washington,US-Canada Border,2020-01-01,49.000083,-118.761166,0,6
3013,Ferry,Washington,US-Canada Border,2020-02-01,49.000083,-118.761166,0,5
3013,Ferry,Washington,US-Canada Border,2020-03-01,49.000083,-118.761166,0,4
3013,Ferry,Washington,US-Canada Border,2020-05-01,49.000083,-118.761166,0,2
3013,Ferry,Washington,US-Canada Border,2020-06-01,49.000083,-118.761166,0,1
3013,Ferry,Washington,US-Canada Border,2020-08-01,49.000083,-118.761166,0,1
3013,Ferry,Washington,US-Canada Border,2020-10-01,49.000083,-118.761166,0,1
3013,Ferry,Washington,US-Canada Border,2020-11-01,49.000083,-118.761166,0,2
3013,Ferry,Washington,US-Canada Border,2020-12-01,49.000083,-118.761166,0,1
3013,Ferry,Washington,US-Canada Border,2021-01-01,49.000083,-118.761166,0,1
3013,Ferry,Washington,US-Canada Border,2021-02-01,49.000083,-118.761166,0,1
3013,Ferry,Washington,US-Canada Border,2021-04-01,49.000083,-118.761166,0,2
3013,Ferry,Washington,US-Canada Border,2021-05-01,49.000083,-118.761166,0,2
3013,Ferry,Washington,US-Canada Border,2021-07-01,49.000083,-118.761166,0,2
3013,Ferry,Washington,US-Canada Border,2021-08-01,49.000083,-118.761166,0,1
3013,Ferry,Washington,US-Canada Border,2021-09-01,49.000083,-118.761166,0,1
3013,Ferry,Washington,US-Canada Border,2021-11-01,49.000083,-118.761166,0,1
3013,Ferry,Washington,US-Canada Border,2021-12-01,49.000083,-118.761166,0,1
3013,Ferry,Washington,US-Canada Border,2022-05-01,49.000083,-118.761166,0,1
3013,Ferry,Washington,US-Canada Border,2022-06-01,49.000083,-118.761166,0,29
3013,Ferry,Washington,US-Canada Border,2022-07-01,49.000083,-118.761166,0,35
3013,Ferry,Washington,US-Canada Border,2022-08-01,49.000083,-118.761166,0,36
3013,Ferry,Washington,US-Canada Border,2022-09-01,49.000083,-118.761166,0,16
3013,Ferry,Washington,US-Canada Border,2022-10-01,49.000083,-118.761166,0,42
3013,Ferry,Washington,US-Canada Border,2022-11-01,49.000083,-118.761166,0,6
3013,Ferry,Washington,US-Canada Border,2023-01-01,49.000083,-118.761166,0,1
3013,Ferry,Washington,US-Canada Border,2023-02-01,49.000083,-118.761166,0,31
3013,Ferry,Washington,US-Canada Border,2023-03-01,49.000083,-118.761166,0,24
3013,Ferry,Washington,US-Canada Border,2023-04-01,49.000083,-118.761166,0,1
3013,Ferry,Washington,US-Canada Border,2023-07-01,49.000083,-118.761166,0,2
3013,Ferry,Washington,US-Canada Border,2023-09-01,49.000083,-118.761166,0,3
3013,Ferry,Washington,US-Canada Border,2023-10-01,49.000083,-118.761166,0,13
3013,Ferry,Washington,US-Canada Border,2023-11-01,49.000083,-118.761166,0,16
3013,Ferry,Washington,US-Canada Border,2023-12-01,49.000083,-118.761166,0,8
3013,Ferry,Washington,US-Canada Border,2024-01-01,49.000083,-118.761166,0,14
3013,Ferry,Washington,US-Canada Border,2024-02-01,49.000083,-118.761166,0,2
3013,Ferry,Washington,US-Canada Border,2024-03-01,49.000083,-118.761166,0,4
3013,Ferry,Washington,US-Canada Border,2024-04-01,49.000083,-118.761166,0,5
3013,Ferry,Washington,US-Canada Border,2024-05-01,49.000083,-118.761166,0,4
3013,Ferry,Washington,US-Canada Border,2024-06-01,49.000083,-118.761166,0,3
3013,Ferry,Washington,US-Canada Border,2024-07-01,49.000083,-118.761166,0,4
3013,Ferry,Washington,US-Canada Border,2024-09-01,49.000083,-118.761166,0,4
3013,Ferry,Washington,US-Canada Border,2024-10-01,49.000083,-118.761166,0,1
3013,Ferry,Washington,US-Canada Border,2024-11-01,49.000083,-118.761166,0,3
3013,Ferry,Washington,US-Canada Border,2024-12-01,49.000083,-118.761166,0,4
3015,Boundary,Washington,US-Canada Border,2018-01-01,49.00075,-117.627583,24,22
3015,Boundary,Washington,US-Canada Border,2018-02-01,49.00075,-117.627583,24,23
3015,Boundary,Washington,US-Canada Border,2018-03-01,49.00075,-117.627583,25,40
3015,Boundary,Washington,US-Canada Border,2018-04-01,49.00075,-117.627583,26,35
3015,Boundary,Washington,US-Canada Border,2018-05-01,49.00075,-117.627583,27,39
3015,Boundary,Washington,US-Canada Border,2018-06-01,49.00075,-117.627583,22,37
3015,Boundary,Washington,US-Canada Border,2018-07-01,49.00075,-117.627583,23,49
3015,Boundary,Washington,US-Canada Border,2018-08-01,49.00075,-117.627583,27,34
3015,Boundary,Washington,US-Canada Border,2018-09-01,49.00075,-117.627583,23,34
3015,Boundary,Washington,US-Canada Border,2018-10-01,49.00075,-117.627583,42,12
3015,Boundary,Washington,US-Canada Border,2018-11-01,49.00075,-117.627583,21,13
3015,Boundary,Washington,US-Canada Border,2018-12-01,49.00075,-117.627583,0,27
3015,Boundary,Washington,US-Canada Border,2019-01-01,49.00075,-117.627583,26,21
3015,Boundary,Washington,US-Canada Border,2019-02-01,49.00075,-117.627583,24,17
3015,Boundary,Washington,US-Canada Border,2019-03-01,49.00075,-117.627583,23,20
3015,Boundary,Washington,US-Canada Border,2019-04-01,49.00075,-117.627583,24,20
3015,Boundary,Washington,US-Canada Border,2019-05-01,49.00075,-117.627583,25,34
3015,Boundary,Washington,US-Canada Border,2019-06-01,49.00075,-117.627583,22,34
3015,Boundary,Washington,US-Canada Border,2019-07-01,49.00075,-117.627583,25,23
3015,Boundary,Washington,US-Canada Border,2019-08-01,49.00075,-117.627583,24,32
3015,Boundary,Washington,US-Canada Border,2019-09-01,49.00075,-117.627583,25,25
3015,Boundary,Washington,US-Canada Border,2019-10-01,49.00075,-117.627583,26,22
3015,Boundary,Washington,US-Canada Border,2019-11-01,49.00075,-117.627583,18,29
3015,Boundary,Washington,US-Canada Border,2019-12-01,49.00075,-117.627583,26,20
3015,Boundary,Washington,US-Canada Border,2020-01-01,49.00075,-117.627583,26,22
3015,Boundary,Washington,US-Canada Border,2020-02-01,49.00075,-117.627583,24,15
3015,Boundary,Washington,US-Canada Border,2020-03-01,49.00075,-117.627583,25,14
3015,Boundary,Washington,US-Canada Border,2020-04-01,49.00075,-117.627583,26,12
3015,Boundary,Washington,US-Canada Border,2020-05-01,49.00075,-117.627583,25,9
3015,Boundary,Washington,US-Canada Border,2020-06-01,49.00075,-117.627583,26,10
3015,Boundary,Washington,US-Canada Border,2020-07-01,49.00075,-117.627583,27,9
3015,Boundary,Washington,US-Canada Border,2020-08-01,49.00075,-117.627583,26,11
3015,Boundary,Washington,US-Canada Border,2020-09-01,49.00075,-117.627583,24,12
3015,Boundary,Washington,US-Canada Border,2020-10-01,49.00075,-117.627583,26,16
3015,Boundary,Washington,US-Canada Border,2020-11-01,49.00075,-117.627583,23,13
3015,Boundary,Washington,US-Canada Border,2020-12-01,49.00075,-117.627583,20,22
3015,Boundary,Washington,US-Canada Border,2021-01-01,49.00075,-117.627583,25,14
3015,Boundary,Washington,US-Canada Border,2021-02-01,49.00075,-117.627583,24,14
3015,Boundary,Washington,US-Canada Border,2021-03-01,49.00075,-117.627583,24,11
3015,Boundary,Washington,US-Canada Border,2021-04-01,49.00075,-117.627583,26,13
3015,Boundary,Washington,US-Canada Border,2021-05-01,49.00075,-117.627583,25,21
3015,Boundary,Washington,US-Canada Border,2021-06-01,49.00075,-117.627583,26,26
3015,Boundary,Washington,US-Canada Border,2021-07-01,49.00075,-117.627583,23,10
3015,Boundary,Washington,US-Canada Border,2021-08-01,49.00075,-117.627583,28,7
3015,Boundary,Washington,US-Canada Border,2021-09-01,49.00075,-117.627583,20,8
3015,Boundary,Washington,US-Canada Border,2021-10-01,49.00075,-117.627583,25,3
3015,Boundary,Washington,US-Canada Border,2021-11-01,49.00075,-117.627583,25,3
3015,Boundary,Washington,US-Canada Border,2021-12-01,49.00075,-117.627583,21,4
3015,Boundary,Washington,US-Canada Border,2022-01-01,49.00075,-117.627583,22,0
3015,Boundary,Washington,US-Canada Border,2022-02-01,49.00075,-117.627583,20,2
3015,Boundary,Washington,US-Canada Border,2022-03-01,49.00075,-117.627583,23,1
3015,Boundary,Washington,US-Canada Border,2022-04-01,49.00075,-117.627583,21,12
3015,Boundary,Washington,US-Canada Border,2022-05-01,49.00075,-117.627583,17,13
3015,Boundary,Washington,US-Canada Border,2022-06-01,49.00075,-117.627583,22,1
3015,Boundary,Washington,US-Canada Border,2022-07-01,49.00075,-117.627583,22,6
3015,Boundary,Washington,US-Canada Border,2022-08-01,49.00075,-117.627583,21,5
3015,Boundary,Washington,US-Canada Border,2022-09-01,49.00075,-117.627583,23,5
3015,Boundary,Washington,US-Canada Border,2022-10-01,49.00075,-117.627583,20,4
3015,Boundary,Washington,US-Canada Border,2022-11-01,49.00075,-117.627583,21,7
3015,Boundary,Washington,US-Canada Border,2022-12-01,49.00075,-117.627583,20,16
3015,Boundary,Washington,US-Canada Border,2023-01-01,49.00075,-117.627583,21,27
3015,Boundary,Washington,US-Canada Border,2023-02-01,49.00075,-117.627583,20,25
3015,Boundary,Washington,US-Canada Border,2023-03-01,49.00075,-117.627583,23,32
3015,Boundary,Washington,US-Canada Border,2023-04-01,49.00075,-117.627583,20,31
3015,Boundary,Washington,US-Canada Border,2023-05-01,49.00075,-117.627583,22,25
3015,Boundary,Washington,US-Canada Border,2023-06-01,49.00075,-117.627583,22,30
3015,Boundary,Washington,US-Canada Border,2023-07-01,49.00075,-117.627583,20,29
3015,Boundary,Washington,US-Canada Border,2023-08-01,49.00075,-117.627583,23,29
3015,Boundary,Washington,US-Canada Border,2023-09-01,49.00075,-117.627583,22,29
3015,Boundary,Washington,US-Canada Border,2023-10-01,49.00075,-117.627583,22,29
3015,Boundary,Washington,US-Canada Border,2023-11-01,49.00075,-117.627583,21,24
3015,Boundary,Washington,US-Canada Border,2023-12-01,49.00075,-117.627583,21,29
3015,Boundary,Washington,US-Canada Border,2024-01-01,49.00075,-117.627583,22,26
3015,Boundary,Washington,US-Canada Border,2024-02-01,49.00075,-117.627583,21,29
3015,Boundary,Washington,US-Canada Border,2024-03-01,49.00075,-117.627583,22,32
3015,Boundary,Washington,US-Canada Border,2024-04-01,49.00075,-117.627583,20,31
3015,Boundary,Washington,US-Canada Border,2024-05-01,49.00075,-117.627583,21,34
3015,Boundary,Washington,US-Canada Border,2024-06-01,49.00075,-117.627583,21,34
3015,Boundary,Washington,US-Canada Border,2024-07-01,49.00075,-117.627583,21,37
3015,Boundary,Washington,US-Canada Border,2024-08-01,49.00075,-117.627583,21,33
3015,Boundary,Washington,US-Canada Border,2024-09-01,49.00075,-117.627583,22,28
3015,Boundary,Washington,US-Canada Border,2024-10-01,49.00075,-117.627583,23,32
3015,Boundary,Washington,US-Canada Border,2024-11-01,49.00075,-117.627583,20,33
3015,Boundary,Washington,US-Canada Border,2024-12-01,49.00075,-117.627583,21,21
3016,Laurier,Washington,US-Canada Border,2018-01-01,49.000083,-118.223777,14,663
3016,Laurier,Washington,US-Canada Border,2018-02-01,49.000083,-118.223777,10,578
3016,Laurier,Washington,US-Canada Border,2018-03-01,49.000083,-118.223777,13,770
3016,Laurier,Washington,US-Canada Border,2018-04-01,49.000083,-118.223777,13,827
3016,Laurier,Washington,US-Canada Border,2018-05-01,49.000083,-118.223777,5,751
3016,Laurier,Washington,US-Canada Border,2018-06-01,49.000083,-118.223777,0,994
3016,Laurier,Washington,US-Canada Border,2018-07-01,49.000083,-118.223777,0,1068
3016,Laurier,Washington,US-Canada Border,2018-08-01,49.000083,-118.223777,0,969
3016,Laurier,Washington,US-Canada Border,2018-09-01,49.000083,-118.223777,0,905
3016,Laurier,Washington,US-Canada Border,2018-10-01,49.000083,-118.223777,0,1117
3016,Laurier,Washington,US-Canada Border,2018-11-01,49.000083,-118.223777,7,672
3016,Laurier,Washington,US-Canada Border,2018-12-01,49.000083,-118.223777,12,431
3016,Laurier,Washington,US-Canada Border,2019-01-01,49.000083,-118.223777,13,670
3016,Laurier,Washington,US-Canada Border,2019-02-01,49.000083,-118.223777,12,598
3016,Laurier,Washington,US-Canada Border,2019-03-01,49.000083,-118.223777,11,681
3016,Laurier,Washington,US-Canada Border,2019-04-01,49.000083,-118.223777,7,790
3016,Laurier,Washington,US-Canada Border,2019-05-01,49.000083,-118.223777,13,507
3016,Laurier,Washington,US-Canada Border,2019-06-01,49.000083,-118.223777,11,492
3016,Laurier,Washington,US-Canada Border,2019-07-01,49.000083,-118.223777,10,510
3016,Laurier,Washington,US-Canada Border,2019-08-01,49.000083,-118.223777,13,589
3016,Laurier,Washington,US-Canada Border,2019-09-01,49.000083,-118.223777,12,465
3016,Laurier,Washington,US-Canada Border,2019-10-01,49.000083,-118.223777,11,501
3016,Laurier,Washington,US-Canada Border,2019-11-01,49.000083,-118.223777,12,474
3016,Laurier,Washington,US-Canada Border,2019-12-01,49.000083,-118.223777,10,426
3016,Laurier,Washington,US-Canada Border,2020-01-01,49.000083,-118.223777,9,561
3016,Laurier,Washington,US-Canada Border,2020-02-01,49.000083,-118.223777,9,430
3016,Laurier,Washington,US-Canada Border,2020-03-01,49.000083,-118.223777,11,570
3016,Laurier,Washington,US-Canada Border,2020-04-01,49.000083,-118.223777,6,326
3016,Laurier,Washington,US-Canada Border,2020-05-01,49.000083,-118.223777,5,493
3016,Laurier,Washington,US-Canada Border,2020-06-01,49.000083,-118.223777,8,483
3016,Laurier,Washington,US-Canada Border,2020-07-01,49.000083,-118.223777,4,633
3016,Laurier,Washington,US-Canada Border,2020-08-01,49.000083,-118.223777,9,667
3016,Laurier,Washington,US-Canada Border,2020-09-01,49.000083,-118.223777,9,659
3016,Laurier,Washington,US-Canada Border,2020-10-01,49.000083,-118.223777,9,691
3016,Laurier,Washington,US-Canada Border,2020-11-01,49.000083,-118.223777,8,591
3016,Laurier,Washington,US-Canada Border,2020-12-01,49.000083,-118.223777,10,633
3016,Laurier,Washington,US-Canada Border,2021-01-01,49.000083,-118.223777,8,670
3016,Laurier,Washington,US-Canada Border,2021-02-01,49.000083,-118.223777,8,718
3016,Laurier,Washington,US-Canada Border,2021-03-01,49.000083,-118.223777,9,776
3016,Laurier,Washington,US-Canada Border,2021-04-01,49.000083,-118.223777,9,697
3016,Laurier,Washington,US-Canada Border,2021-05-01,49.000083,-118.223777,8,467
3016,Laurier,Washington,US-Canada Border,2021-06-01,49.000083,-118.223777,8,601
3016,Laurier,Washington,US-Canada Border,2021-07-01,49.000083,-118.223777,8,569
3016,Laurier,Washington,US-Canada Border,2021-08-01,49.000083,-118.223777,9,629
3016,Laurier,Washington,US-Canada Border,2021-09-01,49.000083,-118.223777,7,578
3016,Laurier,Washington,US-Canada Border,2021-10-01,49.000083,-118.223777,5,759
3016,Laurier,Washington,US-Canada Border,2021-11-01,49.000083,-118.223777,6,821
3016,Laurier,Washington,US-Canada Border,2021-12-01,49.000083,-118.223777,8,588
3016,Laurier,Washington,US-Canada Border,2022-01-01,49.000083,-118.223777,5,587
3016,Laurier,Washington,US-Canada Border,2022-02-01,49.000083,-118.223777,8,603
3016,Laurier,Washington,US-Canada Border,2022-03-01,49.000083,-118.223777,9,798
3016,Laurier,Washington,US-Canada Border,2022-04-01,49.000083,-118.223777,8,706
3016,Laurier,Washington,US-Canada Border,2022-05-01,49.000083,-118.223777,6,803
3016,Laurier,Washington,US-Canada Border,2022-06-01,49.000083,-118.223777,10,870
3016,Laurier,Washington,US-Canada Border,2022-07-01,49.000083,-118.223777,7,755
3016,Laurier,Washington,US-Canada Border,2022-08-01,49.000083,-118.223777,7,783
3016,Laurier,Washington,US-Canada Border,2022-09-01,49.000083,-118.223777,8,746
3016,Laurier,Washington,US-Canada Border,2022-10-01,49.000083,-118.223777,6,824
3016,Laurier,Washington,US-Canada Border,2022-11-01,49.000083,-118.223777,6,733
3016,Laurier,Washington,US-Canada Border,2022-12-01,49.000083,-118.223777,5,470
3016,Laurier,Washington,US-Canada Border,2023-01-01,49.000083,-118.223777,4,734
3016,Laurier,Washington,US-Canada Border,2023-02-01,49.000083,-118.223777,5,630
3016,Laurier,Washington,US-Canada Border,2023-03-01,49.000083,-118.223777,6,693
3016,Laurier,Washington,US-Canada Border,2023-04-01,49.000083,-118.223777,4,546
3016,Laurier,Washington,US-Canada Border,2023-05-01,49.000083,-118.223777,6,445
3016,Laurier,Washington,US-Canada Border,2023-06-01,49.000083,-118.223777,5,491
3016,Laurier,Washington,US-Canada Border,2023-07-01,49.000083,-118.223777,6,527
3016,Laurier,Washington,US-Canada Border,2023-08-01,49.000083,-118.223777,6,401
3016,Laurier,Washington,US-Canada Border,2023-09-01,49.000083,-118.223777,5,442
3016,Laurier,Washington,US-Canada Border,2023-10-01,49.000083,-118.223777,5,380
3016,Laurier,Washington,US-Canada Border,2023-11-01,49.000083,-118.223777,4,474
3016,Laurier,Washington,US-Canada Border,2023-12-01,49.000083,-118.223777,4,448
3016,Laurier,Washington,US-Canada Border,2024-01-01,49.000083,-118.223777,4,435
3016,Laurier,Washington,US-Canada Border,2024-02-01,49.000083,-118.223777,5,547
3016,Laurier,Washington,US-Canada Border,2024-03-01,49.000083,-118.223777,5,496
3016,Laurier,Washington,US-Canada Border,2024-04-01,49.000083,-118.223777,5,343
3016,Laurier,Washington,US-Canada Border,2024-05-01,49.000083,-118.223777,5,546
3016,Laurier,Washington,US-Canada Border,2024-06-01,49.000083,-118.223777,6,456
3016,Laurier,Washington,US-Canada Border,2024-07-01,49.000083,-118.223777,6,473
3016,Laurier,Washington,US-Canada Border,2024-08-01,49.000083,-118.223777,5,325
3016,Laurier,Washington,US-Canada Border,2024-09-01,49.000083,-118.223777,4,520
3016,Laurier,Washington,US-Canada Border,2024-10-01,49.000083,-118.223777,6,511
3016,Laurier,Washington,US-Canada Border,2024-11-01,49.000083,-118.223777,4,502
3016,Laurier,Washington,US-Canada Border,2024-12-01,49.000083,-118.223777,6,388
3017,Point Roberts,Washington,US-Canada Border,2018-01-01,49.0020555547,-123.068055556,0,1074
3017,Point Roberts,Washington,US-Canada Border,2018-02-01,49.0020555547,-123.068055556,0,912
3017,Point Roberts,Washington,US-Canada Border,2018-03-01,49.0020555547,-123.068055556,0,1282
3017,Point Roberts,Washington,US-Canada Border,2018-04-01,49.0020555547,-123.068055556,0,1220
3017,Point Roberts,Washington,US-Canada Border,2018-05-01,49.0020555547,-123.068055556,0,1439
3017,Point Roberts,Washington,US-Canada Border,2018-06-01,49.0020555547,-123.068055556,0,1354
3017,Point Roberts,Washington,US-Canada Border,2018-07-01,49.0020555547,-123.068055556,0,1155
3017,Point Roberts,Washington,US-Canada Border,2018-08-01,49.0020555547,-123.068055556,0,1338
3017,Point Roberts,Washington,US-Canada Border,2018-09-01,49.0020555547,-123.068055556,0,1148
3017,Point Roberts,Washington,US-Canada Border,2018-10-01,49.0020555547,-123.068055556,0,1122
3017,Point Roberts,Washington,US-Canada Border,2018-11-01,49.0020555547,-123.068055556,0,1044
3017,Point Roberts,Washington,US-Canada Border,2018-12-01,49.0020555547,-123.068055556,0,962
3017,Point Roberts,Washington,US-Canada Border,2019-01-01,49.0020555547,-123.068055556,0,865
3017,Point Roberts,Washington,US-Canada Border,2019-02-01,49.0020555547,-123.068055556,0,729
3017,Point Roberts,Washington,US-Canada Border,2019-03-01,49.0020555547,-123.068055556,0,1048
3017,Point Roberts,Washington,US-Canada Border,2019-04-01,49.0020555547,-123.068055556,0,1075
3017,Point Roberts,Washington,US-Canada Border,2019-05-01,49.0020555547,-123.068055556,0,1088
3017,Point Roberts,Washington,US-Canada Border,2019-06-01,49.0020555547,-123.068055556,0,1135
3017,Point Roberts,Washington,US-Canada Border,2019-07-01,49.0020555547,-123.068055556,0,1147
3017,Point Roberts,Washington,US-Canada Border,2019-08-01,49.0020555547,-123.068055556,0,1037
3017,Point Roberts,Washington,US-Canada Border,2019-09-01,49.0020555547,-123.068055556,0,1052
3017,Point Roberts,Washington,US-Canada Border,2019-10-01,49.0020555547,-123.068055556,0,1082
3017,Point Roberts,Washington,US-Canada Border,2019-11-01,49.0020555547,-123.068055556,0,759
3017,Point Roberts,Washington,US-Canada Border,2019-12-01,49.0020555547,-123.068055556,0,834
3017,Point Roberts,Washington,US-Canada Border,2020-01-01,49.0020555547,-123.068055556,0,822
3017,Point Roberts,Washington,US-Canada Border,2020-02-01,49.0020555547,-123.068055556,0,841
3017,Point Roberts,Washington,US-Canada Border,2020-03-01,49.0020555547,-123.068055556,0,769
3017,Point Roberts,Washington,US-Canada Border,2020-04-01,49.0020555547,-123.068055556,0,325
3017,Point Roberts,Washington,US-Canada Border,2020-05-01,49.0020555547,-123.068055556,0,187
3017,Point Roberts,Washington,US-Canada Border,2020-06-01,49.0020555547,-123.068055556,0,175
3017,Point Roberts,Washington,US-Canada Border,2020-07-01,49.0020555547,-123.068055556,0,159
3017,Point Roberts,Washington,US-Canada Border,2020-08-01,49.0020555547,-123.068055556,0,152
3017,Point Roberts,Washington,US-Canada Border,2020-09-01,49.0020555547,-123.068055556,0,131
3017,Point Roberts,Washington,US-Canada Border,2020-10-01,49.0020555547,-123.068055556,0,126
3017,Point Roberts,Washington,US-Canada Border,2020-11-01,49.0020555547,-123.068055556,0,115
3017,Point Roberts,Washington,US-Canada Border,2020-12-01,49.0020555547,-123.068055556,0,142
3017,Point Roberts,Washington,US-Canada Border,2021-01-01,49.0020555547,-123.068055556,0,137
3017,Point Roberts,Washington,US-Canada Border,2021-02-01,49.0020555547,-123.068055556,0,147
3017,Point Roberts,Washington,US-Canada Border,2021-03-01,49.0020555547,-123.068055556,0,123
3017,Point Roberts,Washington,US-Canada Border,2021-04-01,49.0020555547,-123.068055556,0,112
3017,Point Roberts,Washington,US-Canada Border,2021-05-01,49.0020555547,-123.068055556,0,99
3017,Point Roberts,Washington,US-Canada Border,2021-06-01,49.0020555547,-123.068055556,0,131
3017,Point Roberts,Washington,US-Canada Border,2021-07-01,49.0020555547,-123.068055556,0,139
3017,Point Roberts,Washington,US-Canada Border,2021-08-01,49.0020555547,-123.068055556,0,149
3017,Point Roberts,Washington,US-Canada Border,2021-09-01,49.0020555547,-123.068055556,0,129
3017,Point Roberts,Washington,US-Canada Border,2021-10-01,49.0020555547,-123.068055556,0,127
3017,Point Roberts,Washington,US-Canada Border,2021-11-01,49.0020555547,-123.068055556,0,191
3017,Point Roberts,Washington,US-Canada Border,2021-12-01,49.0020555547,-123.068055556,0,247
3017,Point Roberts,Washington,US-Canada Border,2022-01-01,49.0020555547,-123.068055556,0,153
3017,Point Roberts,Washington,US-Canada Border,2022-02-01,49.0020555547,-123.068055556,0,209
3017,Point Roberts,Washington,US-Canada Border,2022-03-01,49.0020555547,-123.068055556,0,350
3017,Point Roberts,Washington,US-Canada Border,2022-04-01,49.0020555547,-123.068055556,0,314
3017,Point Roberts,Washington,US-Canada Border,2022-05-01,49.0020555547,-123.068055556,0,410
3017,Point Roberts,Washington,US-Canada Border,2022-06-01,49.0020555547,-123.068055556,0,498
3017,Point Roberts,Washington,US-Canada Border,2022-07-01,49.0020555547,-123.068055556,0,454
3017,Point Roberts,Washington,US-Canada Border,2022-08-01,49.0020555547,-123.068055556,0,583
3017,Point Roberts,Washington,US-Canada Border,2022-09-01,49.0020555547,-123.068055556,0,465
3017,Point Roberts,Washington,US-Canada Border,2022-10-01,49.0020555547,-123.068055556,0,454
3017,Point Roberts,Washington,US-Canada Border,2022-11-01,49.0020555547,-123.068055556,0,458
3017,Point Roberts,Washington,US-Canada Border,2022-12-01,49.0020555547,-123.068055556,0,421
3017,Point Roberts,Washington,US-Canada Border,2023-01-01,49.0020555547,-123.068055556,0,375
3017,Point Roberts,Washington,US-Canada Border,2023-02-01,49.0020555547,-123.068055556,0,409
3017,Point Roberts,Washington,US-Canada Border,2023-03-01,49.0020555547,-123.068055556,0,583
3017,Point Roberts,Washington,US-Canada Border,2023-04-01,49.0020555547,-123.068055556,0,534
3017,Point Roberts,Washington,US-Canada Border,2023-05-01,49.0020555547,-123.068055556,0,621
3017,Point Roberts,Washington,US-Canada Border,2023-06-01,49.0020555547,-123.068055556,0,737
3017,Point Roberts,Washington,US-Canada Border,2023-07-01,49.0020555547,-123.068055556,0,576
3017,Point Roberts,Washington,US-Canada Border,2023-08-01,49.0020555547,-123.068055556,0,388
3017,Point Roberts,Washington,US-Canada Border,2023-09-01,49.0020555547,-123.068055556,0,537
3017,Point Roberts,Washington,US-Canada Border,2023-10-01,49.0020555547,-123.068055556,0,491
3017,Point Roberts,Washington,US-Canada Border,2023-11-01,49.0020555547,-123.068055556,0,466
3017,Point Roberts,Washington,US-Canada Border,2023-12-01,49.0020555547,-123.068055556,0,448
3017,Point Roberts,Washington,US-Canada Border,2024-01-01,49.0020555547,-123.068055556,0,404
3017,Point Roberts,Washington,US-Canada Border,2024-02-01,49.0020555547,-123.068055556,0,500
3017,Point Roberts,Washington,US-Canada Border,2024-03-01,49.0020555547,-123.068055556,0,509
3017,Point Roberts,Washington,US-Canada Border,2024-04-01,49.0020555547,-123.068055556,0,641
3017,Point Roberts,Washington,US-Canada Border,2024-05-01,49.0020555547,-123.068055556,0,640
3017,Point Roberts,Washington,US-Canada Border,2024-06-01,49.0020555547,-123.068055556,0,599
3017,Point Roberts,Washington,US-Canada Border,2024-07-01,49.0020555547,-123.068055556,0,670
3017,Point Roberts,Washington,US-Canada Border,2024-08-01,49.0020555547,-123.068055556,0,643
3017,Point Roberts,Washington,US-Canada Border,2024-09-01,49.0020555547,-123.068055556,0,558
3017,Point Roberts,Washington,US-Canada Border,2024-10-01,49.0020555547,-123.068055556,0,623
3017,Point Roberts,Washington,US-Canada Border,2024-11-01,49.0020555547,-123.068055556,0,573
3017,Point Roberts,Washington,US-Canada Border,2024-12-01,49.0020555547,-123.068055556,0,792
3019,Oroville,Washington,US-Canada Border,2018-01-01,49.000083,-119.461833,0,2042
3019,Oroville,Washington,US-Canada Border,2018-02-01,49.000083,-119.461833,0,1996
3019,Oroville,Washington,US-Canada Border,2018-03-01,49.000083,-119.461833,0,2419
3019,Oroville,Washington,US-Canada Border,2018-04-01,49.000083,-119.461833,0,2562
3019,Oroville,Washington,US-Canada Border,2018-05-01,49.000083,-119.461833,0,2575
3019,Oroville,Washington,US-Canada Border,2018-06-01,49.000083,-119.461833,0,2460
3019,Oroville,Washington,US-Canada Border,2018-07-01,49.000083,-119.461833,0,2464
3019,Oroville,Washington,US-Canada Border,2018-08-01,49.000083,-119.461833,0,2582
3019,Oroville,Washington,US-Canada Border,2018-09-01,49.000083,-119.461833,0,2361
3019,Oroville,Washington,US-Canada Border,2018-10-01,49.000083,-119.461833,0,2462
3019,Oroville,Washington,US-Canada Border,2018-11-01,49.000083,-119.461833,0,2225
3019,Oroville,Washington,US-Canada Border,2018-12-01,49.000083,-119.461833,0,2014
3019,Oroville,Washington,US-Canada Border,2019-01-01,49.000083,-119.461833,0,2500
3019,Oroville,Washington,US-Canada Border,2019-02-01,49.000083,-119.461833,0,1959
3019,Oroville,Washington,US-Canada Border,2019-03-01,49.000083,-119.461833,0,2508
3019,Oroville,Washington,US-Canada Border,2019-04-01,49.000083,-119.461833,0,2516
3019,Oroville,Washington,US-Canada Border,2019-05-01,49.000083,-119.461833,0,2729
3019,Oroville,Washington,US-Canada Border,2019-06-01,49.000083,-119.461833,0,2630
3019,Oroville,Washington,US-Canada Border,2019-07-01,49.000083,-119.461833,0,2271
3019,Oroville,Washington,US-Canada Border,2019-08-01,49.000083,-119.461833,0,2327
3019,Oroville,Washington,US-Canada Border,2019-09-01,49.000083,-119.461833,0,2332
3019,Oroville,Washington,US-Canada Border,2019-10-01,49.000083,-119.461833,0,2528
3019,Oroville,Washington,US-Canada Border,2019-11-01,49.000083,-119.461833,0,2120
3019,Oroville,Washington,US-Canada Border,2019-12-01,49.000083,-119.461833,0,2080
3019,Oroville,Washington,US-Canada Border,2020-01-01,49.000083,-119.461833,0,2186
3019,Oroville,Washington,US-Canada Border,2020-02-01,49.000083,-119.461833,0,2140
3019,Oroville,Washington,US-Canada Border,2020-03-01,49.000083,-119.461833,0,2378
3019,Oroville,Washington,US-Canada Border,2020-04-01,49.000083,-119.461833,0,2040
3019,Oroville,Washington,US-Canada Border,2020-05-01,49.000083,-119.461833,0,2083
3019,Oroville,Washington,US-Canada Border,2020-06-01,49.000083,-119.461833,0,2215
3019,Oroville,Washington,US-Canada Border,2020-07-01,49.000083,-119.461833,0,2290
3019,Oroville,Washington,US-Canada Border,2020-08-01,49.000083,-119.461833,0,2257
3019,Oroville,Washington,US-Canada Border,2020-09-01,49.000083,-119.461833,0,2258
3019,Oroville,Washington,US-Canada Border,2020-10-01,49.000083,-119.461833,0,2407
3019,Oroville,Washington,US-Canada Border,2020-11-01,49.000083,-119.461833,0,2176
3019,Oroville,Washington,US-Canada Border,2020-12-01,49.000083,-119.461833,0,1990
3019,Oroville,Washington,US-Canada Border,2021-01-01,49.000083,-119.461833,0,1985
3019,Oroville,Washington,US-Canada Border,2021-02-01,49.000083,-119.461833,0,1971
3019,Oroville,Washington,US-Canada Border,2021-03-01,49.000083,-119.461833,0,2507
3019,Oroville,Washington,US-Canada Border,2021-04-01,49.000083,-119.461833,0,2542
3019,Oroville,Washington,US-Canada Border,2021-05-01,49.000083,-119.461833,0,2281
3019,Oroville,Washington,US-Canada Border,2021-06-01,49.000083,-119.461833,0,2462
3019,Oroville,Washington,US-Canada Border,2021-07-01,49.000083,-119.461833,0,2150
3019,Oroville,Washington,US-Canada Border,2021-08-01,49.000083,-119.461833,0,2188
3019,Oroville,Washington,US-Canada Border,2021-09-01,49.000083,-119.461833,0,2063
3019,Oroville,Washington,US-Canada Border,2021-10-01,49.000083,-119.461833,0,2154
3019,Oroville,Washington,US-Canada Border,2021-11-01,49.000083,-119.461833,0,2602
3019,Oroville,Washington,US-Canada Border,2021-12-01,49.000083,-119.461833,0,2377
3019,Oroville,Washington,US-Canada Border,2022-01-01,49.000083,-119.461833,0,1847
3019,Oroville,Washington,US-Canada Border,2022-02-01,49.000083,-119.461833,0,1858
3019,Oroville,Washington,US-Canada Border,2022-03-01,49.000083,-119.461833,0,2346
3019,Oroville,Washington,US-Canada Border,2022-04-01,49.000083,-119.461833,0,2115
3019,Oroville,Washington,US-Canada Border,2022-05-01,49.000083,-119.461833,0,2227
3019,Oroville,Washington,US-Canada Border,2022-06-01,49.000083,-119.461833,0,2199
3019,Oroville,Washington,US-Canada Border,2022-07-01,49.000083,-119.461833,0,2038
3019,Oroville,Washington,US-Canada Border,2022-08-01,49.000083,-119.461833,0,2420
3019,Oroville,Washington,US-Canada Border,2022-09-01,49.000083,-119.461833,0,2271
3019,Oroville,Washington,US-Canada Border,2022-10-01,49.000083,-119.461833,0,2349
3019,Oroville,Washington,US-Canada Border,2022-11-01,49.000083,-119.461833,0,1846
3019,Oroville,Washington,US-Canada Border,2022-12-01,49.000083,-119.461833,0,1555
3019,Oroville,Washington,US-Canada Border,2023-01-01,49.000083,-119.461833,0,1893
3019,Oroville,Washington,US-Canada Border,2023-02-01,49.000083,-119.461833,0,1768
3019,Oroville,Washington,US-Canada Border,2023-03-01,49.000083,-119.461833,0,2155
3019,Oroville,Washington,US-Canada Border,2023-04-01,49.000083,-119.461833,0,1933
3019,Oroville,Washington,US-Canada Border,2023-05-01,49.000083,-119.461833,0,2176
3019,Oroville,Washington,US-Canada Border,2023-06-01,49.000083,-119.461833,0,2165
3019,Oroville,Washington,US-Canada Border,2023-07-01,49.000083,-119.461833,0,1951
3019,Oroville,Washington,US-Canada Border,2023-08-01,49.000083,-119.461833,0,2076
3019,Oroville,Washington,US-Canada Border,2023-09-01,49.000083,-119.461833,0,1969
3019,Oroville,Washington,US-Canada Border,2023-10-01,49.000083,-119.461833,0,2290
3019,Oroville,Washington,US-Canada Border,2023-11-01,49.000083,-119.461833,0,2084
3019,Oroville,Washington,US-Canada Border,2023-12-01,49.000083,-119.461833,0,1740
3019,Oroville,Washington,US-Canada Border,2024-01-01,49.000083,-119.461833,0,1813
3019,Oroville,Washington,US-Canada Border,2024-02-01,49.000083,-119.461833,0,1804
3019,Oroville,Washington,US-Canada Border,2024-03-01,49.000083,-119.461833,0,1911
3019,Oroville,Washington,US-Canada Border,2024-04-01,49.000083,-119.461833,0,2111
3019,Oroville,Washington,US-Canada Border,2024-05-01,49.000083,-119.461833,0,2069
3019,Oroville,Washington,US-Canada Border,2024-06-01,49.000083,-119.461833,0,1947
3019,Oroville,Washington,US-Canada Border,2024-07-01,49.000083,-119.461833,0,1932
3019,Oroville,Washington,US-Canada Border,2024-08-01,49.000083,-119.461833,0,2023
3019,Oroville,Washington,US-Canada Border,2024-09-01,49.000083,-119.461833,0,2299
3019,Oroville,Washington,US-Canada Border,2024-10-01,49.000083,-119.461833,0,2534
3019,Oroville,Washington,US-Canada Border,2024-11-01,49.000083,-119.461833,0,1835
3019,Oroville,Washington,US-Canada Border,2024-12-01,49.000083,-119.461833,0,1816
3020,Frontier,Washington,US-Canada Border,2018-01-01,49.0005,-117.831527,0,1972
3020,Frontier,Washington,US-Canada Border,2018-02-01,49.0005,-117.831527,0,1871
3020,Frontier,Washington,US-Canada Border,2018-03-01,49.0005,-117.831527,0,2102
3020,Frontier,Washington,US-Canada Border,2018-04-01,49.0005,-117.831527,0,1775
3020,Frontier,Washington,US-Canada Border,2018-05-01,49.0005,-117.831527,0,1857
3020,Frontier,Washington,US-Canada Border,2018-06-01,49.0005,-117.831527,0,1765
3020,Frontier,Washington,US-Canada Border,2018-07-01,49.0005,-117.831527,0,1747
3020,Frontier,Washington,US-Canada Border,2018-08-01,49.0005,-117.831527,0,1678
3020,Frontier,Washington,US-Canada Border,2018-09-01,49.0005,-117.831527,0,1418
3020,Frontier,Washington,US-Canada Border,2018-10-01,49.0005,-117.831527,0,1774
3020,Frontier,Washington,US-Canada Border,2018-11-01,49.0005,-117.831527,0,1747
3020,Frontier,Washington,US-Canada Border,2018-12-01,49.0005,-117.831527,0,1651
3020,Frontier,Washington,US-Canada Border,2019-01-01,49.0005,-117.831527,0,1962
3020,Frontier,Washington,US-Canada Border,2019-02-01,49.0005,-117.831527,0,1717
3020,Frontier,Washington,US-Canada Border,2019-03-01,49.0005,-117.831527,0,1873
3020,Frontier,Washington,US-Canada Border,2019-04-01,49.0005,-117.831527,0,1936
3020,Frontier,Washington,US-Canada Border,2019-05-01,49.0005,-117.831527,0,2239
3020,Frontier,Washington,US-Canada Border,2019-06-01,49.0005,-117.831527,0,1979
3020,Frontier,Washington,US-Canada Border,2019-07-01,49.0005,-117.831527,0,2126
3020,Frontier,Washington,US-Canada Border,2019-08-01,49.0005,-117.831527,0,2225
3020,Frontier,Washington,US-Canada Border,2019-09-01,49.0005,-117.831527,0,1960
3020,Frontier,Washington,US-Canada Border,2019-10-01,49.0005,-117.831527,0,1775
3020,Frontier,Washington,US-Canada Border,2019-11-01,49.0005,-117.831527,0,2051
3020,Frontier,Washington,US-Canada Border,2019-12-01,49.0005,-117.831527,0,1914
3020,Frontier,Washington,US-Canada Border,2020-01-01,49.0005,-117.831527,0,2049
3020,Frontier,Washington,US-Canada Border,2020-02-01,49.0005,-117.831527,0,2174
3020,Frontier,Washington,US-Canada Border,2020-03-01,49.0005,-117.831527,0,2609
3020,Frontier,Washington,US-Canada Border,2020-04-01,49.0005,-117.831527,0,2061
3020,Frontier,Washington,US-Canada Border,2020-05-01,49.0005,-117.831527,0,1575
3020,Frontier,Washington,US-Canada Border,2020-06-01,49.0005,-117.831527,0,1871
3020,Frontier,Washington,US-Canada Border,2020-07-01,49.0005,-117.831527,0,1825
3020,Frontier,Washington,US-Canada Border,2020-08-01,49.0005,-117.831527,0,1884
3020,Frontier,Washington,US-Canada Border,2020-09-01,49.0005,-117.831527,0,1803
3020,Frontier,Washington,US-Canada Border,2020-10-01,49.0005,-117.831527,0,1777
3020,Frontier,Washington,US-Canada Border,2020-11-01,49.0005,-117.831527,0,1527
3020,Frontier,Washington,US-Canada Border,2020-12-01,49.0005,-117.831527,0,1696
3020,Frontier,Washington,US-Canada Border,2021-01-01,49.0005,-117.831527,0,1664
3020,Frontier,Washington,US-Canada Border,2021-02-01,49.0005,-117.831527,0,1682
3020,Frontier,Washington,US-Canada Border,2021-03-01,49.0005,-117.831527,0,2213
3020,Frontier,Washington,US-Canada Border,2021-04-01,49.0005,-117.831527,0,1952
3020,Frontier,Washington,US-Canada Border,2021-05-01,49.0005,-117.831527,0,1739
3020,Frontier,Washington,US-Canada Border,2021-06-01,49.0005,-117.831527,0,1816
3020,Frontier,Washington,US-Canada Border,2021-07-01,49.0005,-117.831527,0,1512
3020,Frontier,Washington,US-Canada Border,2021-08-01,49.0005,-117.831527,0,1575
3020,Frontier,Washington,US-Canada Border,2021-09-01,49.0005,-117.831527,0,1629
3020,Frontier,Washington,US-Canada Border,2021-10-01,49.0005,-117.831527,0,1589
3020,Frontier,Washington,US-Canada Border,2021-11-01,49.0005,-117.831527,0,1367
3020,Frontier,Washington,US-Canada Border,2021-12-01,49.0005,-117.831527,0,1252
3020,Frontier,Washington,US-Canada Border,2022-01-01,49.0005,-117.831527,0,1280
3020,Frontier,Washington,US-Canada Border,2022-02-01,49.0005,-117.831527,0,1204
3020,Frontier,Washington,US-Canada Border,2022-03-01,49.0005,-117.831527,0,1625
3020,Frontier,Washington,US-Canada Border,2022-04-01,49.0005,-117.831527,0,1479
3020,Frontier,Washington,US-Canada Border,2022-05-01,49.0005,-117.831527,0,1374
3020,Frontier,Washington,US-Canada Border,2022-06-01,49.0005,-117.831527,0,1605
3020,Frontier,Washington,US-Canada Border,2022-07-01,49.0005,-117.831527,0,1432
3020,Frontier,Washington,US-Canada Border,2022-08-01,49.0005,-117.831527,0,1586
3020,Frontier,Washington,US-Canada Border,2022-09-01,49.0005,-117.831527,0,1289
3020,Frontier,Washington,US-Canada Border,2022-10-01,49.0005,-117.831527,0,1407
3020,Frontier,Washington,US-Canada Border,2022-11-01,49.0005,-117.831527,0,1471
3020,Frontier,Washington,US-Canada Border,2022-12-01,49.0005,-117.831527,0,1291
3020,Frontier,Washington,US-Canada Border,2023-01-01,49.0005,-117.831527,0,1760
3020,Frontier,Washington,US-Canada Border,2023-02-01,49.0005,-117.831527,0,1893
3020,Frontier,Washington,US-Canada Border,2023-03-01,49.0005,-117.831527,0,2287
3020,Frontier,Washington,US-Canada Border,2023-04-01,49.0005,-117.831527,0,2165
3020,Frontier,Washington,US-Canada Border,2023-05-01,49.0005,-117.831527,0,2638
3020,Frontier,Washington,US-Canada Border,2023-06-01,49.0005,-117.831527,0,2361
3020,Frontier,Washington,US-Canada Border,2023-07-01,49.0005,-117.831527,0,1886
3020,Frontier,Washington,US-Canada Border,2023-08-01,49.0005,-117.831527,0,1064
3020,Frontier,Washington,US-Canada Border,2023-09-01,49.0005,-117.831527,0,1846
3020,Frontier,Washington,US-Canada Border,2023-10-01,49.0005,-117.831527,0,2171
3020,Frontier,Washington,US-Canada Border,2023-11-01,49.0005,-117.831527,0,2170
3020,Frontier,Washington,US-Canada Border,2023-12-01,49.0005,-117.831527,0,1863
3020,Frontier,Washington,US-Canada Border,2024-01-01,49.0005,-117.831527,0,1976
3020,Frontier,Washington,US-Canada Border,2024-02-01,49.0005,-117.831527,0,2216
3020,Frontier,Washington,US-Canada Border,2024-03-01,49.0005,-117.831527,0,2457
3020,Frontier,Washington,US-Canada Border,2024-04-01,49.0005,-117.831527,0,2677
3020,Frontier,Washington,US-Canada Border,2024-05-01,49.0005,-117.831527,0,2585
3020,Frontier,Washington,US-Canada Border,2024-06-01,49.0005,-117.831527,0,2367
3020,Frontier,Washington,US-Canada Border,2024-07-01,49.0005,-117.831527,0,2053
3020,Frontier,Washington,US-Canada Border,2024-08-01,49.0005,-117.831527,0,2283
3020,Frontier,Washington,US-Canada Border,2024-09-01,49.0005,-117.831527,0,1946
3020,Frontier,Washington,US-Canada Border,2024-10-01,49.0005,-117.831527,0,2335
3020,Frontier,Washington,US-Canada Border,2024-11-01,49.0005,-117.831527,0,2110
3020,Frontier,Washington,US-Canada Border,2024-12-01,49.0005,-117.831527,0,2088
3023,Kenneth G Ward,Washington,US-Canada Border,2018-01-01,49.002277,-122.485027,0,3338
3023,Kenneth G Ward,Washington,US-Canada Border,2018-02-01,49.002277,-122.485027,0,3800
3023,Kenneth G Ward,Washington,US-Canada Border,2018-03-01,49.002277,-122.485027,0,4742
3023,Kenneth G Ward,Washington,US-Canada Border,2018-04-01,49.002277,-122.485027,0,3891
3023,Kenneth G Ward,Washington,US-Canada Border,2018-05-01,49.002277,-122.485027,0,3906
3023,Kenneth G Ward,Washington,US-Canada Border,2018-06-01,49.002277,-122.485027,0,3811
3023,Kenneth G Ward,Washington,US-Canada Border,2018-07-01,49.002277,-122.485027,0,3363
3023,Kenneth G Ward,Washington,US-Canada Border,2018-08-01,49.002277,-122.485027,0,2938
3023,Kenneth G Ward,Washington,US-Canada Border,2018-09-01,49.002277,-122.485027,0,3027
3023,Kenneth G Ward,Washington,US-Canada Border,2018-10-01,49.002277,-122.485027,0,5623
3023,Kenneth G Ward,Washington,US-Canada Border,2018-11-01,49.002277,-122.485027,0,3553
3023,Kenneth G Ward,Washington,US-Canada Border,2018-12-01,49.002277,-122.485027,0,2924
3023,Kenneth G Ward,Washington,US-Canada Border,2019-01-01,49.002277,-122.485027,0,3386
3023,Kenneth G Ward,Washington,US-Canada Border,2019-02-01,49.002277,-122.485027,0,2727
3023,Kenneth G Ward,Washington,US-Canada Border,2019-03-01,49.002277,-122.485027,0,3553
3023,Kenneth G Ward,Washington,US-Canada Border,2019-04-01,49.002277,-122.485027,0,3473
3023,Kenneth G Ward,Washington,US-Canada Border,2019-05-01,49.002277,-122.485027,0,3548
3023,Kenneth G Ward,Washington,US-Canada Border,2019-06-01,49.002277,-122.485027,0,3323
3023,Kenneth G Ward,Washington,US-Canada Border,2019-07-01,49.002277,-122.485027,0,3897
3023,Kenneth G Ward,Washington,US-Canada Border,2019-08-01,49.002277,-122.485027,0,3790
3023,Kenneth G Ward,Washington,US-Canada Border,2019-09-01,49.002277,-122.485027,0,3625
3023,Kenneth G Ward,Washington,US-Canada Border,2019-10-01,49.002277,-122.485027,0,5136
3023,Kenneth G Ward,Washington,US-Canada Border,2019-11-01,49.002277,-122.485027,0,4005
3023,Kenneth G Ward,Washington,US-Canada Border,2019-12-01,49.002277,-122.485027,0,3979
3023,Kenneth G Ward,Washington,US-Canada Border,2020-01-01,49.002277,-122.485027,0,4157
3023,Kenneth G Ward,Washington,US-Canada Border,2020-02-01,49.002277,-122.485027,0,4450
3023,Kenneth G Ward,Washington,US-Canada Border,2020-03-01,49.002277,-122.485027,0,5028
3023,Kenneth G Ward,Washington,US-Canada Border,2020-04-01,49.002277,-122.485027,0,3299
3023,Kenneth G Ward,Washington,US-Canada Border,2020-05-01,49.002277,-122.485027,0,3578
3023,Kenneth G Ward,Washington,US-Canada Border,2020-06-01,49.002277,-122.485027,0,4201
3023,Kenneth G Ward,Washington,US-Canada Border,2020-07-01,49.002277,-122.485027,0,4498
3023,Kenneth G Ward,Washington,US-Canada Border,2020-08-01,49.002277,-122.485027,0,4316
3023,Kenneth G Ward,Washington,US-Canada Border,2020-09-01,49.002277,-122.485027,0,4509
3023,Kenneth G Ward,Washington,US-Canada Border,2020-10-01,49.002277,-122.485027,0,5670
3023,Kenneth G Ward,Washington,US-Canada Border,2020-11-01,49.002277,-122.485027,0,3769
3023,Kenneth G Ward,Washington,US-Canada Border,2020-12-01,49.002277,-122.485027,0,3280
3023,Kenneth G Ward,Washington,US-Canada Border,2021-01-01,49.002277,-122.485027,0,3109
3023,Kenneth G Ward,Washington,US-Canada Border,2021-02-01,49.002277,-122.485027,0,3156
3023,Kenneth G Ward,Washington,US-Canada Border,2021-03-01,49.002277,-122.485027,0,3708
3023,Kenneth G Ward,Washington,US-Canada Border,2021-04-01,49.002277,-122.485027,0,3451
3023,Kenneth G Ward,Washington,US-Canada Border,2021-05-01,49.002277,-122.485027,0,3652
3023,Kenneth G Ward,Washington,US-Canada Border,2021-06-01,49.002277,-122.485027,0,3644
3023,Kenneth G Ward,Washington,US-Canada Border,2021-07-01,49.002277,-122.485027,0,4031
3023,Kenneth G Ward,Washington,US-Canada Border,2021-08-01,49.002277,-122.485027,0,3231
3023,Kenneth G Ward,Washington,US-Canada Border,2021-09-01,49.002277,-122.485027,0,3063
3023,Kenneth G Ward,Washington,US-Canada Border,2021-10-01,49.002277,-122.485027,0,4159
3023,Kenneth G Ward,Washington,US-Canada Border,2021-11-01,49.002277,-122.485027,0,3388
3023,Kenneth G Ward,Washington,US-Canada Border,2021-12-01,49.002277,-122.485027,0,3483
3023,Kenneth G Ward,Washington,US-Canada Border,2022-01-01,49.002277,-122.485027,0,2395
3023,Kenneth G Ward,Washington,US-Canada Border,2022-02-01,49.002277,-122.485027,0,2867
3023,Kenneth G Ward,Washington,US-Canada Border,2022-03-01,49.002277,-122.485027,0,3746
3023,Kenneth G Ward,Washington,US-Canada Border,2022-04-01,49.002277,-122.485027,0,4184
3023,Kenneth G Ward,Washington,US-Canada Border,2022-05-01,49.002277,-122.485027,0,4800
3023,Kenneth G Ward,Washington,US-Canada Border,2022-06-01,49.002277,-122.485027,0,4612
3023,Kenneth G Ward,Washington,US-Canada Border,2022-07-01,49.002277,-122.485027,0,4671
3023,Kenneth G Ward,Washington,US-Canada Border,2022-08-01,49.002277,-122.485027,0,5528
3023,Kenneth G Ward,Washington,US-Canada Border,2022-09-01,49.002277,-122.485027,0,3866
3023,Kenneth G Ward,Washington,US-Canada Border,2022-10-01,49.002277,-122.485027,0,4802
3023,Kenneth G Ward,Washington,US-Canada Border,2022-11-01,49.002277,-122.485027,0,3646
3023,Kenneth G Ward,Washington,US-Canada Border,2022-12-01,49.002277,-122.485027,0,2734
3023,Kenneth G Ward,Washington,US-Canada Border,2023-01-01,49.002277,-122.485027,0,3241
3023,Kenneth G Ward,Washington,US-Canada Border,2023-02-01,49.002277,-122.485027,0,2940
3023,Kenneth G Ward,Washington,US-Canada Border,2023-03-01,49.002277,-122.485027,0,3832
3023,Kenneth G Ward,Washington,US-Canada Border,2023-04-01,49.002277,-122.485027,0,3624
3023,Kenneth G Ward,Washington,US-Canada Border,2023-05-01,49.002277,-122.485027,0,4155
3023,Kenneth G Ward,Washington,US-Canada Border,2023-06-01,49.002277,-122.485027,0,4426
3023,Kenneth G Ward,Washington,US-Canada Border,2023-07-01,49.002277,-122.485027,0,4366
3023,Kenneth G Ward,Washington,US-Canada Border,2023-08-01,49.002277,-122.485027,0,3819
3023,Kenneth G Ward,Washington,US-Canada Border,2023-09-01,49.002277,-122.485027,0,4059
3023,Kenneth G Ward,Washington,US-Canada Border,2023-10-01,49.002277,-122.485027,0,5065
3023,Kenneth G Ward,Washington,US-Canada Border,2023-11-01,49.002277,-122.485027,0,3613
3023,Kenneth G Ward,Washington,US-Canada Border,2023-12-01,49.002277,-122.485027,0,2791
3023,Kenneth G Ward,Washington,US-Canada Border,2024-01-01,49.002277,-122.485027,0,2895
3023,Kenneth G Ward,Washington,US-Canada Border,2024-02-01,49.002277,-122.485027,0,3188
3023,Kenneth G Ward,Washington,US-Canada Border,2024-03-01,49.002277,-122.485027,0,3570
3023,Kenneth G Ward,Washington,US-Canada Border,2024-04-01,49.002277,-122.485027,0,3505
3023,Kenneth G Ward,Washington,US-Canada Border,2024-05-01,49.002277,-122.485027,0,3817
3023,Kenneth G Ward,Washington,US-Canada Border,2024-06-01,49.002277,-122.485027,0,3736
3023,Kenneth G Ward,Washington,US-Canada Border,2024-07-01,49.002277,-122.485027,0,4376
3023,Kenneth G Ward,Washington,US-Canada Border,2024-08-01,49.002277,-122.485027,0,4646
3023,Kenneth G Ward,Washington,US-Canada Border,2024-09-01,49.002277,-122.485027,0,3713
3023,Kenneth G Ward,Washington,US-Canada Border,2024-10-01,49.002277,-122.485027,0,4895
3023,Kenneth G Ward,Washington,US-Canada Border,2024-11-01,49.002277,-122.485027,0,3123
3023,Kenneth G Ward,Washington,US-Canada Border,2024-12-01,49.002277,-122.485027,0,2740
3025,Metaline Falls,Washington,US-Canada Border,2018-01-01,48.999972,-117.299444,0,624
3025,Metaline Falls,Washington,US-Canada Border,2018-02-01,48.999972,-117.299444,0,434
3025,Metaline Falls,Washington,US-Canada Border,2018-03-01,48.999972,-117.299444,0,408
3025,Metaline Falls,Washington,US-Canada Border,2018-04-01,48.999972,-117.299444,0,359
3025,Metaline Falls,Washington,US-Canada Border,2018-05-01,48.999972,-117.299444,0,384
3025,Metaline Falls,Washington,US-Canada Border,2018-06-01,48.999972,-117.299444,0,462
3025,Metaline Falls,Washington,US-Canada Border,2018-07-01,48.999972,-117.299444,0,453
3025,Metaline Falls,Washington,US-Canada Border,2018-08-01,48.999972,-117.299444,0,478
3025,Metaline Falls,Washington,US-Canada Border,2018-09-01,48.999972,-117.299444,0,512
3025,Metaline Falls,Washington,US-Canada Border,2018-10-01,48.999972,-117.299444,0,466
3025,Metaline Falls,Washington,US-Canada Border,2018-11-01,48.999972,-117.299444,0,548
3025,Metaline Falls,Washington,US-Canada Border,2018-12-01,48.999972,-117.299444,0,603
3025,Metaline Falls,Washington,US-Canada Border,2019-01-01,48.999972,-117.299444,0,487
3025,Metaline Falls,Washington,US-Canada Border,2019-02-01,48.999972,-117.299444,0,410
3025,Metaline Falls,Washington,US-Canada Border,2019-03-01,48.999972,-117.299444,0,501
3025,Metaline Falls,Washington,US-Canada Border,2019-04-01,48.999972,-117.299444,0,506
3025,Metaline Falls,Washington,US-Canada Border,2019-05-01,48.999972,-117.299444,0,496
3025,Metaline Falls,Washington,US-Canada Border,2019-06-01,48.999972,-117.299444,0,431
3025,Metaline Falls,Washington,US-Canada Border,2019-07-01,48.999972,-117.299444,0,657
3025,Metaline Falls,Washington,US-Canada Border,2019-08-01,48.999972,-117.299444,0,239
3025,Metaline Falls,Washington,US-Canada Border,2019-09-01,48.999972,-117.299444,0,303
3025,Metaline Falls,Washington,US-Canada Border,2019-10-01,48.999972,-117.299444,0,158
3025,Metaline Falls,Washington,US-Canada Border,2019-11-01,48.999972,-117.299444,0,299
3025,Metaline Falls,Washington,US-Canada Border,2019-12-01,48.999972,-117.299444,0,246
3025,Metaline Falls,Washington,US-Canada Border,2020-01-01,48.999972,-117.299444,0,262
3025,Metaline Falls,Washington,US-Canada Border,2020-02-01,48.999972,-117.299444,0,256
3025,Metaline Falls,Washington,US-Canada Border,2020-03-01,48.999972,-117.299444,0,303
3025,Metaline Falls,Washington,US-Canada Border,2020-04-01,48.999972,-117.299444,0,219
3025,Metaline Falls,Washington,US-Canada Border,2020-05-01,48.999972,-117.299444,0,234
3025,Metaline Falls,Washington,US-Canada Border,2020-06-01,48.999972,-117.299444,0,289
3025,Metaline Falls,Washington,US-Canada Border,2020-07-01,48.999972,-117.299444,0,315
3025,Metaline Falls,Washington,US-Canada Border,2020-08-01,48.999972,-117.299444,0,304
3025,Metaline Falls,Washington,US-Canada Border,2020-09-01,48.999972,-117.299444,0,296
3025,Metaline Falls,Washington,US-Canada Border,2020-10-01,48.999972,-117.299444,0,366
3025,Metaline Falls,Washington,US-Canada Border,2020-11-01,48.999972,-117.299444,0,351
3025,Metaline Falls,Washington,US-Canada Border,2020-12-01,48.999972,-117.299444,0,382
3025,Metaline Falls,Washington,US-Canada Border,2021-01-01,48.999972,-117.299444,0,344
3025,Metaline Falls,Washington,US-Canada Border,2021-02-01,48.999972,-117.299444,0,375
3025,Metaline Falls,Washington,US-Canada Border,2021-03-01,48.999972,-117.299444,0,400
3025,Metaline Falls,Washington,US-Canada Border,2021-04-01,48.999972,-117.299444,0,446
3025,Metaline Falls,Washington,US-Canada Border,2021-05-01,48.999972,-117.299444,0,433
3025,Metaline Falls,Washington,US-Canada Border,2021-06-01,48.999972,-117.299444,0,462
3025,Metaline Falls,Washington,US-Canada Border,2021-07-01,48.999972,-117.299444,0,347
3025,Metaline Falls,Washington,US-Canada Border,2021-08-01,48.999972,-117.299444,0,491
3025,Metaline Falls,Washington,US-Canada Border,2021-09-01,48.999972,-117.299444,0,434
3025,Metaline Falls,Washington,US-Canada Border,2021-10-01,48.999972,-117.299444,0,366
3025,Metaline Falls,Washington,US-Canada Border,2021-11-01,48.999972,-117.299444,0,303
3025,Metaline Falls,Washington,US-Canada Border,2021-12-01,48.999972,-117.299444,0,267
3025,Metaline Falls,Washington,US-Canada Border,2022-01-01,48.999972,-117.299444,0,265
3025,Metaline Falls,Washington,US-Canada Border,2022-02-01,48.999972,-117.299444,0,257
3025,Metaline Falls,Washington,US-Canada Border,2022-03-01,48.999972,-117.299444,0,294
3025,Metaline Falls,Washington,US-Canada Border,2022-04-01,48.999972,-117.299444,0,317
3025,Metaline Falls,Washington,US-Canada Border,2022-05-01,48.999972,-117.299444,0,357
3025,Metaline Falls,Washington,US-Canada Border,2022-06-01,48.999972,-117.299444,0,339
3025,Metaline Falls,Washington,US-Canada Border,2022-07-01,48.999972,-117.299444,0,236
3025,Metaline Falls,Washington,US-Canada Border,2022-08-01,48.999972,-117.299444,0,233
3025,Metaline Falls,Washington,US-Canada Border,2022-09-01,48.999972,-117.299444,0,214
3025,Metaline Falls,Washington,US-Canada Border,2022-10-01,48.999972,-117.299444,0,276
3025,Metaline Falls,Washington,US-Canada Border,2022-11-01,48.999972,-117.299444,0,233
3025,Metaline Falls,Washington,US-Canada Border,2022-12-01,48.999972,-117.299444,0,313
3025,Metaline Falls,Washington,US-Canada Border,2023-01-01,48.999972,-117.299444,0,272
3025,Metaline Falls,Washington,US-Canada Border,2023-02-01,48.999972,-117.299444,0,234
3025,Metaline Falls,Washington,US-Canada Border,2023-03-01,48.999972,-117.299444,0,333
3025,Metaline Falls,Washington,US-Canada Border,2023-04-01,48.999972,-117.299444,0,364
3025,Metaline Falls,Washington,US-Canada Border,2023-05-01,48.999972,-117.299444,0,410
3025,Metaline Falls,Washington,US-Canada Border,2023-06-01,48.999972,-117.299444,0,505
3025,Metaline Falls,Washington,US-Canada Border,2023-07-01,48.999972,-117.299444,0,399
3025,Metaline Falls,Washington,US-Canada Border,2023-08-01,48.999972,-117.299444,0,110
3025,Metaline Falls,Washington,US-Canada Border,2023-09-01,48.999972,-117.299444,0,259
3025,Metaline Falls,Washington,US-Canada Border,2023-10-01,48.999972,-117.299444,0,268
3025,Metaline Falls,Washington,US-Canada Border,2023-11-01,48.999972,-117.299444,0,295
3025,Metaline Falls,Washington,US-Canada Border,2023-12-01,48.999972,-117.299444,0,254
3025,Metaline Falls,Washington,US-Canada Border,2024-01-01,48.999972,-117.299444,0,370
3025,Metaline Falls,Washington,US-Canada Border,2024-02-01,48.999972,-117.299444,0,471
3025,Metaline Falls,Washington,US-Canada Border,2024-03-01,48.999972,-117.299444,0,553
3025,Metaline Falls,Washington,US-Canada Border,2024-04-01,48.999972,-117.299444,0,637
3025,Metaline Falls,Washington,US-Canada Border,2024-05-01,48.999972,-117.299444,0,631
3025,Metaline Falls,Washington,US-Canada Border,2024-06-01,48.999972,-117.299444,0,540
3025,Metaline Falls,Washington,US-Canada Border,2024-07-01,48.999972,-117.299444,0,440
3025,Metaline Falls,Washington,US-Canada Border,2024-08-01,48.999972,-117.299444,0,409
3025,Metaline Falls,Washington,US-Canada Border,2024-09-01,48.999972,-117.299444,0,446
3025,Metaline Falls,Washington,US-Canada Border,2024-10-01,48.999972,-117.299444,0,499
3025,Metaline Falls,Washington,US-Canada Border,2024-11-01,48.999972,-117.299444,0,535
3025,Metaline Falls,Washington,US-Canada Border,2024-12-01,48.999972,-117.299444,0,540
3102,Ketchikan,Alaska,US-Canada Border,2018-05-01,55.34208,-131.647804,0,1
3103,Skagway,Alaska,US-Canada Border,2018-01-01,59.629722,-135.164444,0,221
3103,Skagway,Alaska,US-Canada Border,2018-02-01,59.629722,-135.164444,0,272
3103,Skagway,Alaska,US-Canada Border,2018-03-01,59.629722,-135.164444,0,274
3103,Skagway,Alaska,US-Canada Border,2018-04-01,59.629722,-135.164444,0,140
3103,Skagway,Alaska,US-Canada Border,2018-05-01,59.629722,-135.164444,45,128
3103,Skagway,Alaska,US-Canada Border,2018-06-01,59.629722,-135.164444,69,197
3103,Skagway,Alaska,US-Canada Border,2018-07-01,59.629722,-135.164444,80,383
3103,Skagway,Alaska,US-Canada Border,2018-08-01,59.629722,-135.164444,80,382
3103,Skagway,Alaska,US-Canada Border,2018-09-01,59.629722,-135.164444,47,334
3103,Skagway,Alaska,US-Canada Border,2018-10-01,59.629722,-135.164444,1,214
3103,Skagway,Alaska,US-Canada Border,2018-11-01,59.629722,-135.164444,0,153
3103,Skagway,Alaska,US-Canada Border,2018-12-01,59.629722,-135.164444,0,97
3103,Skagway,Alaska,US-Canada Border,2019-01-01,59.629722,-135.164444,0,176
3103,Skagway,Alaska,US-Canada Border,2019-02-01,59.629722,-135.164444,0,188
3103,Skagway,Alaska,US-Canada Border,2019-03-01,59.629722,-135.164444,0,133
3103,Skagway,Alaska,US-Canada Border,2019-04-01,59.629722,-135.164444,2,138
3103,Skagway,Alaska,US-Canada Border,2019-05-01,59.629722,-135.164444,114,160
3103,Skagway,Alaska,US-Canada Border,2019-06-01,59.629722,-135.164444,152,213
3103,Skagway,Alaska,US-Canada Border,2019-07-01,59.629722,-135.164444,0,276
3103,Skagway,Alaska,US-Canada Border,2019-08-01,59.629722,-135.164444,0,204
3103,Skagway,Alaska,US-Canada Border,2019-09-01,59.629722,-135.164444,0,203
3103,Skagway,Alaska,US-Canada Border,2019-10-01,59.629722,-135.164444,2,177
3103,Skagway,Alaska,US-Canada Border,2019-11-01,59.629722,-135.164444,0,130
3103,Skagway,Alaska,US-Canada Border,2019-12-01,59.629722,-135.164444,0,142
3103,Skagway,Alaska,US-Canada Border,2020-01-01,59.629722,-135.164444,0,147
3103,Skagway,Alaska,US-Canada Border,2020-02-01,59.629722,-135.164444,0,310
3103,Skagway,Alaska,US-Canada Border,2020-03-01,59.629722,-135.164444,0,296
3103,Skagway,Alaska,US-Canada Border,2020-04-01,59.629722,-135.164444,0,120
3103,Skagway,Alaska,US-Canada Border,2020-05-01,59.629722,-135.164444,0,128
3103,Skagway,Alaska,US-Canada Border,2020-06-01,59.629722,-135.164444,0,253
3103,Skagway,Alaska,US-Canada Border,2020-07-01,59.629722,-135.164444,0,319
3103,Skagway,Alaska,US-Canada Border,2020-08-01,59.629722,-135.164444,0,224
3103,Skagway,Alaska,US-Canada Border,2020-09-01,59.629722,-135.164444,0,240
3103,Skagway,Alaska,US-Canada Border,2020-10-01,59.629722,-135.164444,0,238
3103,Skagway,Alaska,US-Canada Border,2020-11-01,59.629722,-135.164444,0,155
3103,Skagway,Alaska,US-Canada Border,2020-12-01,59.629722,-135.164444,0,97
3103,Skagway,Alaska,US-Canada Border,2021-01-01,59.629722,-135.164444,0,116
3103,Skagway,Alaska,US-Canada Border,2021-02-01,59.629722,-135.164444,0,275
3103,Skagway,Alaska,US-Canada Border,2021-03-01,59.629722,-135.164444,0,248
3103,Skagway,Alaska,US-Canada Border,2021-04-01,59.629722,-135.164444,0,187
3103,Skagway,Alaska,US-Canada Border,2021-05-01,59.629722,-135.164444,0,186
3103,Skagway,Alaska,US-Canada Border,2021-06-01,59.629722,-135.164444,0,227
3103,Skagway,Alaska,US-Canada Border,2021-07-01,59.629722,-135.164444,0,364
3103,Skagway,Alaska,US-Canada Border,2021-08-01,59.629722,-135.164444,0,319
3103,Skagway,Alaska,US-Canada Border,2021-09-01,59.629722,-135.164444,0,299
3103,Skagway,Alaska,US-Canada Border,2021-10-01,59.629722,-135.164444,0,292
3103,Skagway,Alaska,US-Canada Border,2021-11-01,59.629722,-135.164444,0,165
3103,Skagway,Alaska,US-Canada Border,2021-12-01,59.629722,-135.164444,0,191
3103,Skagway,Alaska,US-Canada Border,2022-01-01,59.629722,-135.164444,0,139
3103,Skagway,Alaska,US-Canada Border,2022-02-01,59.629722,-135.164444,0,192
3103,Skagway,Alaska,US-Canada Border,2022-03-01,59.629722,-135.164444,0,277
3103,Skagway,Alaska,US-Canada Border,2022-04-01,59.629722,-135.164444,0,200
3103,Skagway,Alaska,US-Canada Border,2022-05-01,59.629722,-135.164444,0,158
3103,Skagway,Alaska,US-Canada Border,2022-06-01,59.629722,-135.164444,0,266
3103,Skagway,Alaska,US-Canada Border,2022-07-01,59.629722,-135.164444,0,319
3103,Skagway,Alaska,US-Canada Border,2022-08-01,59.629722,-135.164444,0,344
3103,Skagway,Alaska,US-Canada Border,2022-09-01,59.629722,-135.164444,0,312
3103,Skagway,Alaska,US-Canada Border,2022-10-01,59.629722,-135.164444,0,253
3103,Skagway,Alaska,US-Canada Border,2022-11-01,59.629722,-135.164444,0,192
3103,Skagway,Alaska,US-Canada Border,2022-12-01,59.629722,-135.164444,0,178
3103,Skagway,Alaska,US-Canada Border,2023-01-01,59.629722,-135.164444,0,153
3103,Skagway,Alaska,US-Canada Border,2023-02-01,59.629722,-135.164444,0,246
3103,Skagway,Alaska,US-Canada Border,2023-03-01,59.629722,-135.164444,0,249
3103,Skagway,Alaska,US-Canada Border,2023-04-01,59.629722,-135.164444,0,146
3103,Skagway,Alaska,US-Canada Border,2023-05-01,59.629722,-135.164444,0,158
3103,Skagway,Alaska,US-Canada Border,2023-06-01,59.629722,-135.164444,0,216
3103,Skagway,Alaska,US-Canada Border,2023-07-01,59.629722,-135.164444,0,242
3103,Skagway,Alaska,US-Canada Border,2023-08-01,59.629722,-135.164444,0,279
3103,Skagway,Alaska,US-Canada Border,2023-09-01,59.629722,-135.164444,0,243
3103,Skagway,Alaska,US-Canada Border,2023-10-01,59.629722,-135.164444,0,209
3103,Skagway,Alaska,US-Canada Border,2023-11-01,59.629722,-135.164444,0,173
3103,Skagway,Alaska,US-Canada Border,2023-12-01,59.629722,-135.164444,0,148
3103,Skagway,Alaska,US-Canada Border,2024-01-01,59.629722,-135.164444,0,167
3103,Skagway,Alaska,US-Canada Border,2024-02-01,59.629722,-135.164444,0,193
3103,Skagway,Alaska,US-Canada Border,2024-03-01,59.629722,-135.164444,0,174
3103,Skagway,Alaska,US-Canada Border,2024-04-01,59.629722,-135.164444,0,169
3103,Skagway,Alaska,US-Canada Border,2024-05-01,59.629722,-135.164444,62,242
3103,Skagway,Alaska,US-Canada Border,2024-06-01,59.629722,-135.164444,0,213
3103,Skagway,Alaska,US-Canada Border,2024-07-01,59.629722,-135.164444,0,220
3103,Skagway,Alaska,US-Canada Border,2024-08-01,59.629722,-135.164444,0,206
3103,Skagway,Alaska,US-Canada Border,2024-09-01,59.629722,-135.164444,0,223
3103,Skagway,Alaska,US-Canada Border,2024-10-01,59.629722,-135.164444,0,205
3103,Skagway,Alaska,US-Canada Border,2024-11-01,59.629722,-135.164444,0,150
3103,Skagway,Alaska,US-Canada Border,2024-12-01,59.629722,-135.164444,0,175
3104,Alcan,Alaska,US-Canada Border,2018-01-01,62.614961,-141.001444,0,460
3104,Alcan,Alaska,US-Canada Border,2018-02-01,62.614961,-141.001444,0,395
3104,Alcan,Alaska,US-Canada Border,2018-03-01,62.614961,-141.001444,0,479
3104,Alcan,Alaska,US-Canada Border,2018-04-01,62.614961,-141.001444,0,506
3104,Alcan,Alaska,US-Canada Border,2018-05-01,62.614961,-141.001444,0,665
3104,Alcan,Alaska,US-Canada Border,2018-06-01,62.614961,-141.001444,0,720
3104,Alcan,Alaska,US-Canada Border,2018-07-01,62.614961,-141.001444,0,579
3104,Alcan,Alaska,US-Canada Border,2018-08-01,62.614961,-141.001444,0,534
3104,Alcan,Alaska,US-Canada Border,2018-09-01,62.614961,-141.001444,0,506
3104,Alcan,Alaska,US-Canada Border,2018-10-01,62.614961,-141.001444,0,471
3104,Alcan,Alaska,US-Canada Border,2018-11-01,62.614961,-141.001444,0,470
3104,Alcan,Alaska,US-Canada Border,2018-12-01,62.614961,-141.001444,0,486
3104,Alcan,Alaska,US-Canada Border,2019-01-01,62.614961,-141.001444,0,456
3104,Alcan,Alaska,US-Canada Border,2019-02-01,62.614961,-141.001444,0,397
3104,Alcan,Alaska,US-Canada Border,2019-03-01,62.614961,-141.001444,0,553
3104,Alcan,Alaska,US-Canada Border,2019-04-01,62.614961,-141.001444,0,599
3104,Alcan,Alaska,US-Canada Border,2019-05-01,62.614961,-141.001444,0,774
3104,Alcan,Alaska,US-Canada Border,2019-06-01,62.614961,-141.001444,0,675
3104,Alcan,Alaska,US-Canada Border,2019-07-01,62.614961,-141.001444,0,706
3104,Alcan,Alaska,US-Canada Border,2019-08-01,62.614961,-141.001444,0,627
3104,Alcan,Alaska,US-Canada Border,2019-09-01,62.614961,-141.001444,0,674
3104,Alcan,Alaska,US-Canada Border,2019-10-01,62.614961,-141.001444,0,525
3104,Alcan,Alaska,US-Canada Border,2019-11-01,62.614961,-141.001444,0,481
3104,Alcan,Alaska,US-Canada Border,2019-12-01,62.614961,-141.001444,0,518
3104,Alcan,Alaska,US-Canada Border,2020-01-01,62.614961,-141.001444,0,553
3104,Alcan,Alaska,US-Canada Border,2020-02-01,62.614961,-141.001444,0,545
3104,Alcan,Alaska,US-Canada Border,2020-03-01,62.614961,-141.001444,0,530
3104,Alcan,Alaska,US-Canada Border,2020-04-01,62.614961,-141.001444,0,441
3104,Alcan,Alaska,US-Canada Border,2020-05-01,62.614961,-141.001444,0,598
3104,Alcan,Alaska,US-Canada Border,2020-06-01,62.614961,-141.001444,0,601
3104,Alcan,Alaska,US-Canada Border,2020-07-01,62.614961,-141.001444,0,615
3104,Alcan,Alaska,US-Canada Border,2020-08-01,62.614961,-141.001444,0,562
3104,Alcan,Alaska,US-Canada Border,2020-09-01,62.614961,-141.001444,0,509
3104,Alcan,Alaska,US-Canada Border,2020-10-01,62.614961,-141.001444,0,510
3104,Alcan,Alaska,US-Canada Border,2020-11-01,62.614961,-141.001444,0,415
3104,Alcan,Alaska,US-Canada Border,2020-12-01,62.614961,-141.001444,0,433
3104,Alcan,Alaska,US-Canada Border,2021-01-01,62.614961,-141.001444,0,416
3104,Alcan,Alaska,US-Canada Border,2021-02-01,62.614961,-141.001444,0,364
3104,Alcan,Alaska,US-Canada Border,2021-03-01,62.614961,-141.001444,0,521
3104,Alcan,Alaska,US-Canada Border,2021-04-01,62.614961,-141.001444,0,591
3104,Alcan,Alaska,US-Canada Border,2021-05-01,62.614961,-141.001444,0,790
3104,Alcan,Alaska,US-Canada Border,2021-06-01,62.614961,-141.001444,0,765
3104,Alcan,Alaska,US-Canada Border,2021-07-01,62.614961,-141.001444,0,610
3104,Alcan,Alaska,US-Canada Border,2021-08-01,62.614961,-141.001444,0,503
3104,Alcan,Alaska,US-Canada Border,2021-09-01,62.614961,-141.001444,0,465
3104,Alcan,Alaska,US-Canada Border,2021-10-01,62.614961,-141.001444,0,471
3104,Alcan,Alaska,US-Canada Border,2021-11-01,62.614961,-141.001444,0,406
3104,Alcan,Alaska,US-Canada Border,2021-12-01,62.614961,-141.001444,0,381
3104,Alcan,Alaska,US-Canada Border,2022-01-01,62.614961,-141.001444,0,295
3104,Alcan,Alaska,US-Canada Border,2022-02-01,62.614961,-141.001444,0,229
3104,Alcan,Alaska,US-Canada Border,2022-03-01,62.614961,-141.001444,0,370
3104,Alcan,Alaska,US-Canada Border,2022-04-01,62.614961,-141.001444,0,422
3104,Alcan,Alaska,US-Canada Border,2022-05-01,62.614961,-141.001444,0,465
3104,Alcan,Alaska,US-Canada Border,2022-06-01,62.614961,-141.001444,0,453
3104,Alcan,Alaska,US-Canada Border,2022-07-01,62.614961,-141.001444,0,469
3104,Alcan,Alaska,US-Canada Border,2022-08-01,62.614961,-141.001444,0,506
3104,Alcan,Alaska,US-Canada Border,2022-09-01,62.614961,-141.001444,0,454
3104,Alcan,Alaska,US-Canada Border,2022-10-01,62.614961,-141.001444,0,461
3104,Alcan,Alaska,US-Canada Border,2022-11-01,62.614961,-141.001444,0,471
3104,Alcan,Alaska,US-Canada Border,2022-12-01,62.614961,-141.001444,0,363
3104,Alcan,Alaska,US-Canada Border,2023-01-01,62.614961,-141.001444,0,386
3104,Alcan,Alaska,US-Canada Border,2023-02-01,62.614961,-141.001444,0,380
3104,Alcan,Alaska,US-Canada Border,2023-03-01,62.614961,-141.001444,0,532
3104,Alcan,Alaska,US-Canada Border,2023-04-01,62.614961,-141.001444,0,661
3104,Alcan,Alaska,US-Canada Border,2023-05-01,62.614961,-141.001444,0,714
3104,Alcan,Alaska,US-Canada Border,2023-06-01,62.614961,-141.001444,0,667
3104,Alcan,Alaska,US-Canada Border,2023-07-01,62.614961,-141.001444,0,670
3104,Alcan,Alaska,US-Canada Border,2023-08-01,62.614961,-141.001444,0,443
3104,Alcan,Alaska,US-Canada Border,2023-09-01,62.614961,-141.001444,0,612
3104,Alcan,Alaska,US-Canada Border,2023-10-01,62.614961,-141.001444,0,546
3104,Alcan,Alaska,US-Canada Border,2023-11-01,62.614961,-141.001444,0,564
3104,Alcan,Alaska,US-Canada Border,2023-12-01,62.614961,-141.001444,0,440
3104,Alcan,Alaska,US-Canada Border,2024-01-01,62.614961,-141.001444,0,557
3104,Alcan,Alaska,US-Canada Border,2024-02-01,62.614961,-141.001444,0,580
3104,Alcan,Alaska,US-Canada Border,2024-03-01,62.614961,-141.001444,0,665
3104,Alcan,Alaska,US-Canada Border,2024-04-01,62.614961,-141.001444,0,614
3104,Alcan,Alaska,US-Canada Border,2024-05-01,62.614961,-141.001444,0,986
3104,Alcan,Alaska,US-Canada Border,2024-06-01,62.614961,-141.001444,0,949
3104,Alcan,Alaska,US-Canada Border,2024-07-01,62.614961,-141.001444,0,824
3104,Alcan,Alaska,US-Canada Border,2024-08-01,62.614961,-141.001444,0,823
3104,Alcan,Alaska,US-Canada Border,2024-09-01,62.614961,-141.001444,0,750
3104,Alcan,Alaska,US-Canada Border,2024-10-01,62.614961,-141.001444,0,642
3104,Alcan,Alaska,US-Canada Border,2024-11-01,62.614961,-141.001444,0,615
3104,Alcan,Alaska,US-Canada Border,2024-12-01,62.614961,-141.001444,0,565
3106,Dalton Cache,Alaska,US-Canada Border,2018-01-01,59.450556,-136.361944,0,114
3106,Dalton Cache,Alaska,US-Canada Border,2018-02-01,59.450556,-136.361944,0,124
3106,Dalton Cache,Alaska,US-Canada Border,2018-03-01,59.450556,-136.361944,0,156
3106,Dalton Cache,Alaska,US-Canada Border,2018-04-01,59.450556,-136.361944,0,107
3106,Dalton Cache,Alaska,US-Canada Border,2018-05-01,59.450556,-136.361944,0,123
3106,Dalton Cache,Alaska,US-Canada Border,2018-06-01,59.450556,-136.361944,0,136
3106,Dalton Cache,Alaska,US-Canada Border,2018-07-01,59.450556,-136.361944,0,139
3106,Dalton Cache,Alaska,US-Canada Border,2018-08-01,59.450556,-136.361944,0,101
3106,Dalton Cache,Alaska,US-Canada Border,2018-09-01,59.450556,-136.361944,0,91
3106,Dalton Cache,Alaska,US-Canada Border,2018-10-01,59.450556,-136.361944,0,87
3106,Dalton Cache,Alaska,US-Canada Border,2018-11-01,59.450556,-136.361944,0,119
3106,Dalton Cache,Alaska,US-Canada Border,2018-12-01,59.450556,-136.361944,0,88
3106,Dalton Cache,Alaska,US-Canada Border,2019-01-01,59.450556,-136.361944,0,68
3106,Dalton Cache,Alaska,US-Canada Border,2019-02-01,59.450556,-136.361944,0,73
3106,Dalton Cache,Alaska,US-Canada Border,2019-03-01,59.450556,-136.361944,0,77
3106,Dalton Cache,Alaska,US-Canada Border,2019-04-01,59.450556,-136.361944,0,73
3106,Dalton Cache,Alaska,US-Canada Border,2019-05-01,59.450556,-136.361944,0,104
3106,Dalton Cache,Alaska,US-Canada Border,2019-06-01,59.450556,-136.361944,0,125
3106,Dalton Cache,Alaska,US-Canada Border,2019-07-01,59.450556,-136.361944,0,141
3106,Dalton Cache,Alaska,US-Canada Border,2019-08-01,59.450556,-136.361944,0,109
3106,Dalton Cache,Alaska,US-Canada Border,2019-09-01,59.450556,-136.361944,0,94
3106,Dalton Cache,Alaska,US-Canada Border,2019-10-01,59.450556,-136.361944,0,78
3106,Dalton Cache,Alaska,US-Canada Border,2019-11-01,59.450556,-136.361944,0,60
3106,Dalton Cache,Alaska,US-Canada Border,2019-12-01,59.450556,-136.361944,0,84
3106,Dalton Cache,Alaska,US-Canada Border,2020-01-01,59.450556,-136.361944,0,71
3106,Dalton Cache,Alaska,US-Canada Border,2020-02-01,59.450556,-136.361944,0,76
3106,Dalton Cache,Alaska,US-Canada Border,2020-03-01,59.450556,-136.361944,0,88
3106,Dalton Cache,Alaska,US-Canada Border,2020-04-01,59.450556,-136.361944,0,94
3106,Dalton Cache,Alaska,US-Canada Border,2020-05-01,59.450556,-136.361944,0,55
3106,Dalton Cache,Alaska,US-Canada Border,2020-06-01,59.450556,-136.361944,0,111
3106,Dalton Cache,Alaska,US-Canada Border,2020-07-01,59.450556,-136.361944,0,97
3106,Dalton Cache,Alaska,US-Canada Border,2020-08-01,59.450556,-136.361944,0,121
3106,Dalton Cache,Alaska,US-Canada Border,2020-09-01,59.450556,-136.361944,0,79
3106,Dalton Cache,Alaska,US-Canada Border,2020-10-01,59.450556,-136.361944,0,96
3106,Dalton Cache,Alaska,US-Canada Border,2020-11-01,59.450556,-136.361944,0,83
3106,Dalton Cache,Alaska,US-Canada Border,2020-12-01,59.450556,-136.361944,0,66
3106,Dalton Cache,Alaska,US-Canada Border,2021-01-01,59.450556,-136.361944,0,60
3106,Dalton Cache,Alaska,US-Canada Border,2021-02-01,59.450556,-136.361944,0,59
3106,Dalton Cache,Alaska,US-Canada Border,2021-03-01,59.450556,-136.361944,0,80
3106,Dalton Cache,Alaska,US-Canada Border,2021-04-01,59.450556,-136.361944,0,88
3106,Dalton Cache,Alaska,US-Canada Border,2021-05-01,59.450556,-136.361944,0,93
3106,Dalton Cache,Alaska,US-Canada Border,2021-06-01,59.450556,-136.361944,0,131
3106,Dalton Cache,Alaska,US-Canada Border,2021-07-01,59.450556,-136.361944,0,140
3106,Dalton Cache,Alaska,US-Canada Border,2021-08-01,59.450556,-136.361944,0,140
3106,Dalton Cache,Alaska,US-Canada Border,2021-09-01,59.450556,-136.361944,0,98
3106,Dalton Cache,Alaska,US-Canada Border,2021-10-01,59.450556,-136.361944,0,99
3106,Dalton Cache,Alaska,US-Canada Border,2021-11-01,59.450556,-136.361944,0,92
3106,Dalton Cache,Alaska,US-Canada Border,2021-12-01,59.450556,-136.361944,0,73
3106,Dalton Cache,Alaska,US-Canada Border,2022-01-01,59.450556,-136.361944,0,77
3106,Dalton Cache,Alaska,US-Canada Border,2022-02-01,59.450556,-136.361944,0,68
3106,Dalton Cache,Alaska,US-Canada Border,2022-03-01,59.450556,-136.361944,0,117
3106,Dalton Cache,Alaska,US-Canada Border,2022-04-01,59.450556,-136.361944,0,98
3106,Dalton Cache,Alaska,US-Canada Border,2022-05-01,59.450556,-136.361944,0,119
3106,Dalton Cache,Alaska,US-Canada Border,2022-06-01,59.450556,-136.361944,0,114
3106,Dalton Cache,Alaska,US-Canada Border,2022-07-01,59.450556,-136.361944,0,131
3106,Dalton Cache,Alaska,US-Canada Border,2022-08-01,59.450556,-136.361944,0,102
3106,Dalton Cache,Alaska,US-Canada Border,2022-09-01,59.450556,-136.361944,0,92
3106,Dalton Cache,Alaska,US-Canada Border,2022-10-01,59.450556,-136.361944,0,89
3106,Dalton Cache,Alaska,US-Canada Border,2022-11-01,59.450556,-136.361944,0,74
3106,Dalton Cache,Alaska,US-Canada Border,2022-12-01,59.450556,-136.361944,0,66
3106,Dalton Cache,Alaska,US-Canada Border,2023-01-01,59.450556,-136.361944,0,73
3106,Dalton Cache,Alaska,US-Canada Border,2023-02-01,59.450556,-136.361944,0,53
3106,Dalton Cache,Alaska,US-Canada Border,2023-03-01,59.450556,-136.361944,0,60
3106,Dalton Cache,Alaska,US-Canada Border,2023-04-01,59.450556,-136.361944,0,84
3106,Dalton Cache,Alaska,US-Canada Border,2023-05-01,59.450556,-136.361944,0,114
3106,Dalton Cache,Alaska,US-Canada Border,2023-06-01,59.450556,-136.361944,0,86
3106,Dalton Cache,Alaska,US-Canada Border,2023-07-01,59.450556,-136.361944,0,126
3106,Dalton Cache,Alaska,US-Canada Border,2023-08-01,59.450556,-136.361944,0,151
3106,Dalton Cache,Alaska,US-Canada Border,2023-09-01,59.450556,-136.361944,0,90
3106,Dalton Cache,Alaska,US-Canada Border,2023-10-01,59.450556,-136.361944,0,71
3106,Dalton Cache,Alaska,US-Canada Border,2023-11-01,59.450556,-136.361944,0,35
3106,Dalton Cache,Alaska,US-Canada Border,2023-12-01,59.450556,-136.361944,0,37
3106,Dalton Cache,Alaska,US-Canada Border,2024-01-01,59.450556,-136.361944,0,46
3106,Dalton Cache,Alaska,US-Canada Border,2024-02-01,59.450556,-136.361944,0,45
3106,Dalton Cache,Alaska,US-Canada Border,2024-03-01,59.450556,-136.361944,0,50
3106,Dalton Cache,Alaska,US-Canada Border,2024-04-01,59.450556,-136.361944,0,73
3106,Dalton Cache,Alaska,US-Canada Border,2024-05-01,59.450556,-136.361944,0,83
3106,Dalton Cache,Alaska,US-Canada Border,2024-06-01,59.450556,-136.361944,0,96
3106,Dalton Cache,Alaska,US-Canada Border,2024-07-01,59.450556,-136.361944,0,121
3106,Dalton Cache,Alaska,US-Canada Border,2024-08-01,59.450556,-136.361944,0,62
3106,Dalton Cache,Alaska,US-Canada Border,2024-09-01,59.450556,-136.361944,0,76
3106,Dalton Cache,Alaska,US-Canada Border,2024-10-01,59.450556,-136.361944,0,69
3106,Dalton Cache,Alaska,US-Canada Border,2024-11-01,59.450556,-136.361944,0,77
3106,Dalton Cache,Alaska,US-Canada Border,2024-12-01,59.450556,-136.361944,0,73
3301,Raymond,Montana,US-Canada Border,2018-01-01,48.999194,-104.574333,0,1656
3301,Raymond,Montana,US-Canada Border,2018-02-01,48.999194,-104.574333,0,1445
3301,Raymond,Montana,US-Canada Border,2018-03-01,48.999194,-104.574333,0,1419
3301,Raymond,Montana,US-Canada Border,2018-04-01,48.999194,-104.574333,0,1664
3301,Raymond,Montana,US-Canada Border,2018-05-01,48.999194,-104.574333,0,1872
3301,Raymond,Montana,US-Canada Border,2018-06-01,48.999194,-104.574333,0,1331
3301,Raymond,Montana,US-Canada Border,2018-07-01,48.999194,-104.574333,0,1289
3301,Raymond,Montana,US-Canada Border,2018-08-01,48.999194,-104.574333,0,1391
3301,Raymond,Montana,US-Canada Border,2018-09-01,48.999194,-104.574333,0,1269
3301,Raymond,Montana,US-Canada Border,2018-10-01,48.999194,-104.574333,0,1533
3301,Raymond,Montana,US-Canada Border,2018-11-01,48.999194,-104.574333,0,1491
3301,Raymond,Montana,US-Canada Border,2018-12-01,48.999194,-104.574333,0,1327
3301,Raymond,Montana,US-Canada Border,2019-01-01,48.999194,-104.574333,0,1690
3301,Raymond,Montana,US-Canada Border,2019-02-01,48.999194,-104.574333,0,1303
3301,Raymond,Montana,US-Canada Border,2019-03-01,48.999194,-104.574333,0,1538
3301,Raymond,Montana,US-Canada Border,2019-04-01,48.999194,-104.574333,0,1856
3301,Raymond,Montana,US-Canada Border,2019-05-01,48.999194,-104.574333,0,1914
3301,Raymond,Montana,US-Canada Border,2019-06-01,48.999194,-104.574333,0,1275
3301,Raymond,Montana,US-Canada Border,2019-07-01,48.999194,-104.574333,0,1485
3301,Raymond,Montana,US-Canada Border,2019-08-01,48.999194,-104.574333,0,1507
3301,Raymond,Montana,US-Canada Border,2019-09-01,48.999194,-104.574333,0,1435
3301,Raymond,Montana,US-Canada Border,2019-10-01,48.999194,-104.574333,0,1574
3301,Raymond,Montana,US-Canada Border,2019-11-01,48.999194,-104.574333,0,1507
3301,Raymond,Montana,US-Canada Border,2019-12-01,48.999194,-104.574333,0,1652
3301,Raymond,Montana,US-Canada Border,2020-01-01,48.999194,-104.574333,0,1998
3301,Raymond,Montana,US-Canada Border,2020-02-01,48.999194,-104.574333,0,1594
3301,Raymond,Montana,US-Canada Border,2020-03-01,48.999194,-104.574333,0,1912
3301,Raymond,Montana,US-Canada Border,2020-04-01,48.999194,-104.574333,0,1806
3301,Raymond,Montana,US-Canada Border,2020-05-01,48.999194,-104.574333,0,1548
3301,Raymond,Montana,US-Canada Border,2020-06-01,48.999194,-104.574333,0,1203
3301,Raymond,Montana,US-Canada Border,2020-07-01,48.999194,-104.574333,0,1326
3301,Raymond,Montana,US-Canada Border,2020-08-01,48.999194,-104.574333,0,1330
3301,Raymond,Montana,US-Canada Border,2020-09-01,48.999194,-104.574333,0,1285
3301,Raymond,Montana,US-Canada Border,2020-10-01,48.999194,-104.574333,0,1186
3301,Raymond,Montana,US-Canada Border,2020-11-01,48.999194,-104.574333,0,996
3301,Raymond,Montana,US-Canada Border,2020-12-01,48.999194,-104.574333,0,1040
3301,Raymond,Montana,US-Canada Border,2021-01-01,48.999194,-104.574333,0,1265
3301,Raymond,Montana,US-Canada Border,2021-02-01,48.999194,-104.574333,0,1140
3301,Raymond,Montana,US-Canada Border,2021-03-01,48.999194,-104.574333,0,1482
3301,Raymond,Montana,US-Canada Border,2021-04-01,48.999194,-104.574333,0,1497
3301,Raymond,Montana,US-Canada Border,2021-05-01,48.999194,-104.574333,0,1467
3301,Raymond,Montana,US-Canada Border,2021-06-01,48.999194,-104.574333,0,1382
3301,Raymond,Montana,US-Canada Border,2021-07-01,48.999194,-104.574333,0,1349
3301,Raymond,Montana,US-Canada Border,2021-08-01,48.999194,-104.574333,0,1444
3301,Raymond,Montana,US-Canada Border,2021-09-01,48.999194,-104.574333,0,1408
3301,Raymond,Montana,US-Canada Border,2021-10-01,48.999194,-104.574333,0,1420
3301,Raymond,Montana,US-Canada Border,2021-11-01,48.999194,-104.574333,0,1428
3301,Raymond,Montana,US-Canada Border,2021-12-01,48.999194,-104.574333,0,1342
3301,Raymond,Montana,US-Canada Border,2022-01-01,48.999194,-104.574333,0,1103
3301,Raymond,Montana,US-Canada Border,2022-02-01,48.999194,-104.574333,0,1322
3301,Raymond,Montana,US-Canada Border,2022-03-01,48.999194,-104.574333,0,1320
3301,Raymond,Montana,US-Canada Border,2022-04-01,48.999194,-104.574333,0,1270
3301,Raymond,Montana,US-Canada Border,2022-05-01,48.999194,-104.574333,0,1668
3301,Raymond,Montana,US-Canada Border,2022-06-01,48.999194,-104.574333,0,1314
3301,Raymond,Montana,US-Canada Border,2022-07-01,48.999194,-104.574333,0,1134
3301,Raymond,Montana,US-Canada Border,2022-08-01,48.999194,-104.574333,0,1266
3301,Raymond,Montana,US-Canada Border,2022-09-01,48.999194,-104.574333,0,1110
3301,Raymond,Montana,US-Canada Border,2022-10-01,48.999194,-104.574333,0,1056
3301,Raymond,Montana,US-Canada Border,2022-11-01,48.999194,-104.574333,0,1092
3301,Raymond,Montana,US-Canada Border,2022-12-01,48.999194,-104.574333,0,929
3301,Raymond,Montana,US-Canada Border,2023-01-01,48.999194,-104.574333,0,1352
3301,Raymond,Montana,US-Canada Border,2023-02-01,48.999194,-104.574333,0,1171
3301,Raymond,Montana,US-Canada Border,2023-03-01,48.999194,-104.574333,0,1488
3301,Raymond,Montana,US-Canada Border,2023-04-01,48.999194,-104.574333,0,1202
3301,Raymond,Montana,US-Canada Border,2023-05-01,48.999194,-104.574333,0,1710
3301,Raymond,Montana,US-Canada Border,2023-06-01,48.999194,-104.574333,0,1201
3301,Raymond,Montana,US-Canada Border,2023-07-01,48.999194,-104.574333,0,933
3301,Raymond,Montana,US-Canada Border,2023-08-01,48.999194,-104.574333,0,1169
3301,Raymond,Montana,US-Canada Border,2023-09-01,48.999194,-104.574333,0,1352
3301,Raymond,Montana,US-Canada Border,2023-10-01,48.999194,-104.574333,0,1223
3301,Raymond,Montana,US-Canada Border,2023-11-01,48.999194,-104.574333,0,1397
3301,Raymond,Montana,US-Canada Border,2023-12-01,48.999194,-104.574333,0,1081
3301,Raymond,Montana,US-Canada Border,2024-01-01,48.999194,-104.574333,0,1331
3301,Raymond,Montana,US-Canada Border,2024-02-01,48.999194,-104.574333,0,1049
3301,Raymond,Montana,US-Canada Border,2024-03-01,48.999194,-104.574333,0,1216
3301,Raymond,Montana,US-Canada Border,2024-04-01,48.999194,-104.574333,0,1606
3301,Raymond,Montana,US-Canada Border,2024-05-01,48.999194,-104.574333,0,1389
3301,Raymond,Montana,US-Canada Border,2024-06-01,48.999194,-104.574333,0,1224
3301,Raymond,Montana,US-Canada Border,2024-07-01,48.999194,-104.574333,0,1227
3301,Raymond,Montana,US-Canada Border,2024-08-01,48.999194,-104.574333,0,1521
3301,Raymond,Montana,US-Canada Border,2024-09-01,48.999194,-104.574333,0,1284
3301,Raymond,Montana,US-Canada Border,2024-10-01,48.999194,-104.574333,0,1490
3301,Raymond,Montana,US-Canada Border,2024-11-01,48.999194,-104.574333,0,1094
3301,Raymond,Montana,US-Canada Border,2024-12-01,48.999194,-104.574333,0,992
3302,Eastport,Idaho,US-Canada Border,2018-01-01,49.000555,-116.181027,108,4128
3302,Eastport,Idaho,US-Canada Border,2018-02-01,49.000555,-116.181027,96,3905
3302,Eastport,Idaho,US-Canada Border,2018-03-01,49.000555,-116.181027,106,4950
3302,Eastport,Idaho,US-Canada Border,2018-04-01,49.000555,-116.181027,106,4710
3302,Eastport,Idaho,US-Canada Border,2018-05-01,49.000555,-116.181027,105,4951
3302,Eastport,Idaho,US-Canada Border,2018-06-01,49.000555,-116.181027,97,4629
3302,Eastport,Idaho,US-Canada Border,2018-07-01,49.000555,-116.181027,97,4824
3302,Eastport,Idaho,US-Canada Border,2018-08-01,49.000555,-116.181027,96,4678
3302,Eastport,Idaho,US-Canada Border,2018-09-01,49.000555,-116.181027,85,4568
3302,Eastport,Idaho,US-Canada Border,2018-10-01,49.000555,-116.181027,105,4952
3302,Eastport,Idaho,US-Canada Border,2018-11-01,49.000555,-116.181027,96,4308
3302,Eastport,Idaho,US-Canada Border,2018-12-01,49.000555,-116.181027,110,3481
3302,Eastport,Idaho,US-Canada Border,2019-01-01,49.000555,-116.181027,118,4441
3302,Eastport,Idaho,US-Canada Border,2019-02-01,49.000555,-116.181027,74,3975
3302,Eastport,Idaho,US-Canada Border,2019-03-01,49.000555,-116.181027,101,4878
3302,Eastport,Idaho,US-Canada Border,2019-04-01,49.000555,-116.181027,109,5144
3302,Eastport,Idaho,US-Canada Border,2019-05-01,49.000555,-116.181027,103,4928
3302,Eastport,Idaho,US-Canada Border,2019-06-01,49.000555,-116.181027,95,4716
3302,Eastport,Idaho,US-Canada Border,2019-07-01,49.000555,-116.181027,94,4736
3302,Eastport,Idaho,US-Canada Border,2019-08-01,49.000555,-116.181027,83,4584
3302,Eastport,Idaho,US-Canada Border,2019-09-01,49.000555,-116.181027,74,4644
3302,Eastport,Idaho,US-Canada Border,2019-10-01,49.000555,-116.181027,83,4772
3302,Eastport,Idaho,US-Canada Border,2019-11-01,49.000555,-116.181027,118,4367
3302,Eastport,Idaho,US-Canada Border,2019-12-01,49.000555,-116.181027,93,3851
3302,Eastport,Idaho,US-Canada Border,2020-01-01,49.000555,-116.181027,94,4615
3302,Eastport,Idaho,US-Canada Border,2020-02-01,49.000555,-116.181027,85,4487
3302,Eastport,Idaho,US-Canada Border,2020-03-01,49.000555,-116.181027,85,5299
3302,Eastport,Idaho,US-Canada Border,2020-04-01,49.000555,-116.181027,89,4027
3302,Eastport,Idaho,US-Canada Border,2020-05-01,49.000555,-116.181027,73,4464
3302,Eastport,Idaho,US-Canada Border,2020-06-01,49.000555,-116.181027,73,5198
3302,Eastport,Idaho,US-Canada Border,2020-07-01,49.000555,-116.181027,62,5278
3302,Eastport,Idaho,US-Canada Border,2020-08-01,49.000555,-116.181027,82,5291
3302,Eastport,Idaho,US-Canada Border,2020-09-01,49.000555,-116.181027,99,4958
3302,Eastport,Idaho,US-Canada Border,2020-10-01,49.000555,-116.181027,105,4844
3302,Eastport,Idaho,US-Canada Border,2020-11-01,49.000555,-116.181027,101,4539
3302,Eastport,Idaho,US-Canada Border,2020-12-01,49.000555,-116.181027,100,4120
3302,Eastport,Idaho,US-Canada Border,2021-01-01,49.000555,-116.181027,91,4500
3302,Eastport,Idaho,US-Canada Border,2021-02-01,49.000555,-116.181027,78,4335
3302,Eastport,Idaho,US-Canada Border,2021-03-01,49.000555,-116.181027,93,5455
3302,Eastport,Idaho,US-Canada Border,2021-04-01,49.000555,-116.181027,86,5361
3302,Eastport,Idaho,US-Canada Border,2021-05-01,49.000555,-116.181027,92,5045
3302,Eastport,Idaho,US-Canada Border,2021-06-01,49.000555,-116.181027,78,5108
3302,Eastport,Idaho,US-Canada Border,2021-07-01,49.000555,-116.181027,80,4778
3302,Eastport,Idaho,US-Canada Border,2021-08-01,49.000555,-116.181027,76,4907
3302,Eastport,Idaho,US-Canada Border,2021-09-01,49.000555,-116.181027,83,4907
3302,Eastport,Idaho,US-Canada Border,2021-10-01,49.000555,-116.181027,112,4824
3302,Eastport,Idaho,US-Canada Border,2021-11-01,49.000555,-116.181027,102,5788
3302,Eastport,Idaho,US-Canada Border,2021-12-01,49.000555,-116.181027,89,5920
3302,Eastport,Idaho,US-Canada Border,2022-01-01,49.000555,-116.181027,76,4262
3302,Eastport,Idaho,US-Canada Border,2022-02-01,49.000555,-116.181027,71,4709
3302,Eastport,Idaho,US-Canada Border,2022-03-01,49.000555,-116.181027,77,5289
3302,Eastport,Idaho,US-Canada Border,2022-04-01,49.000555,-116.181027,96,4434
3302,Eastport,Idaho,US-Canada Border,2022-05-01,49.000555,-116.181027,90,5043
3302,Eastport,Idaho,US-Canada Border,2022-06-01,49.000555,-116.181027,76,4715
3302,Eastport,Idaho,US-Canada Border,2022-07-01,49.000555,-116.181027,66,4576
3302,Eastport,Idaho,US-Canada Border,2022-08-01,49.000555,-116.181027,64,4984
3302,Eastport,Idaho,US-Canada Border,2022-09-01,49.000555,-116.181027,62,4475
3302,Eastport,Idaho,US-Canada Border,2022-10-01,49.000555,-116.181027,103,4608
3302,Eastport,Idaho,US-Canada Border,2022-11-01,49.000555,-116.181027,101,4085
3302,Eastport,Idaho,US-Canada Border,2022-12-01,49.000555,-116.181027,91,3439
3302,Eastport,Idaho,US-Canada Border,2023-01-01,49.000555,-116.181027,101,4387
3302,Eastport,Idaho,US-Canada Border,2023-02-01,49.000555,-116.181027,81,3920
3302,Eastport,Idaho,US-Canada Border,2023-03-01,49.000555,-116.181027,71,4900
3302,Eastport,Idaho,US-Canada Border,2023-04-01,49.000555,-116.181027,88,4221
3302,Eastport,Idaho,US-Canada Border,2023-05-01,49.000555,-116.181027,72,4659
3302,Eastport,Idaho,US-Canada Border,2023-06-01,49.000555,-116.181027,45,4488
3302,Eastport,Idaho,US-Canada Border,2023-07-01,49.000555,-116.181027,56,4595
3302,Eastport,Idaho,US-Canada Border,2023-08-01,49.000555,-116.181027,49,4263
3302,Eastport,Idaho,US-Canada Border,2023-09-01,49.000555,-116.181027,57,4114
3302,Eastport,Idaho,US-Canada Border,2023-10-01,49.000555,-116.181027,102,4182
3302,Eastport,Idaho,US-Canada Border,2023-11-01,49.000555,-116.181027,87,3999
3302,Eastport,Idaho,US-Canada Border,2023-12-01,49.000555,-116.181027,97,3301
3302,Eastport,Idaho,US-Canada Border,2024-01-01,49.000555,-116.181027,94,3915
3302,Eastport,Idaho,US-Canada Border,2024-02-01,49.000555,-116.181027,102,3905
3302,Eastport,Idaho,US-Canada Border,2024-03-01,49.000555,-116.181027,113,4367
3302,Eastport,Idaho,US-Canada Border,2024-04-01,49.000555,-116.181027,114,4696
3302,Eastport,Idaho,US-Canada Border,2024-05-01,49.000555,-116.181027,105,4582
3302,Eastport,Idaho,US-Canada Border,2024-06-01,49.000555,-116.181027,85,4536
3302,Eastport,Idaho,US-Canada Border,2024-07-01,49.000555,-116.181027,78,4879
3302,Eastport,Idaho,US-Canada Border,2024-08-01,49.000555,-116.181027,51,4729
3302,Eastport,Idaho,US-Canada Border,2024-09-01,49.000555,-116.181027,57,4747
3302,Eastport,Idaho,US-Canada Border,2024-10-01,49.000555,-116.181027,114,4723
3302,Eastport,Idaho,US-Canada Border,2024-11-01,49.000555,-116.181027,118,3849
3302,Eastport,Idaho,US-Canada Border,2024-12-01,49.000555,-116.181027,104,3589
3306,Turner,Montana,US-Canada Border,2018-01-01,48.999527,-108.387916,0,30
3306,Turner,Montana,US-Canada Border,2018-02-01,48.999527,-108.387916,0,24
3306,Turner,Montana,US-Canada Border,2018-03-01,48.999527,-108.387916,0,13
3306,Turner,Montana,US-Canada Border,2018-04-01,48.999527,-108.387916,0,34
3306,Turner,Montana,US-Canada Border,2018-05-01,48.999527,-108.387916,0,48
3306,Turner,Montana,US-Canada Border,2018-06-01,48.999527,-108.387916,0,31
3306,Turner,Montana,US-Canada Border,2018-07-01,48.999527,-108.387916,0,32
3306,Turner,Montana,US-Canada Border,2018-08-01,48.999527,-108.387916,0,46
3306,Turner,Montana,US-Canada Border,2018-09-01,48.999527,-108.387916,0,39
3306,Turner,Montana,US-Canada Border,2018-10-01,48.999527,-108.387916,0,46
3306,Turner,Montana,US-Canada Border,2018-11-01,48.999527,-108.387916,0,23
3306,Turner,Montana,US-Canada Border,2018-12-01,48.999527,-108.387916,0,26
3306,Turner,Montana,US-Canada Border,2019-01-01,48.999527,-108.387916,0,22
3306,Turner,Montana,US-Canada Border,2019-02-01,48.999527,-108.387916,0,17
3306,Turner,Montana,US-Canada Border,2019-03-01,48.999527,-108.387916,0,35
3306,Turner,Montana,US-Canada Border,2019-04-01,48.999527,-108.387916,0,56
3306,Turner,Montana,US-Canada Border,2019-05-01,48.999527,-108.387916,0,44
3306,Turner,Montana,US-Canada Border,2019-06-01,48.999527,-108.387916,0,50
3306,Turner,Montana,US-Canada Border,2019-07-01,48.999527,-108.387916,0,97
3306,Turner,Montana,US-Canada Border,2019-08-01,48.999527,-108.387916,0,69
3306,Turner,Montana,US-Canada Border,2019-09-01,48.999527,-108.387916,0,62
3306,Turner,Montana,US-Canada Border,2019-10-01,48.999527,-108.387916,0,56
3306,Turner,Montana,US-Canada Border,2019-11-01,48.999527,-108.387916,0,15
3306,Turner,Montana,US-Canada Border,2019-12-01,48.999527,-108.387916,0,15
3306,Turner,Montana,US-Canada Border,2020-01-01,48.999527,-108.387916,0,17
3306,Turner,Montana,US-Canada Border,2020-02-01,48.999527,-108.387916,0,26
3306,Turner,Montana,US-Canada Border,2020-03-01,48.999527,-108.387916,0,17
3306,Turner,Montana,US-Canada Border,2020-04-01,48.999527,-108.387916,0,22
3306,Turner,Montana,US-Canada Border,2020-05-01,48.999527,-108.387916,0,6
3306,Turner,Montana,US-Canada Border,2020-06-01,48.999527,-108.387916,0,25
3306,Turner,Montana,US-Canada Border,2020-07-01,48.999527,-108.387916,0,34
3306,Turner,Montana,US-Canada Border,2020-08-01,48.999527,-108.387916,0,37
3306,Turner,Montana,US-Canada Border,2020-09-01,48.999527,-108.387916,0,36
3306,Turner,Montana,US-Canada Border,2020-10-01,48.999527,-108.387916,0,30
3306,Turner,Montana,US-Canada Border,2020-11-01,48.999527,-108.387916,0,24
3306,Turner,Montana,US-Canada Border,2020-12-01,48.999527,-108.387916,0,21
3306,Turner,Montana,US-Canada Border,2021-01-01,48.999527,-108.387916,0,14
3306,Turner,Montana,US-Canada Border,2021-02-01,48.999527,-108.387916,0,19
3306,Turner,Montana,US-Canada Border,2021-03-01,48.999527,-108.387916,0,86
3306,Turner,Montana,US-Canada Border,2021-04-01,48.999527,-108.387916,0,45
3306,Turner,Montana,US-Canada Border,2021-05-01,48.999527,-108.387916,0,36
3306,Turner,Montana,US-Canada Border,2021-06-01,48.999527,-108.387916,0,44
3306,Turner,Montana,US-Canada Border,2021-07-01,48.999527,-108.387916,0,54
3306,Turner,Montana,US-Canada Border,2021-08-01,48.999527,-108.387916,0,47
3306,Turner,Montana,US-Canada Border,2021-09-01,48.999527,-108.387916,0,51
3306,Turner,Montana,US-Canada Border,2021-10-01,48.999527,-108.387916,0,82
3306,Turner,Montana,US-Canada Border,2021-11-01,48.999527,-108.387916,0,34
3306,Turner,Montana,US-Canada Border,2021-12-01,48.999527,-108.387916,0,20
3306,Turner,Montana,US-Canada Border,2022-01-01,48.999527,-108.387916,0,17
3306,Turner,Montana,US-Canada Border,2022-02-01,48.999527,-108.387916,0,21
3306,Turner,Montana,US-Canada Border,2022-03-01,48.999527,-108.387916,0,32
3306,Turner,Montana,US-Canada Border,2022-04-01,48.999527,-108.387916,0,54
3306,Turner,Montana,US-Canada Border,2022-05-01,48.999527,-108.387916,0,54
3306,Turner,Montana,US-Canada Border,2022-06-01,48.999527,-108.387916,0,28
3306,Turner,Montana,US-Canada Border,2022-07-01,48.999527,-108.387916,0,30
3306,Turner,Montana,US-Canada Border,2022-08-01,48.999527,-108.387916,0,31
3306,Turner,Montana,US-Canada Border,2022-09-01,48.999527,-108.387916,0,52
3306,Turner,Montana,US-Canada Border,2022-10-01,48.999527,-108.387916,0,34
3306,Turner,Montana,US-Canada Border,2022-11-01,48.999527,-108.387916,0,34
3306,Turner,Montana,US-Canada Border,2022-12-01,48.999527,-108.387916,0,22
3306,Turner,Montana,US-Canada Border,2023-01-01,48.999527,-108.387916,0,37
3306,Turner,Montana,US-Canada Border,2023-02-01,48.999527,-108.387916,0,27
3306,Turner,Montana,US-Canada Border,2023-03-01,48.999527,-108.387916,0,43
3306,Turner,Montana,US-Canada Border,2023-04-01,48.999527,-108.387916,0,36
3306,Turner,Montana,US-Canada Border,2023-05-01,48.999527,-108.387916,0,30
3306,Turner,Montana,US-Canada Border,2023-06-01,48.999527,-108.387916,0,40
3306,Turner,Montana,US-Canada Border,2023-07-01,48.999527,-108.387916,0,35
3306,Turner,Montana,US-Canada Border,2023-08-01,48.999527,-108.387916,0,52
3306,Turner,Montana,US-Canada Border,2023-09-01,48.999527,-108.387916,0,39
3306,Turner,Montana,US-Canada Border,2023-10-01,48.999527,-108.387916,0,40
3306,Turner,Montana,US-Canada Border,2023-11-01,48.999527,-108.387916,0,49
3306,Turner,Montana,US-Canada Border,2023-12-01,48.999527,-108.387916,0,31
3306,Turner,Montana,US-Canada Border,2024-01-01,48.999527,-108.387916,0,44
3306,Turner,Montana,US-Canada Border,2024-02-01,48.999527,-108.387916,0,27
3306,Turner,Montana,US-Canada Border,2024-03-01,48.999527,-108.387916,0,49
3306,Turner,Montana,US-Canada Border,2024-04-01,48.999527,-108.387916,0,35
3306,Turner,Montana,US-Canada Border,2024-05-01,48.999527,-108.387916,0,31
3306,Turner,Montana,US-Canada Border,2024-06-01,48.999527,-108.387916,0,36
3306,Turner,Montana,US-Canada Border,2024-07-01,48.999527,-108.387916,0,101
3306,Turner,Montana,US-Canada Border,2024-08-01,48.999527,-108.387916,0,98
3306,Turner,Montana,US-Canada Border,2024-09-01,48.999527,-108.387916,0,46
3306,Turner,Montana,US-Canada Border,2024-10-01,48.999527,-108.387916,0,54
3306,Turner,Montana,US-Canada Border,2024-11-01,48.999527,-108.387916,0,54
3306,Turner,Montana,US-Canada Border,2024-12-01,48.999527,-108.387916,0,28
3308,Porthill,Idaho,US-Canada Border,2018-01-01,48.999861,-116.49925,0,393
3308,Porthill,Idaho,US-Canada Border,2018-02-01,48.999861,-116.49925,0,249
3308,Porthill,Idaho,US-Canada Border,2018-03-01,48.999861,-116.49925,0,327
3308,Porthill,Idaho,US-Canada Border,2018-04-01,48.999861,-116.49925,0,329
3308,Porthill,Idaho,US-Canada Border,2018-05-01,48.999861,-116.49925,0,291
3308,Porthill,Idaho,US-Canada Border,2018-06-01,48.999861,-116.49925,0,290
3308,Porthill,Idaho,US-Canada Border,2018-07-01,48.999861,-116.49925,0,262
3308,Porthill,Idaho,US-Canada Border,2018-08-01,48.999861,-116.49925,0,249
3308,Porthill,Idaho,US-Canada Border,2018-09-01,48.999861,-116.49925,0,231
3308,Porthill,Idaho,US-Canada Border,2018-10-01,48.999861,-116.49925,0,366
3308,Porthill,Idaho,US-Canada Border,2018-11-01,48.999861,-116.49925,0,373
3308,Porthill,Idaho,US-Canada Border,2018-12-01,48.999861,-116.49925,0,304
3308,Porthill,Idaho,US-Canada Border,2019-01-01,48.999861,-116.49925,0,390
3308,Porthill,Idaho,US-Canada Border,2019-02-01,48.999861,-116.49925,0,274
3308,Porthill,Idaho,US-Canada Border,2019-03-01,48.999861,-116.49925,0,310
3308,Porthill,Idaho,US-Canada Border,2019-04-01,48.999861,-116.49925,0,297
3308,Porthill,Idaho,US-Canada Border,2019-05-01,48.999861,-116.49925,0,293
3308,Porthill,Idaho,US-Canada Border,2019-06-01,48.999861,-116.49925,0,336
3308,Porthill,Idaho,US-Canada Border,2019-07-01,48.999861,-116.49925,0,233
3308,Porthill,Idaho,US-Canada Border,2019-08-01,48.999861,-116.49925,0,359
3308,Porthill,Idaho,US-Canada Border,2019-09-01,48.999861,-116.49925,0,323
3308,Porthill,Idaho,US-Canada Border,2019-10-01,48.999861,-116.49925,0,480
3308,Porthill,Idaho,US-Canada Border,2019-11-01,48.999861,-116.49925,0,248
3308,Porthill,Idaho,US-Canada Border,2019-12-01,48.999861,-116.49925,0,379
3308,Porthill,Idaho,US-Canada Border,2020-01-01,48.999861,-116.49925,0,392
3308,Porthill,Idaho,US-Canada Border,2020-02-01,48.999861,-116.49925,0,417
3308,Porthill,Idaho,US-Canada Border,2020-03-01,48.999861,-116.49925,0,248
3308,Porthill,Idaho,US-Canada Border,2020-04-01,48.999861,-116.49925,0,313
3308,Porthill,Idaho,US-Canada Border,2020-05-01,48.999861,-116.49925,0,235
3308,Porthill,Idaho,US-Canada Border,2020-06-01,48.999861,-116.49925,0,260
3308,Porthill,Idaho,US-Canada Border,2020-07-01,48.999861,-116.49925,0,212
3308,Porthill,Idaho,US-Canada Border,2020-08-01,48.999861,-116.49925,0,212
3308,Porthill,Idaho,US-Canada Border,2020-09-01,48.999861,-116.49925,0,222
3308,Porthill,Idaho,US-Canada Border,2020-10-01,48.999861,-116.49925,0,196
3308,Porthill,Idaho,US-Canada Border,2020-11-01,48.999861,-116.49925,0,208
3308,Porthill,Idaho,US-Canada Border,2020-12-01,48.999861,-116.49925,0,200
3308,Porthill,Idaho,US-Canada Border,2021-01-01,48.999861,-116.49925,0,170
3308,Porthill,Idaho,US-Canada Border,2021-02-01,48.999861,-116.49925,0,197
3308,Porthill,Idaho,US-Canada Border,2021-03-01,48.999861,-116.49925,0,269
3308,Porthill,Idaho,US-Canada Border,2021-04-01,48.999861,-116.49925,0,260
3308,Porthill,Idaho,US-Canada Border,2021-05-01,48.999861,-116.49925,0,218
3308,Porthill,Idaho,US-Canada Border,2021-06-01,48.999861,-116.49925,0,220
3308,Porthill,Idaho,US-Canada Border,2021-07-01,48.999861,-116.49925,0,166
3308,Porthill,Idaho,US-Canada Border,2021-08-01,48.999861,-116.49925,0,177
3308,Porthill,Idaho,US-Canada Border,2021-09-01,48.999861,-116.49925,0,154
3308,Porthill,Idaho,US-Canada Border,2021-10-01,48.999861,-116.49925,0,152
3308,Porthill,Idaho,US-Canada Border,2021-11-01,48.999861,-116.49925,0,155
3308,Porthill,Idaho,US-Canada Border,2021-12-01,48.999861,-116.49925,0,160
3308,Porthill,Idaho,US-Canada Border,2022-01-01,48.999861,-116.49925,0,120
3308,Porthill,Idaho,US-Canada Border,2022-02-01,48.999861,-116.49925,0,136
3308,Porthill,Idaho,US-Canada Border,2022-03-01,48.999861,-116.49925,0,153
3308,Porthill,Idaho,US-Canada Border,2022-04-01,48.999861,-116.49925,0,179
3308,Porthill,Idaho,US-Canada Border,2022-05-01,48.999861,-116.49925,0,172
3308,Porthill,Idaho,US-Canada Border,2022-06-01,48.999861,-116.49925,0,116
3308,Porthill,Idaho,US-Canada Border,2022-07-01,48.999861,-116.49925,0,167
3308,Porthill,Idaho,US-Canada Border,2022-08-01,48.999861,-116.49925,0,178
3308,Porthill,Idaho,US-Canada Border,2022-09-01,48.999861,-116.49925,0,147
3308,Porthill,Idaho,US-Canada Border,2022-10-01,48.999861,-116.49925,0,207
3308,Porthill,Idaho,US-Canada Border,2022-11-01,48.999861,-116.49925,0,91
3308,Porthill,Idaho,US-Canada Border,2022-12-01,48.999861,-116.49925,0,78
3308,Porthill,Idaho,US-Canada Border,2023-01-01,48.999861,-116.49925,0,173
3308,Porthill,Idaho,US-Canada Border,2023-02-01,48.999861,-116.49925,0,170
3308,Porthill,Idaho,US-Canada Border,2023-03-01,48.999861,-116.49925,0,252
3308,Porthill,Idaho,US-Canada Border,2023-04-01,48.999861,-116.49925,0,256
3308,Porthill,Idaho,US-Canada Border,2023-05-01,48.999861,-116.49925,0,241
3308,Porthill,Idaho,US-Canada Border,2023-06-01,48.999861,-116.49925,0,197
3308,Porthill,Idaho,US-Canada Border,2023-07-01,48.999861,-116.49925,0,203
3308,Porthill,Idaho,US-Canada Border,2023-08-01,48.999861,-116.49925,0,62
3308,Porthill,Idaho,US-Canada Border,2023-09-01,48.999861,-116.49925,0,122
3308,Porthill,Idaho,US-Canada Border,2023-10-01,48.999861,-116.49925,0,151
3308,Porthill,Idaho,US-Canada Border,2023-11-01,48.999861,-116.49925,0,180
3308,Porthill,Idaho,US-Canada Border,2023-12-01,48.999861,-116.49925,0,135
3308,Porthill,Idaho,US-Canada Border,2024-01-01,48.999861,-116.49925,0,97
3308,Porthill,Idaho,US-Canada Border,2024-02-01,48.999861,-116.49925,0,113
3308,Porthill,Idaho,US-Canada Border,2024-03-01,48.999861,-116.49925,0,120
3308,Porthill,Idaho,US-Canada Border,2024-04-01,48.999861,-116.49925,0,98
3308,Porthill,Idaho,US-Canada Border,2024-05-01,48.999861,-116.49925,0,126
3308,Porthill,Idaho,US-Canada Border,2024-06-01,48.999861,-116.49925,0,122
3308,Porthill,Idaho,US-Canada Border,2024-07-01,48.999861,-116.49925,0,97
3308,Porthill,Idaho,US-Canada Border,2024-08-01,48.999861,-116.49925,0,109
3308,Porthill,Idaho,US-Canada Border,2024-09-01,48.999861,-116.49925,0,139
3308,Porthill,Idaho,US-Canada Border,2024-10-01,48.999861,-116.49925,0,188
3308,Porthill,Idaho,US-Canada Border,2024-11-01,48.999861,-116.49925,0,150
3308,Porthill,Idaho,US-Canada Border,2024-12-01,48.999861,-116.49925,0,107
3309,Scobey,Montana,US-Canada Border,2018-01-01,48.999527,-105.407638,0,11
3309,Scobey,Montana,US-Canada Border,2018-02-01,48.999527,-105.407638,0,41
3309,Scobey,Montana,US-Canada Border,2018-03-01,48.999527,-105.407638,0,39
3309,Scobey,Montana,US-Canada Border,2018-04-01,48.999527,-105.407638,0,51
3309,Scobey,Montana,US-Canada Border,2018-05-01,48.999527,-105.407638,0,33
3309,Scobey,Montana,US-Canada Border,2018-06-01,48.999527,-105.407638,0,27
3309,Scobey,Montana,US-Canada Border,2018-07-01,48.999527,-105.407638,0,6
3309,Scobey,Montana,US-Canada Border,2018-08-01,48.999527,-105.407638,0,19
3309,Scobey,Montana,US-Canada Border,2018-09-01,48.999527,-105.407638,0,12
3309,Scobey,Montana,US-Canada Border,2018-10-01,48.999527,-105.407638,0,23
3309,Scobey,Montana,US-Canada Border,2018-11-01,48.999527,-105.407638,0,24
3309,Scobey,Montana,US-Canada Border,2018-12-01,48.999527,-105.407638,0,20
3309,Scobey,Montana,US-Canada Border,2019-01-01,48.999527,-105.407638,0,19
3309,Scobey,Montana,US-Canada Border,2019-02-01,48.999527,-105.407638,0,46
3309,Scobey,Montana,US-Canada Border,2019-03-01,48.999527,-105.407638,0,27
3309,Scobey,Montana,US-Canada Border,2019-04-01,48.999527,-105.407638,0,30
3309,Scobey,Montana,US-Canada Border,2019-05-01,48.999527,-105.407638,0,60
3309,Scobey,Montana,US-Canada Border,2019-06-01,48.999527,-105.407638,0,58
3309,Scobey,Montana,US-Canada Border,2019-07-01,48.999527,-105.407638,0,39
3309,Scobey,Montana,US-Canada Border,2019-08-01,48.999527,-105.407638,0,79
3309,Scobey,Montana,US-Canada Border,2019-09-01,48.999527,-105.407638,0,23
3309,Scobey,Montana,US-Canada Border,2019-10-01,48.999527,-105.407638,0,28
3309,Scobey,Montana,US-Canada Border,2019-11-01,48.999527,-105.407638,0,22
3309,Scobey,Montana,US-Canada Border,2019-12-01,48.999527,-105.407638,0,36
3309,Scobey,Montana,US-Canada Border,2020-01-01,48.999527,-105.407638,0,37
3309,Scobey,Montana,US-Canada Border,2020-02-01,48.999527,-105.407638,0,98
3309,Scobey,Montana,US-Canada Border,2020-03-01,48.999527,-105.407638,0,83
3309,Scobey,Montana,US-Canada Border,2020-04-01,48.999527,-105.407638,0,79
3309,Scobey,Montana,US-Canada Border,2020-05-01,48.999527,-105.407638,0,62
3309,Scobey,Montana,US-Canada Border,2020-06-01,48.999527,-105.407638,0,62
3309,Scobey,Montana,US-Canada Border,2020-07-01,48.999527,-105.407638,0,81
3309,Scobey,Montana,US-Canada Border,2020-08-01,48.999527,-105.407638,0,56
3309,Scobey,Montana,US-Canada Border,2020-09-01,48.999527,-105.407638,0,33
3309,Scobey,Montana,US-Canada Border,2020-10-01,48.999527,-105.407638,0,78
3309,Scobey,Montana,US-Canada Border,2020-11-01,48.999527,-105.407638,0,60
3309,Scobey,Montana,US-Canada Border,2020-12-01,48.999527,-105.407638,0,58
3309,Scobey,Montana,US-Canada Border,2021-01-01,48.999527,-105.407638,0,113
3309,Scobey,Montana,US-Canada Border,2021-02-01,48.999527,-105.407638,0,58
3309,Scobey,Montana,US-Canada Border,2021-03-01,48.999527,-105.407638,0,50
3309,Scobey,Montana,US-Canada Border,2021-04-01,48.999527,-105.407638,0,71
3309,Scobey,Montana,US-Canada Border,2021-05-01,48.999527,-105.407638,0,29
3309,Scobey,Montana,US-Canada Border,2021-06-01,48.999527,-105.407638,0,53
3309,Scobey,Montana,US-Canada Border,2021-07-01,48.999527,-105.407638,0,56
3309,Scobey,Montana,US-Canada Border,2021-08-01,48.999527,-105.407638,0,12
3309,Scobey,Montana,US-Canada Border,2021-09-01,48.999527,-105.407638,0,17
3309,Scobey,Montana,US-Canada Border,2021-10-01,48.999527,-105.407638,0,7
3309,Scobey,Montana,US-Canada Border,2021-11-01,48.999527,-105.407638,0,24
3309,Scobey,Montana,US-Canada Border,2021-12-01,48.999527,-105.407638,0,30
3309,Scobey,Montana,US-Canada Border,2022-01-01,48.999527,-105.407638,0,10
3309,Scobey,Montana,US-Canada Border,2022-02-01,48.999527,-105.407638,0,1
3309,Scobey,Montana,US-Canada Border,2022-03-01,48.999527,-105.407638,0,1
3309,Scobey,Montana,US-Canada Border,2022-04-01,48.999527,-105.407638,0,4
3309,Scobey,Montana,US-Canada Border,2022-05-01,48.999527,-105.407638,0,9
3309,Scobey,Montana,US-Canada Border,2022-06-01,48.999527,-105.407638,0,1
3309,Scobey,Montana,US-Canada Border,2022-08-01,48.999527,-105.407638,0,6
3309,Scobey,Montana,US-Canada Border,2022-09-01,48.999527,-105.407638,0,5
3309,Scobey,Montana,US-Canada Border,2022-10-01,48.999527,-105.407638,0,19
3309,Scobey,Montana,US-Canada Border,2022-11-01,48.999527,-105.407638,0,11
3309,Scobey,Montana,US-Canada Border,2022-12-01,48.999527,-105.407638,0,8
3309,Scobey,Montana,US-Canada Border,2023-01-01,48.999527,-105.407638,0,20
3309,Scobey,Montana,US-Canada Border,2023-02-01,48.999527,-105.407638,0,24
3309,Scobey,Montana,US-Canada Border,2023-03-01,48.999527,-105.407638,0,17
3309,Scobey,Montana,US-Canada Border,2023-04-01,48.999527,-105.407638,0,2
3309,Scobey,Montana,US-Canada Border,2023-05-01,48.999527,-105.407638,0,18
3309,Scobey,Montana,US-Canada Border,2023-06-01,48.999527,-105.407638,0,44
3309,Scobey,Montana,US-Canada Border,2023-07-01,48.999527,-105.407638,0,10
3309,Scobey,Montana,US-Canada Border,2023-08-01,48.999527,-105.407638,0,11
3309,Scobey,Montana,US-Canada Border,2023-09-01,48.999527,-105.407638,0,24
3309,Scobey,Montana,US-Canada Border,2023-10-01,48.999527,-105.407638,0,34
3309,Scobey,Montana,US-Canada Border,2023-11-01,48.999527,-105.407638,0,50
3309,Scobey,Montana,US-Canada Border,2023-12-01,48.999527,-105.407638,0,50
3309,Scobey,Montana,US-Canada Border,2024-01-01,48.999527,-105.407638,0,20
3309,Scobey,Montana,US-Canada Border,2024-02-01,48.999527,-105.407638,0,13
3309,Scobey,Montana,US-Canada Border,2024-03-01,48.999527,-105.407638,0,25
3309,Scobey,Montana,US-Canada Border,2024-04-01,48.999527,-105.407638,0,66
3309,Scobey,Montana,US-Canada Border,2024-05-01,48.999527,-105.407638,0,64
3309,Scobey,Montana,US-Canada Border,2024-06-01,48.999527,-105.407638,0,11
3309,Scobey,Montana,US-Canada Border,2024-07-01,48.999527,-105.407638,0,13
3309,Scobey,Montana,US-Canada Border,2024-08-01,48.999527,-105.407638,0,123
3309,Scobey,Montana,US-Canada Border,2024-09-01,48.999527,-105.407638,0,106
3309,Scobey,Montana,US-Canada Border,2024-10-01,48.999527,-105.407638,0,107
3309,Scobey,Montana,US-Canada Border,2024-11-01,48.999527,-105.407638,0,34
3309,Scobey,Montana,US-Canada Border,2024-12-01,48.999527,-105.407638,0,30
3310,Sweetgrass,Montana,US-Canada Border,2018-01-01,48.998388,-111.959611,23,10148
3310,Sweetgrass,Montana,US-Canada Border,2018-02-01,48.998388,-111.959611,23,9001
3310,Sweetgrass,Montana,US-Canada Border,2018-03-01,48.998388,-111.959611,29,10389
3310,Sweetgrass,Montana,US-Canada Border,2018-04-01,48.998388,-111.959611,27,11067
3310,Sweetgrass,Montana,US-Canada Border,2018-05-01,48.998388,-111.959611,36,12359
3310,Sweetgrass,Montana,US-Canada Border,2018-06-01,48.998388,-111.959611,33,11692
3310,Sweetgrass,Montana,US-Canada Border,2018-07-01,48.998388,-111.959611,31,11390
3310,Sweetgrass,Montana,US-Canada Border,2018-08-01,48.998388,-111.959611,28,11255
3310,Sweetgrass,Montana,US-Canada Border,2018-09-01,48.998388,-111.959611,28,11093
3310,Sweetgrass,Montana,US-Canada Border,2018-10-01,48.998388,-111.959611,35,11681
3310,Sweetgrass,Montana,US-Canada Border,2018-11-01,48.998388,-111.959611,31,10593
3310,Sweetgrass,Montana,US-Canada Border,2018-12-01,48.998388,-111.959611,28,9816
3310,Sweetgrass,Montana,US-Canada Border,2019-01-01,48.998388,-111.959611,32,11571
3310,Sweetgrass,Montana,US-Canada Border,2019-02-01,48.998388,-111.959611,20,9952
3310,Sweetgrass,Montana,US-Canada Border,2019-03-01,48.998388,-111.959611,32,11916
3310,Sweetgrass,Montana,US-Canada Border,2019-04-01,48.998388,-111.959611,34,12239
3310,Sweetgrass,Montana,US-Canada Border,2019-05-01,48.998388,-111.959611,36,13613
3310,Sweetgrass,Montana,US-Canada Border,2019-06-01,48.998388,-111.959611,34,12788
3310,Sweetgrass,Montana,US-Canada Border,2019-07-01,48.998388,-111.959611,35,12304
3310,Sweetgrass,Montana,US-Canada Border,2019-08-01,48.998388,-111.959611,39,12013
3310,Sweetgrass,Montana,US-Canada Border,2019-09-01,48.998388,-111.959611,32,11710
3310,Sweetgrass,Montana,US-Canada Border,2019-10-01,48.998388,-111.959611,39,11857
3310,Sweetgrass,Montana,US-Canada Border,2019-11-01,48.998388,-111.959611,36,10625
3310,Sweetgrass,Montana,US-Canada Border,2019-12-01,48.998388,-111.959611,38,10215
3310,Sweetgrass,Montana,US-Canada Border,2020-01-01,48.998388,-111.959611,38,10781
3310,Sweetgrass,Montana,US-Canada Border,2020-02-01,48.998388,-111.959611,31,10580
3310,Sweetgrass,Montana,US-Canada Border,2020-03-01,48.998388,-111.959611,38,12034
3310,Sweetgrass,Montana,US-Canada Border,2020-04-01,48.998388,-111.959611,31,10118
3310,Sweetgrass,Montana,US-Canada Border,2020-05-01,48.998388,-111.959611,31,10685
3310,Sweetgrass,Montana,US-Canada Border,2020-06-01,48.998388,-111.959611,28,10930
3310,Sweetgrass,Montana,US-Canada Border,2020-07-01,48.998388,-111.959611,28,11040
3310,Sweetgrass,Montana,US-Canada Border,2020-08-01,48.998388,-111.959611,31,11290
3310,Sweetgrass,Montana,US-Canada Border,2020-09-01,48.998388,-111.959611,35,10992
3310,Sweetgrass,Montana,US-Canada Border,2020-10-01,48.998388,-111.959611,30,11606
3310,Sweetgrass,Montana,US-Canada Border,2020-11-01,48.998388,-111.959611,27,11414
3310,Sweetgrass,Montana,US-Canada Border,2020-12-01,48.998388,-111.959611,35,10533
3310,Sweetgrass,Montana,US-Canada Border,2021-01-01,48.998388,-111.959611,36,11673
3310,Sweetgrass,Montana,US-Canada Border,2021-02-01,48.998388,-111.959611,23,10364
3310,Sweetgrass,Montana,US-Canada Border,2021-03-01,48.998388,-111.959611,32,12924
3310,Sweetgrass,Montana,US-Canada Border,2021-04-01,48.998388,-111.959611,36,12774
3310,Sweetgrass,Montana,US-Canada Border,2021-05-01,48.998388,-111.959611,32,13377
3310,Sweetgrass,Montana,US-Canada Border,2021-06-01,48.998388,-111.959611,38,13521
3310,Sweetgrass,Montana,US-Canada Border,2021-07-01,48.998388,-111.959611,37,13118
3310,Sweetgrass,Montana,US-Canada Border,2021-08-01,48.998388,-111.959611,38,13306
3310,Sweetgrass,Montana,US-Canada Border,2021-09-01,48.998388,-111.959611,37,13179
3310,Sweetgrass,Montana,US-Canada Border,2021-10-01,48.998388,-111.959611,37,12980
3310,Sweetgrass,Montana,US-Canada Border,2021-11-01,48.998388,-111.959611,33,13285
3310,Sweetgrass,Montana,US-Canada Border,2021-12-01,48.998388,-111.959611,35,11641
3310,Sweetgrass,Montana,US-Canada Border,2022-01-01,48.998388,-111.959611,34,10830
3310,Sweetgrass,Montana,US-Canada Border,2022-02-01,48.998388,-111.959611,32,5662
3310,Sweetgrass,Montana,US-Canada Border,2022-03-01,48.998388,-111.959611,33,13007
3310,Sweetgrass,Montana,US-Canada Border,2022-04-01,48.998388,-111.959611,37,12836
3310,Sweetgrass,Montana,US-Canada Border,2022-05-01,48.998388,-111.959611,37,13138
3310,Sweetgrass,Montana,US-Canada Border,2022-06-01,48.998388,-111.959611,37,12649
3310,Sweetgrass,Montana,US-Canada Border,2022-07-01,48.998388,-111.959611,40,12312
3310,Sweetgrass,Montana,US-Canada Border,2022-08-01,48.998388,-111.959611,34,12817
3310,Sweetgrass,Montana,US-Canada Border,2022-09-01,48.998388,-111.959611,35,12092
3310,Sweetgrass,Montana,US-Canada Border,2022-10-01,48.998388,-111.959611,40,12463
3310,Sweetgrass,Montana,US-Canada Border,2022-11-01,48.998388,-111.959611,34,11694
3310,Sweetgrass,Montana,US-Canada Border,2022-12-01,48.998388,-111.959611,30,10474
3310,Sweetgrass,Montana,US-Canada Border,2023-01-01,48.998388,-111.959611,39,11627
3310,Sweetgrass,Montana,US-Canada Border,2023-02-01,48.998388,-111.959611,37,10486
3310,Sweetgrass,Montana,US-Canada Border,2023-03-01,48.998388,-111.959611,38,12755
3310,Sweetgrass,Montana,US-Canada Border,2023-04-01,48.998388,-111.959611,37,12261
3310,Sweetgrass,Montana,US-Canada Border,2023-05-01,48.998388,-111.959611,37,14032
3310,Sweetgrass,Montana,US-Canada Border,2023-06-01,48.998388,-111.959611,36,12905
3310,Sweetgrass,Montana,US-Canada Border,2023-07-01,48.998388,-111.959611,34,12685
3310,Sweetgrass,Montana,US-Canada Border,2023-08-01,48.998388,-111.959611,35,12827
3310,Sweetgrass,Montana,US-Canada Border,2023-09-01,48.998388,-111.959611,36,12654
3310,Sweetgrass,Montana,US-Canada Border,2023-10-01,48.998388,-111.959611,37,13072
3310,Sweetgrass,Montana,US-Canada Border,2023-11-01,48.998388,-111.959611,35,13130
3310,Sweetgrass,Montana,US-Canada Border,2023-12-01,48.998388,-111.959611,38,11986
3310,Sweetgrass,Montana,US-Canada Border,2024-01-01,48.998388,-111.959611,28,12434
3310,Sweetgrass,Montana,US-Canada Border,2024-02-01,48.998388,-111.959611,33,12212
3310,Sweetgrass,Montana,US-Canada Border,2024-03-01,48.998388,-111.959611,34,13642
3310,Sweetgrass,Montana,US-Canada Border,2024-04-01,48.998388,-111.959611,35,14135
3310,Sweetgrass,Montana,US-Canada Border,2024-05-01,48.998388,-111.959611,34,13416
3310,Sweetgrass,Montana,US-Canada Border,2024-06-01,48.998388,-111.959611,33,12932
3310,Sweetgrass,Montana,US-Canada Border,2024-07-01,48.998388,-111.959611,33,13160
3310,Sweetgrass,Montana,US-Canada Border,2024-08-01,48.998388,-111.959611,31,13285
3310,Sweetgrass,Montana,US-Canada Border,2024-09-01,48.998388,-111.959611,38,14146
3310,Sweetgrass,Montana,US-Canada Border,2024-10-01,48.998388,-111.959611,36,13835
3310,Sweetgrass,Montana,US-Canada Border,2024-11-01,48.998388,-111.959611,31,12703
3310,Sweetgrass,Montana,US-Canada Border,2024-12-01,48.998388,-111.959611,35,12437
3316,Piegan,Montana,US-Canada Border,2018-01-01,48.998083,-113.378777,0,188
3316,Piegan,Montana,US-Canada Border,2018-02-01,48.998083,-113.378777,0,84
3316,Piegan,Montana,US-Canada Border,2018-03-01,48.998083,-113.378777,0,130
3316,Piegan,Montana,US-Canada Border,2018-04-01,48.998083,-113.378777,0,173
3316,Piegan,Montana,US-Canada Border,2018-05-01,48.998083,-113.378777,0,216
3316,Piegan,Montana,US-Canada Border,2018-06-01,48.998083,-113.378777,0,152
3316,Piegan,Montana,US-Canada Border,2018-07-01,48.998083,-113.378777,0,234
3316,Piegan,Montana,US-Canada Border,2018-08-01,48.998083,-113.378777,0,214
3316,Piegan,Montana,US-Canada Border,2018-09-01,48.998083,-113.378777,0,216
3316,Piegan,Montana,US-Canada Border,2018-10-01,48.998083,-113.378777,0,179
3316,Piegan,Montana,US-Canada Border,2018-11-01,48.998083,-113.378777,0,208
3316,Piegan,Montana,US-Canada Border,2018-12-01,48.998083,-113.378777,0,193
3316,Piegan,Montana,US-Canada Border,2019-01-01,48.998083,-113.378777,0,219
3316,Piegan,Montana,US-Canada Border,2019-02-01,48.998083,-113.378777,0,152
3316,Piegan,Montana,US-Canada Border,2019-03-01,48.998083,-113.378777,0,184
3316,Piegan,Montana,US-Canada Border,2019-04-01,48.998083,-113.378777,0,116
3316,Piegan,Montana,US-Canada Border,2019-05-01,48.998083,-113.378777,0,178
3316,Piegan,Montana,US-Canada Border,2019-06-01,48.998083,-113.378777,0,174
3316,Piegan,Montana,US-Canada Border,2019-07-01,48.998083,-113.378777,0,199
3316,Piegan,Montana,US-Canada Border,2019-08-01,48.998083,-113.378777,0,161
3316,Piegan,Montana,US-Canada Border,2019-09-01,48.998083,-113.378777,0,130
3316,Piegan,Montana,US-Canada Border,2019-10-01,48.998083,-113.378777,0,156
3316,Piegan,Montana,US-Canada Border,2019-11-01,48.998083,-113.378777,0,209
3316,Piegan,Montana,US-Canada Border,2019-12-01,48.998083,-113.378777,0,177
3316,Piegan,Montana,US-Canada Border,2020-01-01,48.998083,-113.378777,0,204
3316,Piegan,Montana,US-Canada Border,2020-02-01,48.998083,-113.378777,0,153
3316,Piegan,Montana,US-Canada Border,2020-03-01,48.998083,-113.378777,0,168
3316,Piegan,Montana,US-Canada Border,2020-04-01,48.998083,-113.378777,0,154
3316,Piegan,Montana,US-Canada Border,2020-05-01,48.998083,-113.378777,0,125
3316,Piegan,Montana,US-Canada Border,2020-06-01,48.998083,-113.378777,0,133
3316,Piegan,Montana,US-Canada Border,2020-07-01,48.998083,-113.378777,0,172
3316,Piegan,Montana,US-Canada Border,2020-08-01,48.998083,-113.378777,0,176
3316,Piegan,Montana,US-Canada Border,2020-09-01,48.998083,-113.378777,0,119
3316,Piegan,Montana,US-Canada Border,2020-10-01,48.998083,-113.378777,0,127
3316,Piegan,Montana,US-Canada Border,2020-11-01,48.998083,-113.378777,0,103
3316,Piegan,Montana,US-Canada Border,2020-12-01,48.998083,-113.378777,0,111
3316,Piegan,Montana,US-Canada Border,2021-01-01,48.998083,-113.378777,0,104
3316,Piegan,Montana,US-Canada Border,2021-02-01,48.998083,-113.378777,0,86
3316,Piegan,Montana,US-Canada Border,2021-03-01,48.998083,-113.378777,0,111
3316,Piegan,Montana,US-Canada Border,2021-04-01,48.998083,-113.378777,0,110
3316,Piegan,Montana,US-Canada Border,2021-05-01,48.998083,-113.378777,0,127
3316,Piegan,Montana,US-Canada Border,2021-06-01,48.998083,-113.378777,0,135
3316,Piegan,Montana,US-Canada Border,2021-07-01,48.998083,-113.378777,0,149
3316,Piegan,Montana,US-Canada Border,2021-08-01,48.998083,-113.378777,0,129
3316,Piegan,Montana,US-Canada Border,2021-09-01,48.998083,-113.378777,0,119
3316,Piegan,Montana,US-Canada Border,2021-10-01,48.998083,-113.378777,0,152
3316,Piegan,Montana,US-Canada Border,2021-11-01,48.998083,-113.378777,0,185
3316,Piegan,Montana,US-Canada Border,2021-12-01,48.998083,-113.378777,0,114
3316,Piegan,Montana,US-Canada Border,2022-01-01,48.998083,-113.378777,0,135
3316,Piegan,Montana,US-Canada Border,2022-02-01,48.998083,-113.378777,0,820
3316,Piegan,Montana,US-Canada Border,2022-03-01,48.998083,-113.378777,0,139
3316,Piegan,Montana,US-Canada Border,2022-04-01,48.998083,-113.378777,0,100
3316,Piegan,Montana,US-Canada Border,2022-05-01,48.998083,-113.378777,0,132
3316,Piegan,Montana,US-Canada Border,2022-06-01,48.998083,-113.378777,0,122
3316,Piegan,Montana,US-Canada Border,2022-07-01,48.998083,-113.378777,0,133
3316,Piegan,Montana,US-Canada Border,2022-08-01,48.998083,-113.378777,0,133
3316,Piegan,Montana,US-Canada Border,2022-09-01,48.998083,-113.378777,0,148
3316,Piegan,Montana,US-Canada Border,2022-10-01,48.998083,-113.378777,0,158
3316,Piegan,Montana,US-Canada Border,2022-11-01,48.998083,-113.378777,0,131
3316,Piegan,Montana,US-Canada Border,2022-12-01,48.998083,-113.378777,0,122
3316,Piegan,Montana,US-Canada Border,2023-01-01,48.998083,-113.378777,0,88
3316,Piegan,Montana,US-Canada Border,2023-02-01,48.998083,-113.378777,0,85
3316,Piegan,Montana,US-Canada Border,2023-03-01,48.998083,-113.378777,0,131
3316,Piegan,Montana,US-Canada Border,2023-04-01,48.998083,-113.378777,0,121
3316,Piegan,Montana,US-Canada Border,2023-05-01,48.998083,-113.378777,0,128
3316,Piegan,Montana,US-Canada Border,2023-06-01,48.998083,-113.378777,0,170
3316,Piegan,Montana,US-Canada Border,2023-07-01,48.998083,-113.378777,0,153
3316,Piegan,Montana,US-Canada Border,2023-08-01,48.998083,-113.378777,0,165
3316,Piegan,Montana,US-Canada Border,2023-09-01,48.998083,-113.378777,0,153
3316,Piegan,Montana,US-Canada Border,2023-10-01,48.998083,-113.378777,0,136
3316,Piegan,Montana,US-Canada Border,2023-11-01,48.998083,-113.378777,0,156
3316,Piegan,Montana,US-Canada Border,2023-12-01,48.998083,-113.378777,0,140
3316,Piegan,Montana,US-Canada Border,2024-01-01,48.998083,-113.378777,0,135
3316,Piegan,Montana,US-Canada Border,2024-02-01,48.998083,-113.378777,0,136
3316,Piegan,Montana,US-Canada Border,2024-03-01,48.998083,-113.378777,0,153
3316,Piegan,Montana,US-Canada Border,2024-04-01,48.998083,-113.378777,0,113
3316,Piegan,Montana,US-Canada Border,2024-05-01,48.998083,-113.378777,0,141
3316,Piegan,Montana,US-Canada Border,2024-06-01,48.998083,-113.378777,0,138
3316,Piegan,Montana,US-Canada Border,2024-07-01,48.998083,-113.378777,0,186
3316,Piegan,Montana,US-Canada Border,2024-08-01,48.998083,-113.378777,0,190
3316,Piegan,Montana,US-Canada Border,2024-09-01,48.998083,-113.378777,0,128
3316,Piegan,Montana,US-Canada Border,2024-10-01,48.998083,-113.378777,0,125
3316,Piegan,Montana,US-Canada Border,2024-11-01,48.998083,-113.378777,0,128
3316,Piegan,Montana,US-Canada Border,2024-12-01,48.998083,-113.378777,0,138
3317,Opheim,Montana,US-Canada Border,2018-01-01,48.999527,-106.377583,0,13
3317,Opheim,Montana,US-Canada Border,2018-02-01,48.999527,-106.377583,0,47
3317,Opheim,Montana,US-Canada Border,2018-03-01,48.999527,-106.377583,0,13
3317,Opheim,Montana,US-Canada Border,2018-04-01,48.999527,-106.377583,0,19
3317,Opheim,Montana,US-Canada Border,2018-05-01,48.999527,-106.377583,0,48
3317,Opheim,Montana,US-Canada Border,2018-06-01,48.999527,-106.377583,0,8
3317,Opheim,Montana,US-Canada Border,2018-07-01,48.999527,-106.377583,0,4
3317,Opheim,Montana,US-Canada Border,2018-08-01,48.999527,-106.377583,0,7
3317,Opheim,Montana,US-Canada Border,2018-09-01,48.999527,-106.377583,0,12
3317,Opheim,Montana,US-Canada Border,2018-10-01,48.999527,-106.377583,0,15
3317,Opheim,Montana,US-Canada Border,2018-11-01,48.999527,-106.377583,0,23
3317,Opheim,Montana,US-Canada Border,2018-12-01,48.999527,-106.377583,0,17
3317,Opheim,Montana,US-Canada Border,2019-01-01,48.999527,-106.377583,0,86
3317,Opheim,Montana,US-Canada Border,2019-02-01,48.999527,-106.377583,0,8
3317,Opheim,Montana,US-Canada Border,2019-03-01,48.999527,-106.377583,0,18
3317,Opheim,Montana,US-Canada Border,2019-04-01,48.999527,-106.377583,0,19
3317,Opheim,Montana,US-Canada Border,2019-05-01,48.999527,-106.377583,0,31
3317,Opheim,Montana,US-Canada Border,2019-06-01,48.999527,-106.377583,0,56
3317,Opheim,Montana,US-Canada Border,2019-07-01,48.999527,-106.377583,0,27
3317,Opheim,Montana,US-Canada Border,2019-08-01,48.999527,-106.377583,0,5
3317,Opheim,Montana,US-Canada Border,2019-09-01,48.999527,-106.377583,0,2
3317,Opheim,Montana,US-Canada Border,2019-10-01,48.999527,-106.377583,0,14
3317,Opheim,Montana,US-Canada Border,2019-11-01,48.999527,-106.377583,0,38
3317,Opheim,Montana,US-Canada Border,2019-12-01,48.999527,-106.377583,0,10
3317,Opheim,Montana,US-Canada Border,2020-01-01,48.999527,-106.377583,0,3
3317,Opheim,Montana,US-Canada Border,2020-02-01,48.999527,-106.377583,0,4
3317,Opheim,Montana,US-Canada Border,2020-03-01,48.999527,-106.377583,0,24
3317,Opheim,Montana,US-Canada Border,2020-04-01,48.999527,-106.377583,0,11
3317,Opheim,Montana,US-Canada Border,2020-05-01,48.999527,-106.377583,0,9
3317,Opheim,Montana,US-Canada Border,2020-06-01,48.999527,-106.377583,0,5
3317,Opheim,Montana,US-Canada Border,2020-07-01,48.999527,-106.377583,0,11
3317,Opheim,Montana,US-Canada Border,2020-08-01,48.999527,-106.377583,0,17
3317,Opheim,Montana,US-Canada Border,2020-09-01,48.999527,-106.377583,0,20
3317,Opheim,Montana,US-Canada Border,2020-10-01,48.999527,-106.377583,0,36
3317,Opheim,Montana,US-Canada Border,2020-11-01,48.999527,-106.377583,0,26
3317,Opheim,Montana,US-Canada Border,2020-12-01,48.999527,-106.377583,0,38
3317,Opheim,Montana,US-Canada Border,2021-01-01,48.999527,-106.377583,0,32
3317,Opheim,Montana,US-Canada Border,2021-02-01,48.999527,-106.377583,0,29
3317,Opheim,Montana,US-Canada Border,2021-03-01,48.999527,-106.377583,0,53
3317,Opheim,Montana,US-Canada Border,2021-04-01,48.999527,-106.377583,0,50
3317,Opheim,Montana,US-Canada Border,2021-05-01,48.999527,-106.377583,0,11
3317,Opheim,Montana,US-Canada Border,2021-06-01,48.999527,-106.377583,0,48
3317,Opheim,Montana,US-Canada Border,2021-07-01,48.999527,-106.377583,0,4
3317,Opheim,Montana,US-Canada Border,2021-08-01,48.999527,-106.377583,0,6
3317,Opheim,Montana,US-Canada Border,2021-10-01,48.999527,-106.377583,0,9
3317,Opheim,Montana,US-Canada Border,2021-11-01,48.999527,-106.377583,0,4
3317,Opheim,Montana,US-Canada Border,2021-12-01,48.999527,-106.377583,0,34
3317,Opheim,Montana,US-Canada Border,2022-01-01,48.999527,-106.377583,0,52
3317,Opheim,Montana,US-Canada Border,2022-02-01,48.999527,-106.377583,0,7
3317,Opheim,Montana,US-Canada Border,2022-03-01,48.999527,-106.377583,0,1
3317,Opheim,Montana,US-Canada Border,2022-04-01,48.999527,-106.377583,0,8
3317,Opheim,Montana,US-Canada Border,2022-05-01,48.999527,-106.377583,0,12
3317,Opheim,Montana,US-Canada Border,2022-08-01,48.999527,-106.377583,0,1
3317,Opheim,Montana,US-Canada Border,2022-09-01,48.999527,-106.377583,0,2
3317,Opheim,Montana,US-Canada Border,2023-03-01,48.999527,-106.377583,0,13
3317,Opheim,Montana,US-Canada Border,2023-04-01,48.999527,-106.377583,0,9
3317,Opheim,Montana,US-Canada Border,2023-05-01,48.999527,-106.377583,0,2
3317,Opheim,Montana,US-Canada Border,2023-06-01,48.999527,-106.377583,0,1
3317,Opheim,Montana,US-Canada Border,2023-07-01,48.999527,-106.377583,0,1
3317,Opheim,Montana,US-Canada Border,2023-08-01,48.999527,-106.377583,0,3
3317,Opheim,Montana,US-Canada Border,2023-09-01,48.999527,-106.377583,0,2
3317,Opheim,Montana,US-Canada Border,2023-10-01,48.999527,-106.377583,0,1
3317,Opheim,Montana,US-Canada Border,2023-11-01,48.999527,-106.377583,0,8
3317,Opheim,Montana,US-Canada Border,2023-12-01,48.999527,-106.377583,0,6
3317,Opheim,Montana,US-Canada Border,2024-02-01,48.999527,-106.377583,0,2
3317,Opheim,Montana,US-Canada Border,2024-03-01,48.999527,-106.377583,0,8
3317,Opheim,Montana,US-Canada Border,2024-04-01,48.999527,-106.377583,0,14
3317,Opheim,Montana,US-Canada Border,2024-05-01,48.999527,-106.377583,0,29
3317,Opheim,Montana,US-Canada Border,2024-06-01,48.999527,-106.377583,0,10
3317,Opheim,Montana,US-Canada Border,2024-07-01,48.999527,-106.377583,0,3
3317,Opheim,Montana,US-Canada Border,2024-08-01,48.999527,-106.377583,0,24
3317,Opheim,Montana,US-Canada Border,2024-09-01,48.999527,-106.377583,0,14
3317,Opheim,Montana,US-Canada Border,2024-10-01,48.999527,-106.377583,0,17
3317,Opheim,Montana,US-Canada Border,2024-12-01,48.999527,-106.377583,0,4
3318,Roosville,Montana,US-Canada Border,2018-01-01,48.999638,-115.056027,0,837
3318,Roosville,Montana,US-Canada Border,2018-02-01,48.999638,-115.056027,0,749
3318,Roosville,Montana,US-Canada Border,2018-03-01,48.999638,-115.056027,0,832
3318,Roosville,Montana,US-Canada Border,2018-04-01,48.999638,-115.056027,0,899
3318,Roosville,Montana,US-Canada Border,2018-05-01,48.999638,-115.056027,0,963
3318,Roosville,Montana,US-Canada Border,2018-06-01,48.999638,-115.056027,0,933
3318,Roosville,Montana,US-Canada Border,2018-07-01,48.999638,-115.056027,0,1072
3318,Roosville,Montana,US-Canada Border,2018-08-01,48.999638,-115.056027,0,1217
3318,Roosville,Montana,US-Canada Border,2018-09-01,48.999638,-115.056027,0,1077
3318,Roosville,Montana,US-Canada Border,2018-10-01,48.999638,-115.056027,0,1077
3318,Roosville,Montana,US-Canada Border,2018-11-01,48.999638,-115.056027,0,952
3318,Roosville,Montana,US-Canada Border,2018-12-01,48.999638,-115.056027,0,580
3318,Roosville,Montana,US-Canada Border,2019-01-01,48.999638,-115.056027,0,797
3318,Roosville,Montana,US-Canada Border,2019-02-01,48.999638,-115.056027,0,672
3318,Roosville,Montana,US-Canada Border,2019-03-01,48.999638,-115.056027,0,714
3318,Roosville,Montana,US-Canada Border,2019-04-01,48.999638,-115.056027,0,806
3318,Roosville,Montana,US-Canada Border,2019-05-01,48.999638,-115.056027,0,776
3318,Roosville,Montana,US-Canada Border,2019-06-01,48.999638,-115.056027,0,778
3318,Roosville,Montana,US-Canada Border,2019-07-01,48.999638,-115.056027,0,831
3318,Roosville,Montana,US-Canada Border,2019-08-01,48.999638,-115.056027,0,1012
3318,Roosville,Montana,US-Canada Border,2019-09-01,48.999638,-115.056027,0,967
3318,Roosville,Montana,US-Canada Border,2019-10-01,48.999638,-115.056027,0,961
3318,Roosville,Montana,US-Canada Border,2019-11-01,48.999638,-115.056027,0,770
3318,Roosville,Montana,US-Canada Border,2019-12-01,48.999638,-115.056027,0,684
3318,Roosville,Montana,US-Canada Border,2020-01-01,48.999638,-115.056027,0,665
3318,Roosville,Montana,US-Canada Border,2020-02-01,48.999638,-115.056027,0,633
3318,Roosville,Montana,US-Canada Border,2020-03-01,48.999638,-115.056027,0,814
3318,Roosville,Montana,US-Canada Border,2020-04-01,48.999638,-115.056027,0,559
3318,Roosville,Montana,US-Canada Border,2020-05-01,48.999638,-115.056027,0,562
3318,Roosville,Montana,US-Canada Border,2020-06-01,48.999638,-115.056027,0,787
3318,Roosville,Montana,US-Canada Border,2020-07-01,48.999638,-115.056027,0,882
3318,Roosville,Montana,US-Canada Border,2020-08-01,48.999638,-115.056027,0,783
3318,Roosville,Montana,US-Canada Border,2020-09-01,48.999638,-115.056027,0,950
3318,Roosville,Montana,US-Canada Border,2020-10-01,48.999638,-115.056027,0,881
3318,Roosville,Montana,US-Canada Border,2020-11-01,48.999638,-115.056027,0,809
3318,Roosville,Montana,US-Canada Border,2020-12-01,48.999638,-115.056027,0,931
3318,Roosville,Montana,US-Canada Border,2021-01-01,48.999638,-115.056027,0,807
3318,Roosville,Montana,US-Canada Border,2021-02-01,48.999638,-115.056027,0,793
3318,Roosville,Montana,US-Canada Border,2021-03-01,48.999638,-115.056027,0,912
3318,Roosville,Montana,US-Canada Border,2021-04-01,48.999638,-115.056027,0,961
3318,Roosville,Montana,US-Canada Border,2021-05-01,48.999638,-115.056027,0,1036
3318,Roosville,Montana,US-Canada Border,2021-06-01,48.999638,-115.056027,0,1146
3318,Roosville,Montana,US-Canada Border,2021-07-01,48.999638,-115.056027,0,1068
3318,Roosville,Montana,US-Canada Border,2021-08-01,48.999638,-115.056027,0,903
3318,Roosville,Montana,US-Canada Border,2021-09-01,48.999638,-115.056027,0,1055
3318,Roosville,Montana,US-Canada Border,2021-10-01,48.999638,-115.056027,0,1031
3318,Roosville,Montana,US-Canada Border,2021-11-01,48.999638,-115.056027,0,888
3318,Roosville,Montana,US-Canada Border,2021-12-01,48.999638,-115.056027,0,783
3318,Roosville,Montana,US-Canada Border,2022-01-01,48.999638,-115.056027,0,767
3318,Roosville,Montana,US-Canada Border,2022-02-01,48.999638,-115.056027,0,924
3318,Roosville,Montana,US-Canada Border,2022-03-01,48.999638,-115.056027,0,821
3318,Roosville,Montana,US-Canada Border,2022-04-01,48.999638,-115.056027,0,707
3318,Roosville,Montana,US-Canada Border,2022-05-01,48.999638,-115.056027,0,805
3318,Roosville,Montana,US-Canada Border,2022-06-01,48.999638,-115.056027,0,823
3318,Roosville,Montana,US-Canada Border,2022-07-01,48.999638,-115.056027,0,663
3318,Roosville,Montana,US-Canada Border,2022-08-01,48.999638,-115.056027,0,859
3318,Roosville,Montana,US-Canada Border,2022-09-01,48.999638,-115.056027,0,681
3318,Roosville,Montana,US-Canada Border,2022-10-01,48.999638,-115.056027,0,844
3318,Roosville,Montana,US-Canada Border,2022-11-01,48.999638,-115.056027,0,907
3318,Roosville,Montana,US-Canada Border,2022-12-01,48.999638,-115.056027,0,646
3318,Roosville,Montana,US-Canada Border,2023-01-01,48.999638,-115.056027,0,645
3318,Roosville,Montana,US-Canada Border,2023-02-01,48.999638,-115.056027,0,619
3318,Roosville,Montana,US-Canada Border,2023-03-01,48.999638,-115.056027,0,793
3318,Roosville,Montana,US-Canada Border,2023-04-01,48.999638,-115.056027,0,694
3318,Roosville,Montana,US-Canada Border,2023-05-01,48.999638,-115.056027,0,930
3318,Roosville,Montana,US-Canada Border,2023-06-01,48.999638,-115.056027,0,901
3318,Roosville,Montana,US-Canada Border,2023-07-01,48.999638,-115.056027,0,868
3318,Roosville,Montana,US-Canada Border,2023-08-01,48.999638,-115.056027,0,852
3318,Roosville,Montana,US-Canada Border,2023-09-01,48.999638,-115.056027,0,881
3318,Roosville,Montana,US-Canada Border,2023-10-01,48.999638,-115.056027,0,973
3318,Roosville,Montana,US-Canada Border,2023-11-01,48.999638,-115.056027,0,914
3318,Roosville,Montana,US-Canada Border,2023-12-01,48.999638,-115.056027,0,664
3318,Roosville,Montana,US-Canada Border,2024-01-01,48.999638,-115.056027,0,794
3318,Roosville,Montana,US-Canada Border,2024-02-01,48.999638,-115.056027,0,739
3318,Roosville,Montana,US-Canada Border,2024-03-01,48.999638,-115.056027,0,723
3318,Roosville,Montana,US-Canada Border,2024-04-01,48.999638,-115.056027,0,796
3318,Roosville,Montana,US-Canada Border,2024-05-01,48.999638,-115.056027,0,764
3318,Roosville,Montana,US-Canada Border,2024-06-01,48.999638,-115.056027,0,922
3318,Roosville,Montana,US-Canada Border,2024-07-01,48.999638,-115.056027,0,955
3318,Roosville,Montana,US-Canada Border,2024-08-01,48.999638,-115.056027,0,1006
3318,Roosville,Montana,US-Canada Border,2024-09-01,48.999638,-115.056027,0,909
3318,Roosville,Montana,US-Canada Border,2024-10-01,48.999638,-115.056027,0,859
3318,Roosville,Montana,US-Canada Border,2024-11-01,48.999638,-115.056027,0,665
3318,Roosville,Montana,US-Canada Border,2024-12-01,48.999638,-115.056027,0,601
3319,Morgan,Montana,US-Canada Border,2018-01-01,48.999829,-107.831819,0,35
3319,Morgan,Montana,US-Canada Border,2018-02-01,48.999829,-107.831819,0,25
3319,Morgan,Montana,US-Canada Border,2018-03-01,48.999829,-107.831819,0,43
3319,Morgan,Montana,US-Canada Border,2018-04-01,48.999829,-107.831819,0,34
3319,Morgan,Montana,US-Canada Border,2018-05-01,48.999829,-107.831819,0,23
3319,Morgan,Montana,US-Canada Border,2018-06-01,48.999829,-107.831819,0,20
3319,Morgan,Montana,US-Canada Border,2018-07-01,48.999829,-107.831819,0,15
3319,Morgan,Montana,US-Canada Border,2018-08-01,48.999829,-107.831819,0,23
3319,Morgan,Montana,US-Canada Border,2018-09-01,48.999829,-107.831819,0,53
3319,Morgan,Montana,US-Canada Border,2018-10-01,48.999829,-107.831819,0,20
3319,Morgan,Montana,US-Canada Border,2018-11-01,48.999829,-107.831819,0,23
3319,Morgan,Montana,US-Canada Border,2018-12-01,48.999829,-107.831819,0,15
3319,Morgan,Montana,US-Canada Border,2019-01-01,48.999829,-107.831819,0,19
3319,Morgan,Montana,US-Canada Border,2019-02-01,48.999829,-107.831819,0,20
3319,Morgan,Montana,US-Canada Border,2019-03-01,48.999829,-107.831819,0,30
3319,Morgan,Montana,US-Canada Border,2019-04-01,48.999829,-107.831819,0,25
3319,Morgan,Montana,US-Canada Border,2019-05-01,48.999829,-107.831819,0,23
3319,Morgan,Montana,US-Canada Border,2019-06-01,48.999829,-107.831819,0,21
3319,Morgan,Montana,US-Canada Border,2019-07-01,48.999829,-107.831819,0,22
3319,Morgan,Montana,US-Canada Border,2019-08-01,48.999829,-107.831819,0,21
3319,Morgan,Montana,US-Canada Border,2019-09-01,48.999829,-107.831819,0,2
3319,Morgan,Montana,US-Canada Border,2019-10-01,48.999829,-107.831819,0,2
3319,Morgan,Montana,US-Canada Border,2019-11-01,48.999829,-107.831819,0,5
3319,Morgan,Montana,US-Canada Border,2019-12-01,48.999829,-107.831819,0,10
3319,Morgan,Montana,US-Canada Border,2020-01-01,48.999829,-107.831819,0,21
3319,Morgan,Montana,US-Canada Border,2020-02-01,48.999829,-107.831819,0,10
3319,Morgan,Montana,US-Canada Border,2020-03-01,48.999829,-107.831819,0,9
3319,Morgan,Montana,US-Canada Border,2020-04-01,48.999829,-107.831819,0,4
3319,Morgan,Montana,US-Canada Border,2020-05-01,48.999829,-107.831819,0,3
3319,Morgan,Montana,US-Canada Border,2020-06-01,48.999829,-107.831819,0,2
3319,Morgan,Montana,US-Canada Border,2020-07-01,48.999829,-107.831819,0,20
3319,Morgan,Montana,US-Canada Border,2020-08-01,48.999829,-107.831819,0,45
3319,Morgan,Montana,US-Canada Border,2020-09-01,48.999829,-107.831819,0,43
3319,Morgan,Montana,US-Canada Border,2020-10-01,48.999829,-107.831819,0,51
3319,Morgan,Montana,US-Canada Border,2020-11-01,48.999829,-107.831819,0,35
3319,Morgan,Montana,US-Canada Border,2020-12-01,48.999829,-107.831819,0,50
3319,Morgan,Montana,US-Canada Border,2021-01-01,48.999829,-107.831819,0,43
3319,Morgan,Montana,US-Canada Border,2021-02-01,48.999829,-107.831819,0,48
3319,Morgan,Montana,US-Canada Border,2021-03-01,48.999829,-107.831819,0,35
3319,Morgan,Montana,US-Canada Border,2021-04-01,48.999829,-107.831819,0,72
3319,Morgan,Montana,US-Canada Border,2021-05-01,48.999829,-107.831819,0,28
3319,Morgan,Montana,US-Canada Border,2021-06-01,48.999829,-107.831819,0,21
3319,Morgan,Montana,US-Canada Border,2021-07-01,48.999829,-107.831819,0,26
3319,Morgan,Montana,US-Canada Border,2021-08-01,48.999829,-107.831819,0,18
3319,Morgan,Montana,US-Canada Border,2021-09-01,48.999829,-107.831819,0,48
3319,Morgan,Montana,US-Canada Border,2021-10-01,48.999829,-107.831819,0,46
3319,Morgan,Montana,US-Canada Border,2021-11-01,48.999829,-107.831819,0,32
3319,Morgan,Montana,US-Canada Border,2021-12-01,48.999829,-107.831819,0,24
3319,Morgan,Montana,US-Canada Border,2022-01-01,48.999829,-107.831819,0,17
3319,Morgan,Montana,US-Canada Border,2022-02-01,48.999829,-107.831819,0,30
3319,Morgan,Montana,US-Canada Border,2022-03-01,48.999829,-107.831819,0,40
3319,Morgan,Montana,US-Canada Border,2022-04-01,48.999829,-107.831819,0,11
3319,Morgan,Montana,US-Canada Border,2022-05-01,48.999829,-107.831819,0,19
3319,Morgan,Montana,US-Canada Border,2022-06-01,48.999829,-107.831819,0,23
3319,Morgan,Montana,US-Canada Border,2022-07-01,48.999829,-107.831819,0,42
3319,Morgan,Montana,US-Canada Border,2022-08-01,48.999829,-107.831819,0,31
3319,Morgan,Montana,US-Canada Border,2022-09-01,48.999829,-107.831819,0,18
3319,Morgan,Montana,US-Canada Border,2022-10-01,48.999829,-107.831819,0,19
3319,Morgan,Montana,US-Canada Border,2022-11-01,48.999829,-107.831819,0,18
3319,Morgan,Montana,US-Canada Border,2022-12-01,48.999829,-107.831819,0,32
3319,Morgan,Montana,US-Canada Border,2023-01-01,48.999829,-107.831819,0,39
3319,Morgan,Montana,US-Canada Border,2023-02-01,48.999829,-107.831819,0,35
3319,Morgan,Montana,US-Canada Border,2023-03-01,48.999829,-107.831819,0,43
3319,Morgan,Montana,US-Canada Border,2023-04-01,48.999829,-107.831819,0,21
3319,Morgan,Montana,US-Canada Border,2023-05-01,48.999829,-107.831819,0,18
3319,Morgan,Montana,US-Canada Border,2023-06-01,48.999829,-107.831819,0,18
3319,Morgan,Montana,US-Canada Border,2023-07-01,48.999829,-107.831819,0,17
3319,Morgan,Montana,US-Canada Border,2023-08-01,48.999829,-107.831819,0,20
3319,Morgan,Montana,US-Canada Border,2023-09-01,48.999829,-107.831819,0,25
3319,Morgan,Montana,US-Canada Border,2023-10-01,48.999829,-107.831819,0,24
3319,Morgan,Montana,US-Canada Border,2023-11-01,48.999829,-107.831819,0,17
3319,Morgan,Montana,US-Canada Border,2023-12-01,48.999829,-107.831819,0,21
3319,Morgan,Montana,US-Canada Border,2024-01-01,48.999829,-107.831819,0,14
3319,Morgan,Montana,US-Canada Border,2024-02-01,48.999829,-107.831819,0,33
3319,Morgan,Montana,US-Canada Border,2024-03-01,48.999829,-107.831819,0,48
3319,Morgan,Montana,US-Canada Border,2024-04-01,48.999829,-107.831819,0,22
3319,Morgan,Montana,US-Canada Border,2024-05-01,48.999829,-107.831819,0,29
3319,Morgan,Montana,US-Canada Border,2024-06-01,48.999829,-107.831819,0,20
3319,Morgan,Montana,US-Canada Border,2024-07-01,48.999829,-107.831819,0,12
3319,Morgan,Montana,US-Canada Border,2024-08-01,48.999829,-107.831819,0,28
3319,Morgan,Montana,US-Canada Border,2024-09-01,48.999829,-107.831819,0,97
3319,Morgan,Montana,US-Canada Border,2024-10-01,48.999829,-107.831819,0,45
3319,Morgan,Montana,US-Canada Border,2024-11-01,48.999829,-107.831819,0,26
3319,Morgan,Montana,US-Canada Border,2024-12-01,48.999829,-107.831819,0,20
3321,Whitlash,Montana,US-Canada Border,2018-01-01,48.99725,-111.257916,0,9
3321,Whitlash,Montana,US-Canada Border,2018-02-01,48.99725,-111.257916,0,2
3321,Whitlash,Montana,US-Canada Border,2018-03-01,48.99725,-111.257916,0,3
3321,Whitlash,Montana,US-Canada Border,2018-04-01,48.99725,-111.257916,0,8
3321,Whitlash,Montana,US-Canada Border,2018-05-01,48.99725,-111.257916,0,1
3321,Whitlash,Montana,US-Canada Border,2018-08-01,48.99725,-111.257916,0,15
3321,Whitlash,Montana,US-Canada Border,2018-09-01,48.99725,-111.257916,0,5
3321,Whitlash,Montana,US-Canada Border,2018-10-01,48.99725,-111.257916,0,8
3321,Whitlash,Montana,US-Canada Border,2018-11-01,48.99725,-111.257916,0,1
3321,Whitlash,Montana,US-Canada Border,2019-05-01,48.99725,-111.257916,0,1
3321,Whitlash,Montana,US-Canada Border,2021-02-01,48.99725,-111.257916,0,2
3321,Whitlash,Montana,US-Canada Border,2021-03-01,48.99725,-111.257916,0,11
3321,Whitlash,Montana,US-Canada Border,2021-04-01,48.99725,-111.257916,0,34
3321,Whitlash,Montana,US-Canada Border,2021-06-01,48.99725,-111.257916,0,20
3321,Whitlash,Montana,US-Canada Border,2021-07-01,48.99725,-111.257916,0,19
3321,Whitlash,Montana,US-Canada Border,2022-02-01,48.99725,-111.257916,0,1
3321,Whitlash,Montana,US-Canada Border,2022-05-01,48.99725,-111.257916,0,1
3321,Whitlash,Montana,US-Canada Border,2022-10-01,48.99725,-111.257916,0,1
3321,Whitlash,Montana,US-Canada Border,2024-03-01,48.99725,-111.257916,0,2
3321,Whitlash,Montana,US-Canada Border,2024-04-01,48.99725,-111.257916,0,13
3321,Whitlash,Montana,US-Canada Border,2024-05-01,48.99725,-111.257916,0,1
3321,Whitlash,Montana,US-Canada Border,2024-07-01,48.99725,-111.257916,0,19
3321,Whitlash,Montana,US-Canada Border,2024-08-01,48.99725,-111.257916,0,12
3321,Whitlash,Montana,US-Canada Border,2024-09-01,48.99725,-111.257916,0,1
3321,Whitlash,Montana,US-Canada Border,2024-10-01,48.99725,-111.257916,0,1
3322,Del Bonita,Montana,US-Canada Border,2018-01-01,48.998555,-112.78825,0,36
3322,Del Bonita,Montana,US-Canada Border,2018-02-01,48.998555,-112.78825,0,35
3322,Del Bonita,Montana,US-Canada Border,2018-03-01,48.998555,-112.78825,0,62
3322,Del Bonita,Montana,US-Canada Border,2018-04-01,48.998555,-112.78825,0,43
3322,Del Bonita,Montana,US-Canada Border,2018-05-01,48.998555,-112.78825,0,45
3322,Del Bonita,Montana,US-Canada Border,2018-06-01,48.998555,-112.78825,0,63
3322,Del Bonita,Montana,US-Canada Border,2018-07-01,48.998555,-112.78825,0,62
3322,Del Bonita,Montana,US-Canada Border,2018-08-01,48.998555,-112.78825,0,44
3322,Del Bonita,Montana,US-Canada Border,2018-09-01,48.998555,-112.78825,0,21
3322,Del Bonita,Montana,US-Canada Border,2018-10-01,48.998555,-112.78825,0,25
3322,Del Bonita,Montana,US-Canada Border,2018-11-01,48.998555,-112.78825,0,23
3322,Del Bonita,Montana,US-Canada Border,2018-12-01,48.998555,-112.78825,0,21
3322,Del Bonita,Montana,US-Canada Border,2019-01-01,48.998555,-112.78825,0,61
3322,Del Bonita,Montana,US-Canada Border,2019-02-01,48.998555,-112.78825,0,34
3322,Del Bonita,Montana,US-Canada Border,2019-03-01,48.998555,-112.78825,0,41
3322,Del Bonita,Montana,US-Canada Border,2019-04-01,48.998555,-112.78825,0,50
3322,Del Bonita,Montana,US-Canada Border,2019-05-01,48.998555,-112.78825,0,57
3322,Del Bonita,Montana,US-Canada Border,2019-06-01,48.998555,-112.78825,0,75
3322,Del Bonita,Montana,US-Canada Border,2019-07-01,48.998555,-112.78825,0,100
3322,Del Bonita,Montana,US-Canada Border,2019-08-01,48.998555,-112.78825,0,93
3322,Del Bonita,Montana,US-Canada Border,2019-09-01,48.998555,-112.78825,0,48
3322,Del Bonita,Montana,US-Canada Border,2019-10-01,48.998555,-112.78825,0,71
3322,Del Bonita,Montana,US-Canada Border,2019-11-01,48.998555,-112.78825,0,38
3322,Del Bonita,Montana,US-Canada Border,2019-12-01,48.998555,-112.78825,0,40
3322,Del Bonita,Montana,US-Canada Border,2020-01-01,48.998555,-112.78825,0,51
3322,Del Bonita,Montana,US-Canada Border,2020-02-01,48.998555,-112.78825,0,40
3322,Del Bonita,Montana,US-Canada Border,2020-03-01,48.998555,-112.78825,0,88
3322,Del Bonita,Montana,US-Canada Border,2020-04-01,48.998555,-112.78825,0,34
3322,Del Bonita,Montana,US-Canada Border,2020-05-01,48.998555,-112.78825,0,60
3322,Del Bonita,Montana,US-Canada Border,2020-06-01,48.998555,-112.78825,0,65
3322,Del Bonita,Montana,US-Canada Border,2020-07-01,48.998555,-112.78825,0,290
3322,Del Bonita,Montana,US-Canada Border,2020-08-01,48.998555,-112.78825,0,157
3322,Del Bonita,Montana,US-Canada Border,2020-09-01,48.998555,-112.78825,0,251
3322,Del Bonita,Montana,US-Canada Border,2020-10-01,48.998555,-112.78825,0,106
3322,Del Bonita,Montana,US-Canada Border,2020-11-01,48.998555,-112.78825,0,57
3322,Del Bonita,Montana,US-Canada Border,2020-12-01,48.998555,-112.78825,0,159
3322,Del Bonita,Montana,US-Canada Border,2021-01-01,48.998555,-112.78825,0,104
3322,Del Bonita,Montana,US-Canada Border,2021-02-01,48.998555,-112.78825,0,77
3322,Del Bonita,Montana,US-Canada Border,2021-03-01,48.998555,-112.78825,0,141
3322,Del Bonita,Montana,US-Canada Border,2021-04-01,48.998555,-112.78825,0,104
3322,Del Bonita,Montana,US-Canada Border,2021-05-01,48.998555,-112.78825,0,74
3322,Del Bonita,Montana,US-Canada Border,2021-06-01,48.998555,-112.78825,0,113
3322,Del Bonita,Montana,US-Canada Border,2021-07-01,48.998555,-112.78825,0,145
3322,Del Bonita,Montana,US-Canada Border,2021-08-01,48.998555,-112.78825,0,75
3322,Del Bonita,Montana,US-Canada Border,2021-09-01,48.998555,-112.78825,0,66
3322,Del Bonita,Montana,US-Canada Border,2021-10-01,48.998555,-112.78825,0,119
3322,Del Bonita,Montana,US-Canada Border,2021-11-01,48.998555,-112.78825,0,106
3322,Del Bonita,Montana,US-Canada Border,2021-12-01,48.998555,-112.78825,0,65
3322,Del Bonita,Montana,US-Canada Border,2022-01-01,48.998555,-112.78825,0,125
3322,Del Bonita,Montana,US-Canada Border,2022-02-01,48.998555,-112.78825,0,1922
3322,Del Bonita,Montana,US-Canada Border,2022-03-01,48.998555,-112.78825,0,60
3322,Del Bonita,Montana,US-Canada Border,2022-04-01,48.998555,-112.78825,0,45
3322,Del Bonita,Montana,US-Canada Border,2022-05-01,48.998555,-112.78825,0,68
3322,Del Bonita,Montana,US-Canada Border,2022-06-01,48.998555,-112.78825,0,47
3322,Del Bonita,Montana,US-Canada Border,2022-07-01,48.998555,-112.78825,0,58
3322,Del Bonita,Montana,US-Canada Border,2022-08-01,48.998555,-112.78825,0,60
3322,Del Bonita,Montana,US-Canada Border,2022-09-01,48.998555,-112.78825,0,59
3322,Del Bonita,Montana,US-Canada Border,2022-10-01,48.998555,-112.78825,0,52
3322,Del Bonita,Montana,US-Canada Border,2022-11-01,48.998555,-112.78825,0,82
3322,Del Bonita,Montana,US-Canada Border,2022-12-01,48.998555,-112.78825,0,36
3322,Del Bonita,Montana,US-Canada Border,2023-01-01,48.998555,-112.78825,0,43
3322,Del Bonita,Montana,US-Canada Border,2023-02-01,48.998555,-112.78825,0,42
3322,Del Bonita,Montana,US-Canada Border,2023-03-01,48.998555,-112.78825,0,57
3322,Del Bonita,Montana,US-Canada Border,2023-04-01,48.998555,-112.78825,0,44
3322,Del Bonita,Montana,US-Canada Border,2023-05-01,48.998555,-112.78825,0,75
3322,Del Bonita,Montana,US-Canada Border,2023-06-01,48.998555,-112.78825,0,99
3322,Del Bonita,Montana,US-Canada Border,2023-07-01,48.998555,-112.78825,0,146
3322,Del Bonita,Montana,US-Canada Border,2023-08-01,48.998555,-112.78825,0,86
3322,Del Bonita,Montana,US-Canada Border,2023-09-01,48.998555,-112.78825,0,76
3322,Del Bonita,Montana,US-Canada Border,2023-10-01,48.998555,-112.78825,0,67
3322,Del Bonita,Montana,US-Canada Border,2023-11-01,48.998555,-112.78825,0,62
3322,Del Bonita,Montana,US-Canada Border,2023-12-01,48.998555,-112.78825,0,50
3322,Del Bonita,Montana,US-Canada Border,2024-01-01,48.998555,-112.78825,0,96
3322,Del Bonita,Montana,US-Canada Border,2024-02-01,48.998555,-112.78825,0,110
3322,Del Bonita,Montana,US-Canada Border,2024-03-01,48.998555,-112.78825,0,114
3322,Del Bonita,Montana,US-Canada Border,2024-04-01,48.998555,-112.78825,0,86
3322,Del Bonita,Montana,US-Canada Border,2024-05-01,48.998555,-112.78825,0,174
3322,Del Bonita,Montana,US-Canada Border,2024-06-01,48.998555,-112.78825,0,75
3322,Del Bonita,Montana,US-Canada Border,2024-07-01,48.998555,-112.78825,0,159
3322,Del Bonita,Montana,US-Canada Border,2024-08-01,48.998555,-112.78825,0,152
3322,Del Bonita,Montana,US-Canada Border,2024-09-01,48.998555,-112.78825,0,78
3322,Del Bonita,Montana,US-Canada Border,2024-10-01,48.998555,-112.78825,0,240
3322,Del Bonita,Montana,US-Canada Border,2024-11-01,48.998555,-112.78825,0,99
3322,Del Bonita,Montana,US-Canada Border,2024-12-01,48.998555,-112.78825,0,58
3323,Wildhorse,Montana,US-Canada Border,2018-01-01,48.999361,-110.215083,0,135
3323,Wildhorse,Montana,US-Canada Border,2018-02-01,48.999361,-110.215083,0,95
3323,Wildhorse,Montana,US-Canada Border,2018-03-01,48.999361,-110.215083,0,138
3323,Wildhorse,Montana,US-Canada Border,2018-04-01,48.999361,-110.215083,0,79
3323,Wildhorse,Montana,US-Canada Border,2018-05-01,48.999361,-110.215083,0,362
3323,Wildhorse,Montana,US-Canada Border,2018-06-01,48.999361,-110.215083,0,110
3323,Wildhorse,Montana,US-Canada Border,2018-07-01,48.999361,-110.215083,0,176
3323,Wildhorse,Montana,US-Canada Border,2018-08-01,48.999361,-110.215083,0,174
3323,Wildhorse,Montana,US-Canada Border,2018-09-01,48.999361,-110.215083,0,110
3323,Wildhorse,Montana,US-Canada Border,2018-10-01,48.999361,-110.215083,0,52
3323,Wildhorse,Montana,US-Canada Border,2018-11-01,48.999361,-110.215083,0,82
3323,Wildhorse,Montana,US-Canada Border,2018-12-01,48.999361,-110.215083,0,83
3323,Wildhorse,Montana,US-Canada Border,2019-01-01,48.999361,-110.215083,0,244
3323,Wildhorse,Montana,US-Canada Border,2019-02-01,48.999361,-110.215083,0,124
3323,Wildhorse,Montana,US-Canada Border,2019-03-01,48.999361,-110.215083,0,93
3323,Wildhorse,Montana,US-Canada Border,2019-04-01,48.999361,-110.215083,0,142
3323,Wildhorse,Montana,US-Canada Border,2019-05-01,48.999361,-110.215083,0,310
3323,Wildhorse,Montana,US-Canada Border,2019-06-01,48.999361,-110.215083,0,124
3323,Wildhorse,Montana,US-Canada Border,2019-07-01,48.999361,-110.215083,0,400
3323,Wildhorse,Montana,US-Canada Border,2019-08-01,48.999361,-110.215083,0,208
3323,Wildhorse,Montana,US-Canada Border,2019-09-01,48.999361,-110.215083,0,175
3323,Wildhorse,Montana,US-Canada Border,2019-10-01,48.999361,-110.215083,0,57
3323,Wildhorse,Montana,US-Canada Border,2019-11-01,48.999361,-110.215083,0,47
3323,Wildhorse,Montana,US-Canada Border,2019-12-01,48.999361,-110.215083,0,59
3323,Wildhorse,Montana,US-Canada Border,2020-01-01,48.999361,-110.215083,0,83
3323,Wildhorse,Montana,US-Canada Border,2020-02-01,48.999361,-110.215083,0,141
3323,Wildhorse,Montana,US-Canada Border,2020-03-01,48.999361,-110.215083,0,158
3323,Wildhorse,Montana,US-Canada Border,2020-04-01,48.999361,-110.215083,0,96
3323,Wildhorse,Montana,US-Canada Border,2020-05-01,48.999361,-110.215083,0,256
3323,Wildhorse,Montana,US-Canada Border,2020-06-01,48.999361,-110.215083,0,132
3323,Wildhorse,Montana,US-Canada Border,2020-07-01,48.999361,-110.215083,0,145
3323,Wildhorse,Montana,US-Canada Border,2020-08-01,48.999361,-110.215083,0,138
3323,Wildhorse,Montana,US-Canada Border,2020-09-01,48.999361,-110.215083,0,101
3323,Wildhorse,Montana,US-Canada Border,2020-10-01,48.999361,-110.215083,0,93
3323,Wildhorse,Montana,US-Canada Border,2020-11-01,48.999361,-110.215083,0,61
3323,Wildhorse,Montana,US-Canada Border,2020-12-01,48.999361,-110.215083,0,66
3323,Wildhorse,Montana,US-Canada Border,2021-01-01,48.999361,-110.215083,0,107
3323,Wildhorse,Montana,US-Canada Border,2021-02-01,48.999361,-110.215083,0,96
3323,Wildhorse,Montana,US-Canada Border,2021-03-01,48.999361,-110.215083,0,101
3323,Wildhorse,Montana,US-Canada Border,2021-04-01,48.999361,-110.215083,0,218
3323,Wildhorse,Montana,US-Canada Border,2021-05-01,48.999361,-110.215083,0,161
3323,Wildhorse,Montana,US-Canada Border,2021-06-01,48.999361,-110.215083,0,215
3323,Wildhorse,Montana,US-Canada Border,2021-07-01,48.999361,-110.215083,0,110
3323,Wildhorse,Montana,US-Canada Border,2021-08-01,48.999361,-110.215083,0,123
3323,Wildhorse,Montana,US-Canada Border,2021-09-01,48.999361,-110.215083,0,113
3323,Wildhorse,Montana,US-Canada Border,2021-10-01,48.999361,-110.215083,0,185
3323,Wildhorse,Montana,US-Canada Border,2021-11-01,48.999361,-110.215083,0,59
3323,Wildhorse,Montana,US-Canada Border,2021-12-01,48.999361,-110.215083,0,48
3323,Wildhorse,Montana,US-Canada Border,2022-01-01,48.999361,-110.215083,0,37
3323,Wildhorse,Montana,US-Canada Border,2022-02-01,48.999361,-110.215083,0,147
3323,Wildhorse,Montana,US-Canada Border,2022-03-01,48.999361,-110.215083,0,117
3323,Wildhorse,Montana,US-Canada Border,2022-04-01,48.999361,-110.215083,0,37
3323,Wildhorse,Montana,US-Canada Border,2022-05-01,48.999361,-110.215083,0,75
3323,Wildhorse,Montana,US-Canada Border,2022-06-01,48.999361,-110.215083,0,22
3323,Wildhorse,Montana,US-Canada Border,2022-07-01,48.999361,-110.215083,0,17
3323,Wildhorse,Montana,US-Canada Border,2022-08-01,48.999361,-110.215083,0,11
3323,Wildhorse,Montana,US-Canada Border,2022-09-01,48.999361,-110.215083,0,29
3323,Wildhorse,Montana,US-Canada Border,2022-10-01,48.999361,-110.215083,0,13
3323,Wildhorse,Montana,US-Canada Border,2022-11-01,48.999361,-110.215083,0,6
3323,Wildhorse,Montana,US-Canada Border,2022-12-01,48.999361,-110.215083,0,4
3323,Wildhorse,Montana,US-Canada Border,2023-01-01,48.999361,-110.215083,0,39
3323,Wildhorse,Montana,US-Canada Border,2023-02-01,48.999361,-110.215083,0,33
3323,Wildhorse,Montana,US-Canada Border,2023-03-01,48.999361,-110.215083,0,32
3323,Wildhorse,Montana,US-Canada Border,2023-04-01,48.999361,-110.215083,0,38
3323,Wildhorse,Montana,US-Canada Border,2023-05-01,48.999361,-110.215083,0,65
3323,Wildhorse,Montana,US-Canada Border,2023-06-01,48.999361,-110.215083,0,11
3323,Wildhorse,Montana,US-Canada Border,2023-07-01,48.999361,-110.215083,0,95
3323,Wildhorse,Montana,US-Canada Border,2023-08-01,48.999361,-110.215083,0,109
3323,Wildhorse,Montana,US-Canada Border,2023-09-01,48.999361,-110.215083,0,42
3323,Wildhorse,Montana,US-Canada Border,2023-10-01,48.999361,-110.215083,0,1
3323,Wildhorse,Montana,US-Canada Border,2023-11-01,48.999361,-110.215083,0,9
3323,Wildhorse,Montana,US-Canada Border,2023-12-01,48.999361,-110.215083,0,18
3323,Wildhorse,Montana,US-Canada Border,2024-01-01,48.999361,-110.215083,0,20
3323,Wildhorse,Montana,US-Canada Border,2024-02-01,48.999361,-110.215083,0,13
3323,Wildhorse,Montana,US-Canada Border,2024-03-01,48.999361,-110.215083,0,12
3323,Wildhorse,Montana,US-Canada Border,2024-04-01,48.999361,-110.215083,0,41
3323,Wildhorse,Montana,US-Canada Border,2024-05-01,48.999361,-110.215083,0,36
3323,Wildhorse,Montana,US-Canada Border,2024-06-01,48.999361,-110.215083,0,23
3323,Wildhorse,Montana,US-Canada Border,2024-07-01,48.999361,-110.215083,0,36
3323,Wildhorse,Montana,US-Canada Border,2024-08-01,48.999361,-110.215083,0,44
3323,Wildhorse,Montana,US-Canada Border,2024-09-01,48.999361,-110.215083,0,60
3323,Wildhorse,Montana,US-Canada Border,2024-10-01,48.999361,-110.215083,0,36
3323,Wildhorse,Montana,US-Canada Border,2024-11-01,48.999361,-110.215083,0,33
3323,Wildhorse,Montana,US-Canada Border,2024-12-01,48.999361,-110.215083,0,13
3325,Willow Creek,Montana,US-Canada Border,2019-07-01,48.999972,-109.731333,0,5
3325,Willow Creek,Montana,US-Canada Border,2019-11-01,48.999972,-109.731333,0,4
3325,Willow Creek,Montana,US-Canada Border,2021-07-01,48.999972,-109.731333,0,1
3325,Willow Creek,Montana,US-Canada Border,2024-12-01,48.999972,-109.731333,0,1
3401,Pembina,North Dakota,US-Canada Border,2018-01-01,49.000453,-97.237036,86,18604
3401,Pembina,North Dakota,US-Canada Border,2018-02-01,49.000453,-97.237036,85,16907
3401,Pembina,North Dakota,US-Canada Border,2018-03-01,49.000453,-97.237036,108,18835
3401,Pembina,North Dakota,US-Canada Border,2018-04-01,49.000453,-97.237036,99,19929
3401,Pembina,North Dakota,US-Canada Border,2018-05-01,49.000453,-97.237036,117,20069
3401,Pembina,North Dakota,US-Canada Border,2018-06-01,49.000453,-97.237036,104,18729
3401,Pembina,North Dakota,US-Canada Border,2018-07-01,49.000453,-97.237036,114,19200
3401,Pembina,North Dakota,US-Canada Border,2018-08-01,49.000453,-97.237036,104,18808
3401,Pembina,North Dakota,US-Canada Border,2018-09-01,49.000453,-97.237036,122,17900
3401,Pembina,North Dakota,US-Canada Border,2018-10-01,49.000453,-97.237036,130,20143
3401,Pembina,North Dakota,US-Canada Border,2018-11-01,49.000453,-97.237036,121,18083
3401,Pembina,North Dakota,US-Canada Border,2018-12-01,49.000453,-97.237036,121,15874
3401,Pembina,North Dakota,US-Canada Border,2019-01-01,49.000453,-97.237036,124,18459
3401,Pembina,North Dakota,US-Canada Border,2019-02-01,49.000453,-97.237036,93,16386
3401,Pembina,North Dakota,US-Canada Border,2019-03-01,49.000453,-97.237036,118,19150
3401,Pembina,North Dakota,US-Canada Border,2019-04-01,49.000453,-97.237036,116,19782
3401,Pembina,North Dakota,US-Canada Border,2019-05-01,49.000453,-97.237036,120,19672
3401,Pembina,North Dakota,US-Canada Border,2019-06-01,49.000453,-97.237036,124,18549
3401,Pembina,North Dakota,US-Canada Border,2019-07-01,49.000453,-97.237036,126,18090
3401,Pembina,North Dakota,US-Canada Border,2019-08-01,49.000453,-97.237036,131,17932
3401,Pembina,North Dakota,US-Canada Border,2019-09-01,49.000453,-97.237036,132,18954
3401,Pembina,North Dakota,US-Canada Border,2019-10-01,49.000453,-97.237036,125,19035
3401,Pembina,North Dakota,US-Canada Border,2019-11-01,49.000453,-97.237036,114,17205
3401,Pembina,North Dakota,US-Canada Border,2019-12-01,49.000453,-97.237036,134,16713
3401,Pembina,North Dakota,US-Canada Border,2020-01-01,49.000453,-97.237036,141,18668
3401,Pembina,North Dakota,US-Canada Border,2020-02-01,49.000453,-97.237036,138,17264
3401,Pembina,North Dakota,US-Canada Border,2020-03-01,49.000453,-97.237036,127,19817
3401,Pembina,North Dakota,US-Canada Border,2020-04-01,49.000453,-97.237036,101,15931
3401,Pembina,North Dakota,US-Canada Border,2020-05-01,49.000453,-97.237036,60,16575
3401,Pembina,North Dakota,US-Canada Border,2020-06-01,49.000453,-97.237036,46,17304
3401,Pembina,North Dakota,US-Canada Border,2020-07-01,49.000453,-97.237036,58,17321
3401,Pembina,North Dakota,US-Canada Border,2020-08-01,49.000453,-97.237036,61,18592
3401,Pembina,North Dakota,US-Canada Border,2020-09-01,49.000453,-97.237036,71,19263
3401,Pembina,North Dakota,US-Canada Border,2020-10-01,49.000453,-97.237036,79,19583
3401,Pembina,North Dakota,US-Canada Border,2020-11-01,49.000453,-97.237036,79,19648
3401,Pembina,North Dakota,US-Canada Border,2020-12-01,49.000453,-97.237036,87,18026
3401,Pembina,North Dakota,US-Canada Border,2021-01-01,49.000453,-97.237036,100,19703
3401,Pembina,North Dakota,US-Canada Border,2021-02-01,49.000453,-97.237036,78,18135
3401,Pembina,North Dakota,US-Canada Border,2021-03-01,49.000453,-97.237036,103,22151
3401,Pembina,North Dakota,US-Canada Border,2021-04-01,49.000453,-97.237036,95,19758
3401,Pembina,North Dakota,US-Canada Border,2021-05-01,49.000453,-97.237036,92,20653
3401,Pembina,North Dakota,US-Canada Border,2021-06-01,49.000453,-97.237036,88,20396
3401,Pembina,North Dakota,US-Canada Border,2021-07-01,49.000453,-97.237036,88,19307
3401,Pembina,North Dakota,US-Canada Border,2021-08-01,49.000453,-97.237036,97,20796
3401,Pembina,North Dakota,US-Canada Border,2021-09-01,49.000453,-97.237036,83,19959
3401,Pembina,North Dakota,US-Canada Border,2021-10-01,49.000453,-97.237036,88,20870
3401,Pembina,North Dakota,US-Canada Border,2021-11-01,49.000453,-97.237036,92,20312
3401,Pembina,North Dakota,US-Canada Border,2021-12-01,49.000453,-97.237036,91,18386
3401,Pembina,North Dakota,US-Canada Border,2022-01-01,49.000453,-97.237036,96,19020
3401,Pembina,North Dakota,US-Canada Border,2022-02-01,49.000453,-97.237036,83,12966
3401,Pembina,North Dakota,US-Canada Border,2022-03-01,49.000453,-97.237036,101,21072
3401,Pembina,North Dakota,US-Canada Border,2022-04-01,49.000453,-97.237036,101,18732
3401,Pembina,North Dakota,US-Canada Border,2022-05-01,49.000453,-97.237036,69,19892
3401,Pembina,North Dakota,US-Canada Border,2022-06-01,49.000453,-97.237036,81,20497
3401,Pembina,North Dakota,US-Canada Border,2022-07-01,49.000453,-97.237036,85,19608
3401,Pembina,North Dakota,US-Canada Border,2022-08-01,49.000453,-97.237036,91,21237
3401,Pembina,North Dakota,US-Canada Border,2022-09-01,49.000453,-97.237036,85,19963
3401,Pembina,North Dakota,US-Canada Border,2022-10-01,49.000453,-97.237036,94,21893
3401,Pembina,North Dakota,US-Canada Border,2022-11-01,49.000453,-97.237036,100,19871
3401,Pembina,North Dakota,US-Canada Border,2022-12-01,49.000453,-97.237036,99,16866
3401,Pembina,North Dakota,US-Canada Border,2023-01-01,49.000453,-97.237036,102,20324
3401,Pembina,North Dakota,US-Canada Border,2023-02-01,49.000453,-97.237036,89,18138
3401,Pembina,North Dakota,US-Canada Border,2023-03-01,49.000453,-97.237036,95,21191
3401,Pembina,North Dakota,US-Canada Border,2023-04-01,49.000453,-97.237036,90,19802
3401,Pembina,North Dakota,US-Canada Border,2023-05-01,49.000453,-97.237036,89,21810
3401,Pembina,North Dakota,US-Canada Border,2023-06-01,49.000453,-97.237036,76,20484
3401,Pembina,North Dakota,US-Canada Border,2023-07-01,49.000453,-97.237036,74,20680
3401,Pembina,North Dakota,US-Canada Border,2023-08-01,49.000453,-97.237036,77,20152
3401,Pembina,North Dakota,US-Canada Border,2023-09-01,49.000453,-97.237036,93,20962
3401,Pembina,North Dakota,US-Canada Border,2023-10-01,49.000453,-97.237036,105,22368
3401,Pembina,North Dakota,US-Canada Border,2023-11-01,49.000453,-97.237036,109,20204
3401,Pembina,North Dakota,US-Canada Border,2023-12-01,49.000453,-97.237036,116,18389
3401,Pembina,North Dakota,US-Canada Border,2024-01-01,49.000453,-97.237036,105,20060
3401,Pembina,North Dakota,US-Canada Border,2024-02-01,49.000453,-97.237036,101,18751
3401,Pembina,North Dakota,US-Canada Border,2024-03-01,49.000453,-97.237036,108,20670
3401,Pembina,North Dakota,US-Canada Border,2024-04-01,49.000453,-97.237036,104,21706
3401,Pembina,North Dakota,US-Canada Border,2024-05-01,49.000453,-97.237036,100,20672
3401,Pembina,North Dakota,US-Canada Border,2024-06-01,49.000453,-97.237036,97,20488
3401,Pembina,North Dakota,US-Canada Border,2024-07-01,49.000453,-97.237036,104,20726
3401,Pembina,North Dakota,US-Canada Border,2024-08-01,49.000453,-97.237036,85,21216
3401,Pembina,North Dakota,US-Canada Border,2024-09-01,49.000453,-97.237036,92,21717
3401,Pembina,North Dakota,US-Canada Border,2024-10-01,49.000453,-97.237036,97,22759
3401,Pembina,North Dakota,US-Canada Border,2024-11-01,49.000453,-97.237036,98,20117
3401,Pembina,North Dakota,US-Canada Border,2024-12-01,49.000453,-97.237036,82,18864
3403,Portal,North Dakota,US-Canada Border,2018-01-01,48.998944,-102.551944,163,7805
3403,Portal,North Dakota,US-Canada Border,2018-02-01,48.998944,-102.551944,131,7209
3403,Portal,North Dakota,US-Canada Border,2018-03-01,48.998944,-102.551944,141,8290
3403,Portal,North Dakota,US-Canada Border,2018-04-01,48.998944,-102.551944,160,8143
3403,Portal,North Dakota,US-Canada Border,2018-05-01,48.998944,-102.551944,150,8082
3403,Portal,North Dakota,US-Canada Border,2018-06-01,48.998944,-102.551944,153,7607
3403,Portal,North Dakota,US-Canada Border,2018-07-01,48.998944,-102.551944,162,7359
3403,Portal,North Dakota,US-Canada Border,2018-08-01,48.998944,-102.551944,166,7488
3403,Portal,North Dakota,US-Canada Border,2018-09-01,48.998944,-102.551944,148,7158
3403,Portal,North Dakota,US-Canada Border,2018-10-01,48.998944,-102.551944,167,7698
3403,Portal,North Dakota,US-Canada Border,2018-11-01,48.998944,-102.551944,164,7242
3403,Portal,North Dakota,US-Canada Border,2018-12-01,48.998944,-102.551944,171,5831
3403,Portal,North Dakota,US-Canada Border,2019-01-01,48.998944,-102.551944,173,6779
3403,Portal,North Dakota,US-Canada Border,2019-02-01,48.998944,-102.551944,125,6218
3403,Portal,North Dakota,US-Canada Border,2019-03-01,48.998944,-102.551944,135,7351
3403,Portal,North Dakota,US-Canada Border,2019-04-01,48.998944,-102.551944,138,7592
3403,Portal,North Dakota,US-Canada Border,2019-05-01,48.998944,-102.551944,145,7774
3403,Portal,North Dakota,US-Canada Border,2019-06-01,48.998944,-102.551944,148,7079
3403,Portal,North Dakota,US-Canada Border,2019-07-01,48.998944,-102.551944,167,6790
3403,Portal,North Dakota,US-Canada Border,2019-08-01,48.998944,-102.551944,163,6707
3403,Portal,North Dakota,US-Canada Border,2019-09-01,48.998944,-102.551944,142,6270
3403,Portal,North Dakota,US-Canada Border,2019-10-01,48.998944,-102.551944,152,6423
3403,Portal,North Dakota,US-Canada Border,2019-11-01,48.998944,-102.551944,176,6195
3403,Portal,North Dakota,US-Canada Border,2019-12-01,48.998944,-102.551944,178,6193
3403,Portal,North Dakota,US-Canada Border,2020-01-01,48.998944,-102.551944,172,6581
3403,Portal,North Dakota,US-Canada Border,2020-02-01,48.998944,-102.551944,153,6557
3403,Portal,North Dakota,US-Canada Border,2020-03-01,48.998944,-102.551944,174,7176
3403,Portal,North Dakota,US-Canada Border,2020-04-01,48.998944,-102.551944,115,6444
3403,Portal,North Dakota,US-Canada Border,2020-05-01,48.998944,-102.551944,116,6409
3403,Portal,North Dakota,US-Canada Border,2020-06-01,48.998944,-102.551944,106,7290
3403,Portal,North Dakota,US-Canada Border,2020-07-01,48.998944,-102.551944,102,6813
3403,Portal,North Dakota,US-Canada Border,2020-08-01,48.998944,-102.551944,121,6622
3403,Portal,North Dakota,US-Canada Border,2020-09-01,48.998944,-102.551944,122,6958
3403,Portal,North Dakota,US-Canada Border,2020-10-01,48.998944,-102.551944,140,6881
3403,Portal,North Dakota,US-Canada Border,2020-11-01,48.998944,-102.551944,148,6395
3403,Portal,North Dakota,US-Canada Border,2020-12-01,48.998944,-102.551944,150,5975
3403,Portal,North Dakota,US-Canada Border,2021-01-01,48.998944,-102.551944,163,6743
3403,Portal,North Dakota,US-Canada Border,2021-02-01,48.998944,-102.551944,134,6593
3403,Portal,North Dakota,US-Canada Border,2021-03-01,48.998944,-102.551944,158,8096
3403,Portal,North Dakota,US-Canada Border,2021-04-01,48.998944,-102.551944,138,7827
3403,Portal,North Dakota,US-Canada Border,2021-05-01,48.998944,-102.551944,143,7588
3403,Portal,North Dakota,US-Canada Border,2021-06-01,48.998944,-102.551944,119,7930
3403,Portal,North Dakota,US-Canada Border,2021-07-01,48.998944,-102.551944,100,7410
3403,Portal,North Dakota,US-Canada Border,2021-08-01,48.998944,-102.551944,111,7702
3403,Portal,North Dakota,US-Canada Border,2021-09-01,48.998944,-102.551944,96,7775
3403,Portal,North Dakota,US-Canada Border,2021-10-01,48.998944,-102.551944,157,7415
3403,Portal,North Dakota,US-Canada Border,2021-11-01,48.998944,-102.551944,162,7365
3403,Portal,North Dakota,US-Canada Border,2021-12-01,48.998944,-102.551944,151,6215
3403,Portal,North Dakota,US-Canada Border,2022-01-01,48.998944,-102.551944,169,6442
3403,Portal,North Dakota,US-Canada Border,2022-02-01,48.998944,-102.551944,159,6825
3403,Portal,North Dakota,US-Canada Border,2022-03-01,48.998944,-102.551944,155,8148
3403,Portal,North Dakota,US-Canada Border,2022-04-01,48.998944,-102.551944,150,7514
3403,Portal,North Dakota,US-Canada Border,2022-05-01,48.998944,-102.551944,172,8360
3403,Portal,North Dakota,US-Canada Border,2022-06-01,48.998944,-102.551944,147,8801
3403,Portal,North Dakota,US-Canada Border,2022-07-01,48.998944,-102.551944,127,8250
3403,Portal,North Dakota,US-Canada Border,2022-08-01,48.998944,-102.551944,125,8116
3403,Portal,North Dakota,US-Canada Border,2022-09-01,48.998944,-102.551944,100,7365
3403,Portal,North Dakota,US-Canada Border,2022-10-01,48.998944,-102.551944,127,7604
3403,Portal,North Dakota,US-Canada Border,2022-11-01,48.998944,-102.551944,143,6781
3403,Portal,North Dakota,US-Canada Border,2022-12-01,48.998944,-102.551944,126,5439
3403,Portal,North Dakota,US-Canada Border,2023-01-01,48.998944,-102.551944,131,7435
3403,Portal,North Dakota,US-Canada Border,2023-02-01,48.998944,-102.551944,108,6920
3403,Portal,North Dakota,US-Canada Border,2023-03-01,48.998944,-102.551944,94,8002
3403,Portal,North Dakota,US-Canada Border,2023-04-01,48.998944,-102.551944,121,7453
3403,Portal,North Dakota,US-Canada Border,2023-05-01,48.998944,-102.551944,124,7828
3403,Portal,North Dakota,US-Canada Border,2023-06-01,48.998944,-102.551944,102,7579
3403,Portal,North Dakota,US-Canada Border,2023-07-01,48.998944,-102.551944,97,7686
3403,Portal,North Dakota,US-Canada Border,2023-08-01,48.998944,-102.551944,124,7550
3403,Portal,North Dakota,US-Canada Border,2023-09-01,48.998944,-102.551944,110,7322
3403,Portal,North Dakota,US-Canada Border,2023-10-01,48.998944,-102.551944,139,7856
3403,Portal,North Dakota,US-Canada Border,2023-11-01,48.998944,-102.551944,155,7669
3403,Portal,North Dakota,US-Canada Border,2023-12-01,48.998944,-102.551944,143,6733
3403,Portal,North Dakota,US-Canada Border,2024-01-01,48.998944,-102.551944,133,7288
3403,Portal,North Dakota,US-Canada Border,2024-02-01,48.998944,-102.551944,132,7400
3403,Portal,North Dakota,US-Canada Border,2024-03-01,48.998944,-102.551944,132,8066
3403,Portal,North Dakota,US-Canada Border,2024-04-01,48.998944,-102.551944,130,8403
3403,Portal,North Dakota,US-Canada Border,2024-05-01,48.998944,-102.551944,141,8365
3403,Portal,North Dakota,US-Canada Border,2024-06-01,48.998944,-102.551944,109,8541
3403,Portal,North Dakota,US-Canada Border,2024-07-01,48.998944,-102.551944,110,8819
3403,Portal,North Dakota,US-Canada Border,2024-08-01,48.998944,-102.551944,95,8566
3403,Portal,North Dakota,US-Canada Border,2024-09-01,48.998944,-102.551944,89,8184
3403,Portal,North Dakota,US-Canada Border,2024-10-01,48.998944,-102.551944,129,8220
3403,Portal,North Dakota,US-Canada Border,2024-11-01,48.998944,-102.551944,132,7827
3403,Portal,North Dakota,US-Canada Border,2024-12-01,48.998944,-102.551944,119,6999
3404,Neche,North Dakota,US-Canada Border,2018-01-01,49.000527,-97.557333,0,609
3404,Neche,North Dakota,US-Canada Border,2018-02-01,49.000527,-97.557333,0,460
3404,Neche,North Dakota,US-Canada Border,2018-03-01,49.000527,-97.557333,0,367
3404,Neche,North Dakota,US-Canada Border,2018-04-01,49.000527,-97.557333,0,478
3404,Neche,North Dakota,US-Canada Border,2018-05-01,49.000527,-97.557333,0,623
3404,Neche,North Dakota,US-Canada Border,2018-06-01,49.000527,-97.557333,0,616
3404,Neche,North Dakota,US-Canada Border,2018-07-01,49.000527,-97.557333,0,641
3404,Neche,North Dakota,US-Canada Border,2018-08-01,49.000527,-97.557333,0,502
3404,Neche,North Dakota,US-Canada Border,2018-09-01,49.000527,-97.557333,0,1181
3404,Neche,North Dakota,US-Canada Border,2018-10-01,49.000527,-97.557333,0,1223
3404,Neche,North Dakota,US-Canada Border,2018-11-01,49.000527,-97.557333,0,846
3404,Neche,North Dakota,US-Canada Border,2018-12-01,49.000527,-97.557333,0,692
3404,Neche,North Dakota,US-Canada Border,2019-01-01,49.000527,-97.557333,0,575
3404,Neche,North Dakota,US-Canada Border,2019-02-01,49.000527,-97.557333,0,588
3404,Neche,North Dakota,US-Canada Border,2019-03-01,49.000527,-97.557333,0,584
3404,Neche,North Dakota,US-Canada Border,2019-04-01,49.000527,-97.557333,0,496
3404,Neche,North Dakota,US-Canada Border,2019-05-01,49.000527,-97.557333,0,497
3404,Neche,North Dakota,US-Canada Border,2019-06-01,49.000527,-97.557333,0,494
3404,Neche,North Dakota,US-Canada Border,2019-07-01,49.000527,-97.557333,0,841
3404,Neche,North Dakota,US-Canada Border,2019-08-01,49.000527,-97.557333,0,787
3404,Neche,North Dakota,US-Canada Border,2019-09-01,49.000527,-97.557333,0,766
3404,Neche,North Dakota,US-Canada Border,2019-10-01,49.000527,-97.557333,0,877
3404,Neche,North Dakota,US-Canada Border,2019-11-01,49.000527,-97.557333,0,668
3404,Neche,North Dakota,US-Canada Border,2019-12-01,49.000527,-97.557333,0,662
3404,Neche,North Dakota,US-Canada Border,2020-01-01,49.000527,-97.557333,0,679
3404,Neche,North Dakota,US-Canada Border,2020-02-01,49.000527,-97.557333,0,565
3404,Neche,North Dakota,US-Canada Border,2020-03-01,49.000527,-97.557333,0,428
3404,Neche,North Dakota,US-Canada Border,2020-04-01,49.000527,-97.557333,0,249
3404,Neche,North Dakota,US-Canada Border,2020-05-01,49.000527,-97.557333,0,363
3404,Neche,North Dakota,US-Canada Border,2020-06-01,49.000527,-97.557333,0,526
3404,Neche,North Dakota,US-Canada Border,2020-07-01,49.000527,-97.557333,0,588
3404,Neche,North Dakota,US-Canada Border,2020-08-01,49.000527,-97.557333,0,583
3404,Neche,North Dakota,US-Canada Border,2020-09-01,49.000527,-97.557333,0,626
3404,Neche,North Dakota,US-Canada Border,2020-10-01,49.000527,-97.557333,0,595
3404,Neche,North Dakota,US-Canada Border,2020-11-01,49.000527,-97.557333,0,434
3404,Neche,North Dakota,US-Canada Border,2020-12-01,49.000527,-97.557333,0,592
3404,Neche,North Dakota,US-Canada Border,2021-01-01,49.000527,-97.557333,0,704
3404,Neche,North Dakota,US-Canada Border,2021-02-01,49.000527,-97.557333,0,366
3404,Neche,North Dakota,US-Canada Border,2021-03-01,49.000527,-97.557333,0,443
3404,Neche,North Dakota,US-Canada Border,2021-04-01,49.000527,-97.557333,0,341
3404,Neche,North Dakota,US-Canada Border,2021-05-01,49.000527,-97.557333,0,340
3404,Neche,North Dakota,US-Canada Border,2021-06-01,49.000527,-97.557333,0,574
3404,Neche,North Dakota,US-Canada Border,2021-07-01,49.000527,-97.557333,0,532
3404,Neche,North Dakota,US-Canada Border,2021-08-01,49.000527,-97.557333,0,561
3404,Neche,North Dakota,US-Canada Border,2021-09-01,49.000527,-97.557333,0,590
3404,Neche,North Dakota,US-Canada Border,2021-10-01,49.000527,-97.557333,0,602
3404,Neche,North Dakota,US-Canada Border,2021-11-01,49.000527,-97.557333,0,611
3404,Neche,North Dakota,US-Canada Border,2021-12-01,49.000527,-97.557333,0,897
3404,Neche,North Dakota,US-Canada Border,2022-01-01,49.000527,-97.557333,0,713
3404,Neche,North Dakota,US-Canada Border,2022-02-01,49.000527,-97.557333,0,1429
3404,Neche,North Dakota,US-Canada Border,2022-03-01,49.000527,-97.557333,0,758
3404,Neche,North Dakota,US-Canada Border,2022-04-01,49.000527,-97.557333,0,464
3404,Neche,North Dakota,US-Canada Border,2022-05-01,49.000527,-97.557333,0,134
3404,Neche,North Dakota,US-Canada Border,2022-06-01,49.000527,-97.557333,0,565
3404,Neche,North Dakota,US-Canada Border,2022-07-01,49.000527,-97.557333,0,431
3404,Neche,North Dakota,US-Canada Border,2022-08-01,49.000527,-97.557333,0,531
3404,Neche,North Dakota,US-Canada Border,2022-09-01,49.000527,-97.557333,0,692
3404,Neche,North Dakota,US-Canada Border,2022-10-01,49.000527,-97.557333,0,863
3404,Neche,North Dakota,US-Canada Border,2022-11-01,49.000527,-97.557333,0,785
3404,Neche,North Dakota,US-Canada Border,2022-12-01,49.000527,-97.557333,0,654
3404,Neche,North Dakota,US-Canada Border,2023-01-01,49.000527,-97.557333,0,734
3404,Neche,North Dakota,US-Canada Border,2023-02-01,49.000527,-97.557333,0,669
3404,Neche,North Dakota,US-Canada Border,2023-03-01,49.000527,-97.557333,0,674
3404,Neche,North Dakota,US-Canada Border,2023-04-01,49.000527,-97.557333,0,551
3404,Neche,North Dakota,US-Canada Border,2023-05-01,49.000527,-97.557333,0,489
3404,Neche,North Dakota,US-Canada Border,2023-06-01,49.000527,-97.557333,0,494
3404,Neche,North Dakota,US-Canada Border,2023-07-01,49.000527,-97.557333,0,699
3404,Neche,North Dakota,US-Canada Border,2023-08-01,49.000527,-97.557333,0,619
3404,Neche,North Dakota,US-Canada Border,2023-09-01,49.000527,-97.557333,0,1063
3404,Neche,North Dakota,US-Canada Border,2023-10-01,49.000527,-97.557333,0,1166
3404,Neche,North Dakota,US-Canada Border,2023-11-01,49.000527,-97.557333,0,985
3404,Neche,North Dakota,US-Canada Border,2023-12-01,49.000527,-97.557333,0,748
3404,Neche,North Dakota,US-Canada Border,2024-01-01,49.000527,-97.557333,0,801
3404,Neche,North Dakota,US-Canada Border,2024-02-01,49.000527,-97.557333,0,458
3404,Neche,North Dakota,US-Canada Border,2024-03-01,49.000527,-97.557333,0,390
3404,Neche,North Dakota,US-Canada Border,2024-04-01,49.000527,-97.557333,0,363
3404,Neche,North Dakota,US-Canada Border,2024-05-01,49.000527,-97.557333,0,496
3404,Neche,North Dakota,US-Canada Border,2024-06-01,49.000527,-97.557333,0,551
3404,Neche,North Dakota,US-Canada Border,2024-07-01,49.000527,-97.557333,0,658
3404,Neche,North Dakota,US-Canada Border,2024-08-01,49.000527,-97.557333,0,676
3404,Neche,North Dakota,US-Canada Border,2024-09-01,49.000527,-97.557333,0,968
3404,Neche,North Dakota,US-Canada Border,2024-10-01,49.000527,-97.557333,0,1090
3404,Neche,North Dakota,US-Canada Border,2024-11-01,49.000527,-97.557333,0,713
3404,Neche,North Dakota,US-Canada Border,2024-12-01,49.000527,-97.557333,0,606
3405,St John,North Dakota,US-Canada Border,2018-01-01,48.999277,-99.659111,0,26
3405,St John,North Dakota,US-Canada Border,2018-02-01,48.999277,-99.659111,0,36
3405,St John,North Dakota,US-Canada Border,2018-03-01,48.999277,-99.659111,0,52
3405,St John,North Dakota,US-Canada Border,2018-04-01,48.999277,-99.659111,0,71
3405,St John,North Dakota,US-Canada Border,2018-05-01,48.999277,-99.659111,0,83
3405,St John,North Dakota,US-Canada Border,2018-06-01,48.999277,-99.659111,0,103
3405,St John,North Dakota,US-Canada Border,2018-07-01,48.999277,-99.659111,0,107
3405,St John,North Dakota,US-Canada Border,2018-08-01,48.999277,-99.659111,0,79
3405,St John,North Dakota,US-Canada Border,2018-09-01,48.999277,-99.659111,0,56
3405,St John,North Dakota,US-Canada Border,2018-10-01,48.999277,-99.659111,0,99
3405,St John,North Dakota,US-Canada Border,2018-11-01,48.999277,-99.659111,0,146
3405,St John,North Dakota,US-Canada Border,2018-12-01,48.999277,-99.659111,0,88
3405,St John,North Dakota,US-Canada Border,2019-01-01,48.999277,-99.659111,0,142
3405,St John,North Dakota,US-Canada Border,2019-02-01,48.999277,-99.659111,0,142
3405,St John,North Dakota,US-Canada Border,2019-03-01,48.999277,-99.659111,0,131
3405,St John,North Dakota,US-Canada Border,2019-04-01,48.999277,-99.659111,0,12
3405,St John,North Dakota,US-Canada Border,2019-05-01,48.999277,-99.659111,0,67
3405,St John,North Dakota,US-Canada Border,2019-06-01,48.999277,-99.659111,0,77
3405,St John,North Dakota,US-Canada Border,2019-07-01,48.999277,-99.659111,0,105
3405,St John,North Dakota,US-Canada Border,2019-08-01,48.999277,-99.659111,0,115
3405,St John,North Dakota,US-Canada Border,2019-09-01,48.999277,-99.659111,0,66
3405,St John,North Dakota,US-Canada Border,2019-10-01,48.999277,-99.659111,0,89
3405,St John,North Dakota,US-Canada Border,2019-11-01,48.999277,-99.659111,0,16
3405,St John,North Dakota,US-Canada Border,2019-12-01,48.999277,-99.659111,0,22
3405,St John,North Dakota,US-Canada Border,2020-01-01,48.999277,-99.659111,0,18
3405,St John,North Dakota,US-Canada Border,2020-02-01,48.999277,-99.659111,0,42
3405,St John,North Dakota,US-Canada Border,2020-03-01,48.999277,-99.659111,0,38
3405,St John,North Dakota,US-Canada Border,2020-04-01,48.999277,-99.659111,0,14
3405,St John,North Dakota,US-Canada Border,2020-05-01,48.999277,-99.659111,0,27
3405,St John,North Dakota,US-Canada Border,2020-06-01,48.999277,-99.659111,0,41
3405,St John,North Dakota,US-Canada Border,2020-07-01,48.999277,-99.659111,0,40
3405,St John,North Dakota,US-Canada Border,2020-08-01,48.999277,-99.659111,0,47
3405,St John,North Dakota,US-Canada Border,2020-09-01,48.999277,-99.659111,0,26
3405,St John,North Dakota,US-Canada Border,2020-10-01,48.999277,-99.659111,0,39
3405,St John,North Dakota,US-Canada Border,2020-11-01,48.999277,-99.659111,0,28
3405,St John,North Dakota,US-Canada Border,2020-12-01,48.999277,-99.659111,0,21
3405,St John,North Dakota,US-Canada Border,2021-01-01,48.999277,-99.659111,0,35
3405,St John,North Dakota,US-Canada Border,2021-02-01,48.999277,-99.659111,0,22
3405,St John,North Dakota,US-Canada Border,2021-03-01,48.999277,-99.659111,0,16
3405,St John,North Dakota,US-Canada Border,2021-04-01,48.999277,-99.659111,0,11
3405,St John,North Dakota,US-Canada Border,2021-05-01,48.999277,-99.659111,0,33
3405,St John,North Dakota,US-Canada Border,2021-06-01,48.999277,-99.659111,0,48
3405,St John,North Dakota,US-Canada Border,2021-07-01,48.999277,-99.659111,0,36
3405,St John,North Dakota,US-Canada Border,2021-08-01,48.999277,-99.659111,0,10
3405,St John,North Dakota,US-Canada Border,2021-09-01,48.999277,-99.659111,0,34
3405,St John,North Dakota,US-Canada Border,2021-10-01,48.999277,-99.659111,0,48
3405,St John,North Dakota,US-Canada Border,2021-11-01,48.999277,-99.659111,0,141
3405,St John,North Dakota,US-Canada Border,2021-12-01,48.999277,-99.659111,0,106
3405,St John,North Dakota,US-Canada Border,2022-01-01,48.999277,-99.659111,0,81
3405,St John,North Dakota,US-Canada Border,2022-02-01,48.999277,-99.659111,0,78
3405,St John,North Dakota,US-Canada Border,2022-03-01,48.999277,-99.659111,0,80
3405,St John,North Dakota,US-Canada Border,2022-04-01,48.999277,-99.659111,0,10
3405,St John,North Dakota,US-Canada Border,2022-05-01,48.999277,-99.659111,0,34
3405,St John,North Dakota,US-Canada Border,2022-06-01,48.999277,-99.659111,0,73
3405,St John,North Dakota,US-Canada Border,2022-07-01,48.999277,-99.659111,0,80
3405,St John,North Dakota,US-Canada Border,2022-08-01,48.999277,-99.659111,0,149
3405,St John,North Dakota,US-Canada Border,2022-09-01,48.999277,-99.659111,0,83
3405,St John,North Dakota,US-Canada Border,2022-10-01,48.999277,-99.659111,0,99
3405,St John,North Dakota,US-Canada Border,2022-11-01,48.999277,-99.659111,0,59
3405,St John,North Dakota,US-Canada Border,2022-12-01,48.999277,-99.659111,0,47
3405,St John,North Dakota,US-Canada Border,2023-01-01,48.999277,-99.659111,0,62
3405,St John,North Dakota,US-Canada Border,2023-02-01,48.999277,-99.659111,0,37
3405,St John,North Dakota,US-Canada Border,2023-03-01,48.999277,-99.659111,0,33
3405,St John,North Dakota,US-Canada Border,2023-04-01,48.999277,-99.659111,0,16
3405,St John,North Dakota,US-Canada Border,2023-05-01,48.999277,-99.659111,0,28
3405,St John,North Dakota,US-Canada Border,2023-06-01,48.999277,-99.659111,0,103
3405,St John,North Dakota,US-Canada Border,2023-07-01,48.999277,-99.659111,0,96
3405,St John,North Dakota,US-Canada Border,2023-08-01,48.999277,-99.659111,0,24
3405,St John,North Dakota,US-Canada Border,2023-09-01,48.999277,-99.659111,0,39
3405,St John,North Dakota,US-Canada Border,2023-10-01,48.999277,-99.659111,0,83
3405,St John,North Dakota,US-Canada Border,2023-11-01,48.999277,-99.659111,0,91
3405,St John,North Dakota,US-Canada Border,2023-12-01,48.999277,-99.659111,0,80
3405,St John,North Dakota,US-Canada Border,2024-01-01,48.999277,-99.659111,0,82
3405,St John,North Dakota,US-Canada Border,2024-02-01,48.999277,-99.659111,0,73
3405,St John,North Dakota,US-Canada Border,2024-03-01,48.999277,-99.659111,0,30
3405,St John,North Dakota,US-Canada Border,2024-04-01,48.999277,-99.659111,0,11
3405,St John,North Dakota,US-Canada Border,2024-05-01,48.999277,-99.659111,0,75
3405,St John,North Dakota,US-Canada Border,2024-06-01,48.999277,-99.659111,0,95
3405,St John,North Dakota,US-Canada Border,2024-07-01,48.999277,-99.659111,0,71
3405,St John,North Dakota,US-Canada Border,2024-08-01,48.999277,-99.659111,0,124
3405,St John,North Dakota,US-Canada Border,2024-09-01,48.999277,-99.659111,0,85
3405,St John,North Dakota,US-Canada Border,2024-10-01,48.999277,-99.659111,0,119
3405,St John,North Dakota,US-Canada Border,2024-11-01,48.999277,-99.659111,0,71
3405,St John,North Dakota,US-Canada Border,2024-12-01,48.999277,-99.659111,0,42
3406,Northgate,North Dakota,US-Canada Border,2018-01-01,48.998833,-102.27475,18,891
3406,Northgate,North Dakota,US-Canada Border,2018-02-01,48.998833,-102.27475,15,836
3406,Northgate,North Dakota,US-Canada Border,2018-03-01,48.998833,-102.27475,16,994
3406,Northgate,North Dakota,US-Canada Border,2018-04-01,48.998833,-102.27475,13,1578
3406,Northgate,North Dakota,US-Canada Border,2018-05-01,48.998833,-102.27475,14,1269
3406,Northgate,North Dakota,US-Canada Border,2018-06-01,48.998833,-102.27475,13,1254
3406,Northgate,North Dakota,US-Canada Border,2018-07-01,48.998833,-102.27475,13,1350
3406,Northgate,North Dakota,US-Canada Border,2018-08-01,48.998833,-102.27475,16,1197
3406,Northgate,North Dakota,US-Canada Border,2018-09-01,48.998833,-102.27475,14,927
3406,Northgate,North Dakota,US-Canada Border,2018-10-01,48.998833,-102.27475,16,870
3406,Northgate,North Dakota,US-Canada Border,2018-11-01,48.998833,-102.27475,18,769
3406,Northgate,North Dakota,US-Canada Border,2018-12-01,48.998833,-102.27475,16,804
3406,Northgate,North Dakota,US-Canada Border,2019-01-01,48.998833,-102.27475,18,764
3406,Northgate,North Dakota,US-Canada Border,2019-02-01,48.998833,-102.27475,12,619
3406,Northgate,North Dakota,US-Canada Border,2019-03-01,48.998833,-102.27475,15,843
3406,Northgate,North Dakota,US-Canada Border,2019-04-01,48.998833,-102.27475,17,804
3406,Northgate,North Dakota,US-Canada Border,2019-05-01,48.998833,-102.27475,17,940
3406,Northgate,North Dakota,US-Canada Border,2019-06-01,48.998833,-102.27475,15,1162
3406,Northgate,North Dakota,US-Canada Border,2019-07-01,48.998833,-102.27475,18,1107
3406,Northgate,North Dakota,US-Canada Border,2019-08-01,48.998833,-102.27475,15,1009
3406,Northgate,North Dakota,US-Canada Border,2019-09-01,48.998833,-102.27475,14,990
3406,Northgate,North Dakota,US-Canada Border,2019-10-01,48.998833,-102.27475,14,864
3406,Northgate,North Dakota,US-Canada Border,2019-11-01,48.998833,-102.27475,14,851
3406,Northgate,North Dakota,US-Canada Border,2019-12-01,48.998833,-102.27475,16,765
3406,Northgate,North Dakota,US-Canada Border,2020-01-01,48.998833,-102.27475,14,767
3406,Northgate,North Dakota,US-Canada Border,2020-02-01,48.998833,-102.27475,14,599
3406,Northgate,North Dakota,US-Canada Border,2020-03-01,48.998833,-102.27475,15,721
3406,Northgate,North Dakota,US-Canada Border,2020-04-01,48.998833,-102.27475,17,573
3406,Northgate,North Dakota,US-Canada Border,2020-05-01,48.998833,-102.27475,17,698
3406,Northgate,North Dakota,US-Canada Border,2020-06-01,48.998833,-102.27475,15,738
3406,Northgate,North Dakota,US-Canada Border,2020-07-01,48.998833,-102.27475,15,721
3406,Northgate,North Dakota,US-Canada Border,2020-08-01,48.998833,-102.27475,14,686
3406,Northgate,North Dakota,US-Canada Border,2020-09-01,48.998833,-102.27475,17,690
3406,Northgate,North Dakota,US-Canada Border,2020-10-01,48.998833,-102.27475,15,685
3406,Northgate,North Dakota,US-Canada Border,2020-11-01,48.998833,-102.27475,15,575
3406,Northgate,North Dakota,US-Canada Border,2020-12-01,48.998833,-102.27475,16,588
3406,Northgate,North Dakota,US-Canada Border,2021-01-01,48.998833,-102.27475,17,562
3406,Northgate,North Dakota,US-Canada Border,2021-02-01,48.998833,-102.27475,15,430
3406,Northgate,North Dakota,US-Canada Border,2021-03-01,48.998833,-102.27475,19,718
3406,Northgate,North Dakota,US-Canada Border,2021-04-01,48.998833,-102.27475,15,432
3406,Northgate,North Dakota,US-Canada Border,2021-05-01,48.998833,-102.27475,15,567
3406,Northgate,North Dakota,US-Canada Border,2021-06-01,48.998833,-102.27475,17,636
3406,Northgate,North Dakota,US-Canada Border,2021-07-01,48.998833,-102.27475,15,589
3406,Northgate,North Dakota,US-Canada Border,2021-08-01,48.998833,-102.27475,16,471
3406,Northgate,North Dakota,US-Canada Border,2021-09-01,48.998833,-102.27475,16,609
3406,Northgate,North Dakota,US-Canada Border,2021-10-01,48.998833,-102.27475,18,516
3406,Northgate,North Dakota,US-Canada Border,2021-11-01,48.998833,-102.27475,11,400
3406,Northgate,North Dakota,US-Canada Border,2021-12-01,48.998833,-102.27475,16,375
3406,Northgate,North Dakota,US-Canada Border,2022-01-01,48.998833,-102.27475,8,329
3406,Northgate,North Dakota,US-Canada Border,2022-02-01,48.998833,-102.27475,11,301
3406,Northgate,North Dakota,US-Canada Border,2022-03-01,48.998833,-102.27475,10,400
3406,Northgate,North Dakota,US-Canada Border,2022-04-01,48.998833,-102.27475,10,269
3406,Northgate,North Dakota,US-Canada Border,2022-05-01,48.998833,-102.27475,14,382
3406,Northgate,North Dakota,US-Canada Border,2022-06-01,48.998833,-102.27475,10,402
3406,Northgate,North Dakota,US-Canada Border,2022-07-01,48.998833,-102.27475,10,350
3406,Northgate,North Dakota,US-Canada Border,2022-08-01,48.998833,-102.27475,10,352
3406,Northgate,North Dakota,US-Canada Border,2022-09-01,48.998833,-102.27475,14,360
3406,Northgate,North Dakota,US-Canada Border,2022-10-01,48.998833,-102.27475,11,283
3406,Northgate,North Dakota,US-Canada Border,2022-11-01,48.998833,-102.27475,14,247
3406,Northgate,North Dakota,US-Canada Border,2022-12-01,48.998833,-102.27475,10,287
3406,Northgate,North Dakota,US-Canada Border,2023-01-01,48.998833,-102.27475,12,285
3406,Northgate,North Dakota,US-Canada Border,2023-02-01,48.998833,-102.27475,11,372
3406,Northgate,North Dakota,US-Canada Border,2023-03-01,48.998833,-102.27475,11,400
3406,Northgate,North Dakota,US-Canada Border,2023-04-01,48.998833,-102.27475,13,390
3406,Northgate,North Dakota,US-Canada Border,2023-05-01,48.998833,-102.27475,9,499
3406,Northgate,North Dakota,US-Canada Border,2023-06-01,48.998833,-102.27475,11,432
3406,Northgate,North Dakota,US-Canada Border,2023-07-01,48.998833,-102.27475,14,593
3406,Northgate,North Dakota,US-Canada Border,2023-08-01,48.998833,-102.27475,19,287
3406,Northgate,North Dakota,US-Canada Border,2023-09-01,48.998833,-102.27475,21,354
3406,Northgate,North Dakota,US-Canada Border,2023-10-01,48.998833,-102.27475,26,315
3406,Northgate,North Dakota,US-Canada Border,2023-11-01,48.998833,-102.27475,22,355
3406,Northgate,North Dakota,US-Canada Border,2023-12-01,48.998833,-102.27475,21,349
3406,Northgate,North Dakota,US-Canada Border,2024-01-01,48.998833,-102.27475,22,357
3406,Northgate,North Dakota,US-Canada Border,2024-02-01,48.998833,-102.27475,22,308
3406,Northgate,North Dakota,US-Canada Border,2024-03-01,48.998833,-102.27475,19,338
3406,Northgate,North Dakota,US-Canada Border,2024-04-01,48.998833,-102.27475,25,292
3406,Northgate,North Dakota,US-Canada Border,2024-05-01,48.998833,-102.27475,22,489
3406,Northgate,North Dakota,US-Canada Border,2024-06-01,48.998833,-102.27475,22,654
3406,Northgate,North Dakota,US-Canada Border,2024-07-01,48.998833,-102.27475,22,675
3406,Northgate,North Dakota,US-Canada Border,2024-08-01,48.998833,-102.27475,23,371
3406,Northgate,North Dakota,US-Canada Border,2024-09-01,48.998833,-102.27475,26,201
3406,Northgate,North Dakota,US-Canada Border,2024-10-01,48.998833,-102.27475,25,234
3406,Northgate,North Dakota,US-Canada Border,2024-11-01,48.998833,-102.27475,22,330
3406,Northgate,North Dakota,US-Canada Border,2024-12-01,48.998833,-102.27475,20,196
3407,Walhalla,North Dakota,US-Canada Border,2018-01-01,49.000472,-97.908416,0,470
3407,Walhalla,North Dakota,US-Canada Border,2018-02-01,49.000472,-97.908416,0,639
3407,Walhalla,North Dakota,US-Canada Border,2018-03-01,49.000472,-97.908416,0,462
3407,Walhalla,North Dakota,US-Canada Border,2018-04-01,49.000472,-97.908416,0,487
3407,Walhalla,North Dakota,US-Canada Border,2018-05-01,49.000472,-97.908416,0,1144
3407,Walhalla,North Dakota,US-Canada Border,2018-06-01,49.000472,-97.908416,0,702
3407,Walhalla,North Dakota,US-Canada Border,2018-07-01,49.000472,-97.908416,0,714
3407,Walhalla,North Dakota,US-Canada Border,2018-08-01,49.000472,-97.908416,0,717
3407,Walhalla,North Dakota,US-Canada Border,2018-09-01,49.000472,-97.908416,0,691
3407,Walhalla,North Dakota,US-Canada Border,2018-10-01,49.000472,-97.908416,0,817
3407,Walhalla,North Dakota,US-Canada Border,2018-11-01,49.000472,-97.908416,0,803
3407,Walhalla,North Dakota,US-Canada Border,2018-12-01,49.000472,-97.908416,0,545
3407,Walhalla,North Dakota,US-Canada Border,2019-01-01,49.000472,-97.908416,0,562
3407,Walhalla,North Dakota,US-Canada Border,2019-02-01,49.000472,-97.908416,0,392
3407,Walhalla,North Dakota,US-Canada Border,2019-03-01,49.000472,-97.908416,0,481
3407,Walhalla,North Dakota,US-Canada Border,2019-04-01,49.000472,-97.908416,0,713
3407,Walhalla,North Dakota,US-Canada Border,2019-05-01,49.000472,-97.908416,0,775
3407,Walhalla,North Dakota,US-Canada Border,2019-06-01,49.000472,-97.908416,0,909
3407,Walhalla,North Dakota,US-Canada Border,2019-07-01,49.000472,-97.908416,0,1124
3407,Walhalla,North Dakota,US-Canada Border,2019-08-01,49.000472,-97.908416,0,990
3407,Walhalla,North Dakota,US-Canada Border,2019-09-01,49.000472,-97.908416,0,910
3407,Walhalla,North Dakota,US-Canada Border,2019-10-01,49.000472,-97.908416,0,753
3407,Walhalla,North Dakota,US-Canada Border,2019-11-01,49.000472,-97.908416,0,584
3407,Walhalla,North Dakota,US-Canada Border,2019-12-01,49.000472,-97.908416,0,680
3407,Walhalla,North Dakota,US-Canada Border,2020-01-01,49.000472,-97.908416,0,607
3407,Walhalla,North Dakota,US-Canada Border,2020-02-01,49.000472,-97.908416,0,708
3407,Walhalla,North Dakota,US-Canada Border,2020-03-01,49.000472,-97.908416,0,728
3407,Walhalla,North Dakota,US-Canada Border,2020-04-01,49.000472,-97.908416,0,490
3407,Walhalla,North Dakota,US-Canada Border,2020-05-01,49.000472,-97.908416,0,406
3407,Walhalla,North Dakota,US-Canada Border,2020-06-01,49.000472,-97.908416,0,625
3407,Walhalla,North Dakota,US-Canada Border,2020-07-01,49.000472,-97.908416,0,668
3407,Walhalla,North Dakota,US-Canada Border,2020-08-01,49.000472,-97.908416,0,524
3407,Walhalla,North Dakota,US-Canada Border,2020-09-01,49.000472,-97.908416,0,688
3407,Walhalla,North Dakota,US-Canada Border,2020-10-01,49.000472,-97.908416,0,541
3407,Walhalla,North Dakota,US-Canada Border,2020-11-01,49.000472,-97.908416,0,539
3407,Walhalla,North Dakota,US-Canada Border,2020-12-01,49.000472,-97.908416,0,571
3407,Walhalla,North Dakota,US-Canada Border,2021-01-01,49.000472,-97.908416,0,593
3407,Walhalla,North Dakota,US-Canada Border,2021-02-01,49.000472,-97.908416,0,375
3407,Walhalla,North Dakota,US-Canada Border,2021-03-01,49.000472,-97.908416,0,638
3407,Walhalla,North Dakota,US-Canada Border,2021-04-01,49.000472,-97.908416,0,571
3407,Walhalla,North Dakota,US-Canada Border,2021-05-01,49.000472,-97.908416,0,629
3407,Walhalla,North Dakota,US-Canada Border,2021-06-01,49.000472,-97.908416,0,866
3407,Walhalla,North Dakota,US-Canada Border,2021-07-01,49.000472,-97.908416,0,869
3407,Walhalla,North Dakota,US-Canada Border,2021-08-01,49.000472,-97.908416,0,649
3407,Walhalla,North Dakota,US-Canada Border,2021-09-01,49.000472,-97.908416,0,685
3407,Walhalla,North Dakota,US-Canada Border,2021-10-01,49.000472,-97.908416,0,911
3407,Walhalla,North Dakota,US-Canada Border,2021-11-01,49.000472,-97.908416,0,845
3407,Walhalla,North Dakota,US-Canada Border,2021-12-01,49.000472,-97.908416,0,634
3407,Walhalla,North Dakota,US-Canada Border,2022-01-01,49.000472,-97.908416,0,631
3407,Walhalla,North Dakota,US-Canada Border,2022-02-01,49.000472,-97.908416,0,593
3407,Walhalla,North Dakota,US-Canada Border,2022-03-01,49.000472,-97.908416,0,666
3407,Walhalla,North Dakota,US-Canada Border,2022-04-01,49.000472,-97.908416,0,580
3407,Walhalla,North Dakota,US-Canada Border,2022-05-01,49.000472,-97.908416,0,883
3407,Walhalla,North Dakota,US-Canada Border,2022-06-01,49.000472,-97.908416,0,694
3407,Walhalla,North Dakota,US-Canada Border,2022-07-01,49.000472,-97.908416,0,600
3407,Walhalla,North Dakota,US-Canada Border,2022-08-01,49.000472,-97.908416,0,906
3407,Walhalla,North Dakota,US-Canada Border,2022-09-01,49.000472,-97.908416,0,688
3407,Walhalla,North Dakota,US-Canada Border,2022-10-01,49.000472,-97.908416,0,681
3407,Walhalla,North Dakota,US-Canada Border,2022-11-01,49.000472,-97.908416,0,483
3407,Walhalla,North Dakota,US-Canada Border,2022-12-01,49.000472,-97.908416,0,322
3407,Walhalla,North Dakota,US-Canada Border,2023-01-01,49.000472,-97.908416,0,323
3407,Walhalla,North Dakota,US-Canada Border,2023-02-01,49.000472,-97.908416,0,311
3407,Walhalla,North Dakota,US-Canada Border,2023-03-01,49.000472,-97.908416,0,444
3407,Walhalla,North Dakota,US-Canada Border,2023-04-01,49.000472,-97.908416,0,540
3407,Walhalla,North Dakota,US-Canada Border,2023-05-01,49.000472,-97.908416,0,881
3407,Walhalla,North Dakota,US-Canada Border,2023-06-01,49.000472,-97.908416,0,786
3407,Walhalla,North Dakota,US-Canada Border,2023-07-01,49.000472,-97.908416,0,584
3407,Walhalla,North Dakota,US-Canada Border,2023-08-01,49.000472,-97.908416,0,423
3407,Walhalla,North Dakota,US-Canada Border,2023-09-01,49.000472,-97.908416,0,747
3407,Walhalla,North Dakota,US-Canada Border,2023-10-01,49.000472,-97.908416,0,795
3407,Walhalla,North Dakota,US-Canada Border,2023-11-01,49.000472,-97.908416,0,863
3407,Walhalla,North Dakota,US-Canada Border,2023-12-01,49.000472,-97.908416,0,544
3407,Walhalla,North Dakota,US-Canada Border,2024-01-01,49.000472,-97.908416,0,545
3407,Walhalla,North Dakota,US-Canada Border,2024-02-01,49.000472,-97.908416,0,436
3407,Walhalla,North Dakota,US-Canada Border,2024-03-01,49.000472,-97.908416,0,488
3407,Walhalla,North Dakota,US-Canada Border,2024-04-01,49.000472,-97.908416,0,548
3407,Walhalla,North Dakota,US-Canada Border,2024-05-01,49.000472,-97.908416,0,431
3407,Walhalla,North Dakota,US-Canada Border,2024-06-01,49.000472,-97.908416,0,618
3407,Walhalla,North Dakota,US-Canada Border,2024-07-01,49.000472,-97.908416,0,610
3407,Walhalla,North Dakota,US-Canada Border,2024-08-01,49.000472,-97.908416,0,421
3407,Walhalla,North Dakota,US-Canada Border,2024-09-01,49.000472,-97.908416,0,529
3407,Walhalla,North Dakota,US-Canada Border,2024-10-01,49.000472,-97.908416,0,820
3407,Walhalla,North Dakota,US-Canada Border,2024-11-01,49.000472,-97.908416,0,539
3407,Walhalla,North Dakota,US-Canada Border,2024-12-01,49.000472,-97.908416,0,427
3408,Hannah,North Dakota,US-Canada Border,2018-01-01,49.000138,-98.693777,0,5
3408,Hannah,North Dakota,US-Canada Border,2018-02-01,49.000138,-98.693777,0,10
3408,Hannah,North Dakota,US-Canada Border,2018-03-01,49.000138,-98.693777,0,9
3408,Hannah,North Dakota,US-Canada Border,2018-06-01,49.000138,-98.693777,0,47
3408,Hannah,North Dakota,US-Canada Border,2018-10-01,49.000138,-98.693777,0,1
3408,Hannah,North Dakota,US-Canada Border,2019-01-01,49.000138,-98.693777,0,7
3408,Hannah,North Dakota,US-Canada Border,2019-02-01,49.000138,-98.693777,0,45
3408,Hannah,North Dakota,US-Canada Border,2019-03-01,49.000138,-98.693777,0,30
3408,Hannah,North Dakota,US-Canada Border,2019-04-01,49.000138,-98.693777,0,11
3408,Hannah,North Dakota,US-Canada Border,2019-05-01,49.000138,-98.693777,0,1
3408,Hannah,North Dakota,US-Canada Border,2019-07-01,49.000138,-98.693777,0,4
3408,Hannah,North Dakota,US-Canada Border,2019-08-01,49.000138,-98.693777,0,10
3408,Hannah,North Dakota,US-Canada Border,2019-10-01,49.000138,-98.693777,0,1
3408,Hannah,North Dakota,US-Canada Border,2019-12-01,49.000138,-98.693777,0,7
3408,Hannah,North Dakota,US-Canada Border,2020-01-01,49.000138,-98.693777,0,18
3408,Hannah,North Dakota,US-Canada Border,2020-02-01,49.000138,-98.693777,0,11
3408,Hannah,North Dakota,US-Canada Border,2020-03-01,49.000138,-98.693777,0,15
3408,Hannah,North Dakota,US-Canada Border,2020-04-01,49.000138,-98.693777,0,2
3408,Hannah,North Dakota,US-Canada Border,2020-05-01,49.000138,-98.693777,0,2
3408,Hannah,North Dakota,US-Canada Border,2020-06-01,49.000138,-98.693777,0,7
3408,Hannah,North Dakota,US-Canada Border,2020-07-01,49.000138,-98.693777,0,2
3408,Hannah,North Dakota,US-Canada Border,2020-08-01,49.000138,-98.693777,0,1
3408,Hannah,North Dakota,US-Canada Border,2020-11-01,49.000138,-98.693777,0,1
3408,Hannah,North Dakota,US-Canada Border,2020-12-01,49.000138,-98.693777,0,2
3408,Hannah,North Dakota,US-Canada Border,2021-01-01,49.000138,-98.693777,0,17
3408,Hannah,North Dakota,US-Canada Border,2021-02-01,49.000138,-98.693777,0,25
3408,Hannah,North Dakota,US-Canada Border,2021-03-01,49.000138,-98.693777,0,3
3408,Hannah,North Dakota,US-Canada Border,2021-05-01,49.000138,-98.693777,0,1
3408,Hannah,North Dakota,US-Canada Border,2021-06-01,49.000138,-98.693777,0,5
3408,Hannah,North Dakota,US-Canada Border,2021-07-01,49.000138,-98.693777,0,7
3408,Hannah,North Dakota,US-Canada Border,2021-08-01,49.000138,-98.693777,0,6
3408,Hannah,North Dakota,US-Canada Border,2021-09-01,49.000138,-98.693777,0,4
3408,Hannah,North Dakota,US-Canada Border,2021-11-01,49.000138,-98.693777,0,2
3408,Hannah,North Dakota,US-Canada Border,2021-12-01,49.000138,-98.693777,0,23
3408,Hannah,North Dakota,US-Canada Border,2022-01-01,49.000138,-98.693777,0,13
3408,Hannah,North Dakota,US-Canada Border,2022-02-01,49.000138,-98.693777,0,1
3408,Hannah,North Dakota,US-Canada Border,2022-03-01,49.000138,-98.693777,0,1
3408,Hannah,North Dakota,US-Canada Border,2022-09-01,49.000138,-98.693777,0,1
3408,Hannah,North Dakota,US-Canada Border,2022-10-01,49.000138,-98.693777,0,1
3408,Hannah,North Dakota,US-Canada Border,2022-11-01,49.000138,-98.693777,0,3
3408,Hannah,North Dakota,US-Canada Border,2022-12-01,49.000138,-98.693777,0,1
3408,Hannah,North Dakota,US-Canada Border,2023-01-01,49.000138,-98.693777,0,4
3408,Hannah,North Dakota,US-Canada Border,2023-02-01,49.000138,-98.693777,0,2
3408,Hannah,North Dakota,US-Canada Border,2023-04-01,49.000138,-98.693777,0,2
3408,Hannah,North Dakota,US-Canada Border,2023-05-01,49.000138,-98.693777,0,2
3408,Hannah,North Dakota,US-Canada Border,2023-09-01,49.000138,-98.693777,0,2
3408,Hannah,North Dakota,US-Canada Border,2023-11-01,49.000138,-98.693777,0,2
3408,Hannah,North Dakota,US-Canada Border,2023-12-01,49.000138,-98.693777,0,2
3408,Hannah,North Dakota,US-Canada Border,2024-01-01,49.000138,-98.693777,0,18
3408,Hannah,North Dakota,US-Canada Border,2024-02-01,49.000138,-98.693777,0,11
3408,Hannah,North Dakota,US-Canada Border,2024-03-01,49.000138,-98.693777,0,2
3408,Hannah,North Dakota,US-Canada Border,2024-04-01,49.000138,-98.693777,0,1
3408,Hannah,North Dakota,US-Canada Border,2024-06-01,49.000138,-98.693777,0,1
3408,Hannah,North Dakota,US-Canada Border,2024-12-01,49.000138,-98.693777,0,13
3409,Sarles,North Dakota,US-Canada Border,2018-01-01,49.000027,-98.938361,0,115
3409,Sarles,North Dakota,US-Canada Border,2018-02-01,49.000027,-98.938361,0,57
3409,Sarles,North Dakota,US-Canada Border,2018-03-01,49.000027,-98.938361,0,65
3409,Sarles,North Dakota,US-Canada Border,2018-04-01,49.000027,-98.938361,0,33
3409,Sarles,North Dakota,US-Canada Border,2018-05-01,49.000027,-98.938361,0,25
3409,Sarles,North Dakota,US-Canada Border,2018-06-01,49.000027,-98.938361,0,100
3409,Sarles,North Dakota,US-Canada Border,2018-07-01,49.000027,-98.938361,0,34
3409,Sarles,North Dakota,US-Canada Border,2018-08-01,49.000027,-98.938361,0,45
3409,Sarles,North Dakota,US-Canada Border,2018-09-01,49.000027,-98.938361,0,28
3409,Sarles,North Dakota,US-Canada Border,2018-10-01,49.000027,-98.938361,0,39
3409,Sarles,North Dakota,US-Canada Border,2018-11-01,49.000027,-98.938361,0,105
3409,Sarles,North Dakota,US-Canada Border,2018-12-01,49.000027,-98.938361,0,85
3409,Sarles,North Dakota,US-Canada Border,2019-01-01,49.000027,-98.938361,0,131
3409,Sarles,North Dakota,US-Canada Border,2019-02-01,49.000027,-98.938361,0,108
3409,Sarles,North Dakota,US-Canada Border,2019-03-01,49.000027,-98.938361,0,70
3409,Sarles,North Dakota,US-Canada Border,2019-04-01,49.000027,-98.938361,0,19
3409,Sarles,North Dakota,US-Canada Border,2019-05-01,49.000027,-98.938361,0,16
3409,Sarles,North Dakota,US-Canada Border,2019-06-01,49.000027,-98.938361,0,29
3409,Sarles,North Dakota,US-Canada Border,2019-07-01,49.000027,-98.938361,0,30
3409,Sarles,North Dakota,US-Canada Border,2019-08-01,49.000027,-98.938361,0,18
3409,Sarles,North Dakota,US-Canada Border,2019-09-01,49.000027,-98.938361,0,16
3409,Sarles,North Dakota,US-Canada Border,2019-10-01,49.000027,-98.938361,0,10
3409,Sarles,North Dakota,US-Canada Border,2019-11-01,49.000027,-98.938361,0,12
3409,Sarles,North Dakota,US-Canada Border,2019-12-01,49.000027,-98.938361,0,13
3409,Sarles,North Dakota,US-Canada Border,2020-01-01,49.000027,-98.938361,0,52
3409,Sarles,North Dakota,US-Canada Border,2020-02-01,49.000027,-98.938361,0,81
3409,Sarles,North Dakota,US-Canada Border,2020-03-01,49.000027,-98.938361,0,45
3409,Sarles,North Dakota,US-Canada Border,2020-04-01,49.000027,-98.938361,0,31
3409,Sarles,North Dakota,US-Canada Border,2020-05-01,49.000027,-98.938361,0,38
3409,Sarles,North Dakota,US-Canada Border,2020-06-01,49.000027,-98.938361,0,22
3409,Sarles,North Dakota,US-Canada Border,2020-07-01,49.000027,-98.938361,0,20
3409,Sarles,North Dakota,US-Canada Border,2020-08-01,49.000027,-98.938361,0,20
3409,Sarles,North Dakota,US-Canada Border,2020-09-01,49.000027,-98.938361,0,13
3409,Sarles,North Dakota,US-Canada Border,2020-10-01,49.000027,-98.938361,0,4
3409,Sarles,North Dakota,US-Canada Border,2020-11-01,49.000027,-98.938361,0,21
3409,Sarles,North Dakota,US-Canada Border,2020-12-01,49.000027,-98.938361,0,35
3409,Sarles,North Dakota,US-Canada Border,2021-01-01,49.000027,-98.938361,0,55
3409,Sarles,North Dakota,US-Canada Border,2021-02-01,49.000027,-98.938361,0,160
3409,Sarles,North Dakota,US-Canada Border,2021-03-01,49.000027,-98.938361,0,120
3409,Sarles,North Dakota,US-Canada Border,2021-04-01,49.000027,-98.938361,0,19
3409,Sarles,North Dakota,US-Canada Border,2021-05-01,49.000027,-98.938361,0,34
3409,Sarles,North Dakota,US-Canada Border,2021-06-01,49.000027,-98.938361,0,32
3409,Sarles,North Dakota,US-Canada Border,2021-07-01,49.000027,-98.938361,0,32
3409,Sarles,North Dakota,US-Canada Border,2021-08-01,49.000027,-98.938361,0,51
3409,Sarles,North Dakota,US-Canada Border,2021-09-01,49.000027,-98.938361,0,34
3409,Sarles,North Dakota,US-Canada Border,2021-10-01,49.000027,-98.938361,0,37
3409,Sarles,North Dakota,US-Canada Border,2021-11-01,49.000027,-98.938361,0,43
3409,Sarles,North Dakota,US-Canada Border,2021-12-01,49.000027,-98.938361,0,61
3409,Sarles,North Dakota,US-Canada Border,2022-01-01,49.000027,-98.938361,0,53
3409,Sarles,North Dakota,US-Canada Border,2022-02-01,49.000027,-98.938361,0,111
3409,Sarles,North Dakota,US-Canada Border,2022-03-01,49.000027,-98.938361,0,166
3409,Sarles,North Dakota,US-Canada Border,2022-04-01,49.000027,-98.938361,0,121
3409,Sarles,North Dakota,US-Canada Border,2022-05-01,49.000027,-98.938361,0,70
3409,Sarles,North Dakota,US-Canada Border,2022-06-01,49.000027,-98.938361,0,61
3409,Sarles,North Dakota,US-Canada Border,2022-07-01,49.000027,-98.938361,0,44
3409,Sarles,North Dakota,US-Canada Border,2022-08-01,49.000027,-98.938361,0,40
3409,Sarles,North Dakota,US-Canada Border,2022-09-01,49.000027,-98.938361,0,46
3409,Sarles,North Dakota,US-Canada Border,2022-10-01,49.000027,-98.938361,0,28
3409,Sarles,North Dakota,US-Canada Border,2022-11-01,49.000027,-98.938361,0,51
3409,Sarles,North Dakota,US-Canada Border,2022-12-01,49.000027,-98.938361,0,60
3409,Sarles,North Dakota,US-Canada Border,2023-01-01,49.000027,-98.938361,0,78
3409,Sarles,North Dakota,US-Canada Border,2023-02-01,49.000027,-98.938361,0,141
3409,Sarles,North Dakota,US-Canada Border,2023-03-01,49.000027,-98.938361,0,94
3409,Sarles,North Dakota,US-Canada Border,2023-04-01,49.000027,-98.938361,0,35
3409,Sarles,North Dakota,US-Canada Border,2023-05-01,49.000027,-98.938361,0,63
3409,Sarles,North Dakota,US-Canada Border,2023-06-01,49.000027,-98.938361,0,60
3409,Sarles,North Dakota,US-Canada Border,2023-07-01,49.000027,-98.938361,0,37
3409,Sarles,North Dakota,US-Canada Border,2023-08-01,49.000027,-98.938361,0,80
3409,Sarles,North Dakota,US-Canada Border,2023-09-01,49.000027,-98.938361,0,71
3409,Sarles,North Dakota,US-Canada Border,2023-10-01,49.000027,-98.938361,0,68
3409,Sarles,North Dakota,US-Canada Border,2023-11-01,49.000027,-98.938361,0,39
3409,Sarles,North Dakota,US-Canada Border,2023-12-01,49.000027,-98.938361,0,132
3409,Sarles,North Dakota,US-Canada Border,2024-01-01,49.000027,-98.938361,0,175
3409,Sarles,North Dakota,US-Canada Border,2024-02-01,49.000027,-98.938361,0,165
3409,Sarles,North Dakota,US-Canada Border,2024-03-01,49.000027,-98.938361,0,70
3409,Sarles,North Dakota,US-Canada Border,2024-04-01,49.000027,-98.938361,0,53
3409,Sarles,North Dakota,US-Canada Border,2024-05-01,49.000027,-98.938361,0,39
3409,Sarles,North Dakota,US-Canada Border,2024-06-01,49.000027,-98.938361,0,62
3409,Sarles,North Dakota,US-Canada Border,2024-07-01,49.000027,-98.938361,0,57
3409,Sarles,North Dakota,US-Canada Border,2024-08-01,49.000027,-98.938361,0,47
3409,Sarles,North Dakota,US-Canada Border,2024-09-01,49.000027,-98.938361,0,46
3409,Sarles,North Dakota,US-Canada Border,2024-10-01,49.000027,-98.938361,0,30
3409,Sarles,North Dakota,US-Canada Border,2024-11-01,49.000027,-98.938361,0,61
3409,Sarles,North Dakota,US-Canada Border,2024-12-01,49.000027,-98.938361,0,133
3410,Ambrose,North Dakota,US-Canada Border,2018-02-01,48.999305,-103.486555,0,66
3410,Ambrose,North Dakota,US-Canada Border,2018-03-01,48.999305,-103.486555,0,1
3410,Ambrose,North Dakota,US-Canada Border,2018-05-01,48.999305,-103.486555,0,57
3410,Ambrose,North Dakota,US-Canada Border,2018-08-01,48.999305,-103.486555,0,1
3410,Ambrose,North Dakota,US-Canada Border,2018-09-01,48.999305,-103.486555,0,32
3410,Ambrose,North Dakota,US-Canada Border,2018-10-01,48.999305,-103.486555,0,74
3410,Ambrose,North Dakota,US-Canada Border,2019-06-01,48.999305,-103.486555,0,1
3410,Ambrose,North Dakota,US-Canada Border,2019-08-01,48.999305,-103.486555,0,4
3410,Ambrose,North Dakota,US-Canada Border,2020-02-01,48.999305,-103.486555,0,2
3410,Ambrose,North Dakota,US-Canada Border,2020-04-01,48.999305,-103.486555,0,0
3410,Ambrose,North Dakota,US-Canada Border,2020-06-01,48.999305,-103.486555,0,1
3410,Ambrose,North Dakota,US-Canada Border,2020-07-01,48.999305,-103.486555,0,2
3410,Ambrose,North Dakota,US-Canada Border,2020-08-01,48.999305,-103.486555,0,1
3410,Ambrose,North Dakota,US-Canada Border,2020-12-01,48.999305,-103.486555,0,1
3410,Ambrose,North Dakota,US-Canada Border,2021-08-01,48.999305,-103.486555,0,1
3410,Ambrose,North Dakota,US-Canada Border,2021-09-01,48.999305,-103.486555,0,1
3410,Ambrose,North Dakota,US-Canada Border,2021-10-01,48.999305,-103.486555,0,2
3410,Ambrose,North Dakota,US-Canada Border,2022-02-01,48.999305,-103.486555,0,1
3410,Ambrose,North Dakota,US-Canada Border,2022-06-01,48.999305,-103.486555,0,1
3410,Ambrose,North Dakota,US-Canada Border,2022-10-01,48.999305,-103.486555,0,1
3410,Ambrose,North Dakota,US-Canada Border,2022-12-01,48.999305,-103.486555,0,2
3410,Ambrose,North Dakota,US-Canada Border,2023-03-01,48.999305,-103.486555,0,1
3410,Ambrose,North Dakota,US-Canada Border,2023-06-01,48.999305,-103.486555,0,4
3410,Ambrose,North Dakota,US-Canada Border,2024-05-01,48.999305,-103.486555,0,1
3410,Ambrose,North Dakota,US-Canada Border,2024-06-01,48.999305,-103.486555,0,2
3413,Antler,North Dakota,US-Canada Border,2018-01-01,48.999472,-101.296055,0,240
3413,Antler,North Dakota,US-Canada Border,2018-02-01,48.999472,-101.296055,0,267
3413,Antler,North Dakota,US-Canada Border,2018-03-01,48.999472,-101.296055,0,176
3413,Antler,North Dakota,US-Canada Border,2018-04-01,48.999472,-101.296055,0,52
3413,Antler,North Dakota,US-Canada Border,2018-05-01,48.999472,-101.296055,0,84
3413,Antler,North Dakota,US-Canada Border,2018-06-01,48.999472,-101.296055,0,262
3413,Antler,North Dakota,US-Canada Border,2018-07-01,48.999472,-101.296055,0,248
3413,Antler,North Dakota,US-Canada Border,2018-08-01,48.999472,-101.296055,0,365
3413,Antler,North Dakota,US-Canada Border,2018-09-01,48.999472,-101.296055,0,403
3413,Antler,North Dakota,US-Canada Border,2018-10-01,48.999472,-101.296055,0,290
3413,Antler,North Dakota,US-Canada Border,2018-11-01,48.999472,-101.296055,0,287
3413,Antler,North Dakota,US-Canada Border,2018-12-01,48.999472,-101.296055,0,221
3413,Antler,North Dakota,US-Canada Border,2019-01-01,48.999472,-101.296055,0,71
3413,Antler,North Dakota,US-Canada Border,2019-02-01,48.999472,-101.296055,0,89
3413,Antler,North Dakota,US-Canada Border,2019-03-01,48.999472,-101.296055,0,62
3413,Antler,North Dakota,US-Canada Border,2019-04-01,48.999472,-101.296055,0,31
3413,Antler,North Dakota,US-Canada Border,2019-05-01,48.999472,-101.296055,0,113
3413,Antler,North Dakota,US-Canada Border,2019-06-01,48.999472,-101.296055,0,219
3413,Antler,North Dakota,US-Canada Border,2019-07-01,48.999472,-101.296055,0,249
3413,Antler,North Dakota,US-Canada Border,2019-08-01,48.999472,-101.296055,0,229
3413,Antler,North Dakota,US-Canada Border,2019-09-01,48.999472,-101.296055,0,243
3413,Antler,North Dakota,US-Canada Border,2019-10-01,48.999472,-101.296055,0,278
3413,Antler,North Dakota,US-Canada Border,2019-11-01,48.999472,-101.296055,0,145
3413,Antler,North Dakota,US-Canada Border,2019-12-01,48.999472,-101.296055,0,127
3413,Antler,North Dakota,US-Canada Border,2020-01-01,48.999472,-101.296055,0,104
3413,Antler,North Dakota,US-Canada Border,2020-02-01,48.999472,-101.296055,0,140
3413,Antler,North Dakota,US-Canada Border,2020-03-01,48.999472,-101.296055,0,130
3413,Antler,North Dakota,US-Canada Border,2020-04-01,48.999472,-101.296055,0,21
3413,Antler,North Dakota,US-Canada Border,2020-05-01,48.999472,-101.296055,0,55
3413,Antler,North Dakota,US-Canada Border,2020-06-01,48.999472,-101.296055,0,116
3413,Antler,North Dakota,US-Canada Border,2020-07-01,48.999472,-101.296055,0,161
3413,Antler,North Dakota,US-Canada Border,2020-08-01,48.999472,-101.296055,0,263
3413,Antler,North Dakota,US-Canada Border,2020-09-01,48.999472,-101.296055,0,201
3413,Antler,North Dakota,US-Canada Border,2020-10-01,48.999472,-101.296055,0,152
3413,Antler,North Dakota,US-Canada Border,2020-11-01,48.999472,-101.296055,0,159
3413,Antler,North Dakota,US-Canada Border,2020-12-01,48.999472,-101.296055,0,154
3413,Antler,North Dakota,US-Canada Border,2021-01-01,48.999472,-101.296055,0,148
3413,Antler,North Dakota,US-Canada Border,2021-02-01,48.999472,-101.296055,0,87
3413,Antler,North Dakota,US-Canada Border,2021-03-01,48.999472,-101.296055,0,21
3413,Antler,North Dakota,US-Canada Border,2021-04-01,48.999472,-101.296055,0,74
3413,Antler,North Dakota,US-Canada Border,2021-05-01,48.999472,-101.296055,0,164
3413,Antler,North Dakota,US-Canada Border,2021-06-01,48.999472,-101.296055,0,172
3413,Antler,North Dakota,US-Canada Border,2021-07-01,48.999472,-101.296055,0,134
3413,Antler,North Dakota,US-Canada Border,2021-08-01,48.999472,-101.296055,0,207
3413,Antler,North Dakota,US-Canada Border,2021-09-01,48.999472,-101.296055,0,150
3413,Antler,North Dakota,US-Canada Border,2021-10-01,48.999472,-101.296055,0,215
3413,Antler,North Dakota,US-Canada Border,2021-11-01,48.999472,-101.296055,0,148
3413,Antler,North Dakota,US-Canada Border,2021-12-01,48.999472,-101.296055,0,151
3413,Antler,North Dakota,US-Canada Border,2022-01-01,48.999472,-101.296055,0,67
3413,Antler,North Dakota,US-Canada Border,2022-02-01,48.999472,-101.296055,0,77
3413,Antler,North Dakota,US-Canada Border,2022-03-01,48.999472,-101.296055,0,63
3413,Antler,North Dakota,US-Canada Border,2022-04-01,48.999472,-101.296055,0,3
3413,Antler,North Dakota,US-Canada Border,2022-05-01,48.999472,-101.296055,0,32
3413,Antler,North Dakota,US-Canada Border,2022-06-01,48.999472,-101.296055,0,83
3413,Antler,North Dakota,US-Canada Border,2022-07-01,48.999472,-101.296055,0,106
3413,Antler,North Dakota,US-Canada Border,2022-08-01,48.999472,-101.296055,0,156
3413,Antler,North Dakota,US-Canada Border,2022-09-01,48.999472,-101.296055,0,130
3413,Antler,North Dakota,US-Canada Border,2022-10-01,48.999472,-101.296055,0,89
3413,Antler,North Dakota,US-Canada Border,2022-11-01,48.999472,-101.296055,0,88
3413,Antler,North Dakota,US-Canada Border,2022-12-01,48.999472,-101.296055,0,79
3413,Antler,North Dakota,US-Canada Border,2023-01-01,48.999472,-101.296055,0,86
3413,Antler,North Dakota,US-Canada Border,2023-02-01,48.999472,-101.296055,0,91
3413,Antler,North Dakota,US-Canada Border,2023-03-01,48.999472,-101.296055,0,75
3413,Antler,North Dakota,US-Canada Border,2023-04-01,48.999472,-101.296055,0,16
3413,Antler,North Dakota,US-Canada Border,2023-05-01,48.999472,-101.296055,0,62
3413,Antler,North Dakota,US-Canada Border,2023-06-01,48.999472,-101.296055,0,20
3413,Antler,North Dakota,US-Canada Border,2023-07-01,48.999472,-101.296055,0,36
3413,Antler,North Dakota,US-Canada Border,2023-08-01,48.999472,-101.296055,0,124
3413,Antler,North Dakota,US-Canada Border,2023-09-01,48.999472,-101.296055,0,101
3413,Antler,North Dakota,US-Canada Border,2023-10-01,48.999472,-101.296055,0,19
3413,Antler,North Dakota,US-Canada Border,2023-11-01,48.999472,-101.296055,0,87
3413,Antler,North Dakota,US-Canada Border,2023-12-01,48.999472,-101.296055,0,16
3413,Antler,North Dakota,US-Canada Border,2024-01-01,48.999472,-101.296055,0,59
3413,Antler,North Dakota,US-Canada Border,2024-02-01,48.999472,-101.296055,0,122
3413,Antler,North Dakota,US-Canada Border,2024-03-01,48.999472,-101.296055,0,80
3413,Antler,North Dakota,US-Canada Border,2024-04-01,48.999472,-101.296055,0,5
3413,Antler,North Dakota,US-Canada Border,2024-05-01,48.999472,-101.296055,0,61
3413,Antler,North Dakota,US-Canada Border,2024-06-01,48.999472,-101.296055,0,77
3413,Antler,North Dakota,US-Canada Border,2024-07-01,48.999472,-101.296055,0,83
3413,Antler,North Dakota,US-Canada Border,2024-08-01,48.999472,-101.296055,0,150
3413,Antler,North Dakota,US-Canada Border,2024-09-01,48.999472,-101.296055,0,67
3413,Antler,North Dakota,US-Canada Border,2024-10-01,48.999472,-101.296055,0,64
3413,Antler,North Dakota,US-Canada Border,2024-11-01,48.999472,-101.296055,0,39
3413,Antler,North Dakota,US-Canada Border,2024-12-01,48.999472,-101.296055,0,45
3414,Sherwood,North Dakota,US-Canada Border,2018-01-01,48.999305,-101.627527,0,407
3414,Sherwood,North Dakota,US-Canada Border,2018-02-01,48.999305,-101.627527,0,415
3414,Sherwood,North Dakota,US-Canada Border,2018-03-01,48.999305,-101.627527,0,504
3414,Sherwood,North Dakota,US-Canada Border,2018-04-01,48.999305,-101.627527,0,401
3414,Sherwood,North Dakota,US-Canada Border,2018-05-01,48.999305,-101.627527,0,507
3414,Sherwood,North Dakota,US-Canada Border,2018-06-01,48.999305,-101.627527,0,497
3414,Sherwood,North Dakota,US-Canada Border,2018-07-01,48.999305,-101.627527,0,598
3414,Sherwood,North Dakota,US-Canada Border,2018-08-01,48.999305,-101.627527,0,533
3414,Sherwood,North Dakota,US-Canada Border,2018-09-01,48.999305,-101.627527,0,508
3414,Sherwood,North Dakota,US-Canada Border,2018-10-01,48.999305,-101.627527,0,455
3414,Sherwood,North Dakota,US-Canada Border,2018-11-01,48.999305,-101.627527,0,332
3414,Sherwood,North Dakota,US-Canada Border,2018-12-01,48.999305,-101.627527,0,365
3414,Sherwood,North Dakota,US-Canada Border,2019-01-01,48.999305,-101.627527,0,437
3414,Sherwood,North Dakota,US-Canada Border,2019-02-01,48.999305,-101.627527,0,410
3414,Sherwood,North Dakota,US-Canada Border,2019-03-01,48.999305,-101.627527,0,515
3414,Sherwood,North Dakota,US-Canada Border,2019-04-01,48.999305,-101.627527,0,569
3414,Sherwood,North Dakota,US-Canada Border,2019-05-01,48.999305,-101.627527,0,645
3414,Sherwood,North Dakota,US-Canada Border,2019-06-01,48.999305,-101.627527,0,571
3414,Sherwood,North Dakota,US-Canada Border,2019-07-01,48.999305,-101.627527,0,517
3414,Sherwood,North Dakota,US-Canada Border,2019-08-01,48.999305,-101.627527,0,560
3414,Sherwood,North Dakota,US-Canada Border,2019-09-01,48.999305,-101.627527,0,500
3414,Sherwood,North Dakota,US-Canada Border,2019-10-01,48.999305,-101.627527,0,449
3414,Sherwood,North Dakota,US-Canada Border,2019-11-01,48.999305,-101.627527,0,279
3414,Sherwood,North Dakota,US-Canada Border,2019-12-01,48.999305,-101.627527,0,354
3414,Sherwood,North Dakota,US-Canada Border,2020-01-01,48.999305,-101.627527,0,483
3414,Sherwood,North Dakota,US-Canada Border,2020-02-01,48.999305,-101.627527,0,523
3414,Sherwood,North Dakota,US-Canada Border,2020-03-01,48.999305,-101.627527,0,437
3414,Sherwood,North Dakota,US-Canada Border,2020-04-01,48.999305,-101.627527,0,317
3414,Sherwood,North Dakota,US-Canada Border,2020-05-01,48.999305,-101.627527,0,347
3414,Sherwood,North Dakota,US-Canada Border,2020-06-01,48.999305,-101.627527,0,629
3414,Sherwood,North Dakota,US-Canada Border,2020-07-01,48.999305,-101.627527,0,471
3414,Sherwood,North Dakota,US-Canada Border,2020-08-01,48.999305,-101.627527,0,420
3414,Sherwood,North Dakota,US-Canada Border,2020-09-01,48.999305,-101.627527,0,438
3414,Sherwood,North Dakota,US-Canada Border,2020-10-01,48.999305,-101.627527,0,340
3414,Sherwood,North Dakota,US-Canada Border,2020-11-01,48.999305,-101.627527,0,290
3414,Sherwood,North Dakota,US-Canada Border,2020-12-01,48.999305,-101.627527,0,302
3414,Sherwood,North Dakota,US-Canada Border,2021-01-01,48.999305,-101.627527,0,239
3414,Sherwood,North Dakota,US-Canada Border,2021-02-01,48.999305,-101.627527,0,148
3414,Sherwood,North Dakota,US-Canada Border,2021-03-01,48.999305,-101.627527,0,273
3414,Sherwood,North Dakota,US-Canada Border,2021-04-01,48.999305,-101.627527,0,270
3414,Sherwood,North Dakota,US-Canada Border,2021-05-01,48.999305,-101.627527,0,313
3414,Sherwood,North Dakota,US-Canada Border,2021-06-01,48.999305,-101.627527,0,355
3414,Sherwood,North Dakota,US-Canada Border,2021-07-01,48.999305,-101.627527,0,319
3414,Sherwood,North Dakota,US-Canada Border,2021-08-01,48.999305,-101.627527,0,247
3414,Sherwood,North Dakota,US-Canada Border,2021-09-01,48.999305,-101.627527,0,277
3414,Sherwood,North Dakota,US-Canada Border,2021-10-01,48.999305,-101.627527,0,311
3414,Sherwood,North Dakota,US-Canada Border,2021-11-01,48.999305,-101.627527,0,275
3414,Sherwood,North Dakota,US-Canada Border,2021-12-01,48.999305,-101.627527,0,371
3414,Sherwood,North Dakota,US-Canada Border,2022-01-01,48.999305,-101.627527,0,315
3414,Sherwood,North Dakota,US-Canada Border,2022-02-01,48.999305,-101.627527,0,300
3414,Sherwood,North Dakota,US-Canada Border,2022-03-01,48.999305,-101.627527,0,365
3414,Sherwood,North Dakota,US-Canada Border,2022-04-01,48.999305,-101.627527,0,254
3414,Sherwood,North Dakota,US-Canada Border,2022-05-01,48.999305,-101.627527,0,227
3414,Sherwood,North Dakota,US-Canada Border,2022-06-01,48.999305,-101.627527,0,292
3414,Sherwood,North Dakota,US-Canada Border,2022-07-01,48.999305,-101.627527,0,293
3414,Sherwood,North Dakota,US-Canada Border,2022-08-01,48.999305,-101.627527,0,231
3414,Sherwood,North Dakota,US-Canada Border,2022-09-01,48.999305,-101.627527,0,246
3414,Sherwood,North Dakota,US-Canada Border,2022-10-01,48.999305,-101.627527,0,176
3414,Sherwood,North Dakota,US-Canada Border,2022-11-01,48.999305,-101.627527,0,153
3414,Sherwood,North Dakota,US-Canada Border,2022-12-01,48.999305,-101.627527,0,159
3414,Sherwood,North Dakota,US-Canada Border,2023-01-01,48.999305,-101.627527,0,219
3414,Sherwood,North Dakota,US-Canada Border,2023-02-01,48.999305,-101.627527,0,234
3414,Sherwood,North Dakota,US-Canada Border,2023-03-01,48.999305,-101.627527,0,241
3414,Sherwood,North Dakota,US-Canada Border,2023-04-01,48.999305,-101.627527,0,201
3414,Sherwood,North Dakota,US-Canada Border,2023-05-01,48.999305,-101.627527,0,173
3414,Sherwood,North Dakota,US-Canada Border,2023-06-01,48.999305,-101.627527,0,246
3414,Sherwood,North Dakota,US-Canada Border,2023-07-01,48.999305,-101.627527,0,250
3414,Sherwood,North Dakota,US-Canada Border,2023-08-01,48.999305,-101.627527,0,285
3414,Sherwood,North Dakota,US-Canada Border,2023-09-01,48.999305,-101.627527,0,272
3414,Sherwood,North Dakota,US-Canada Border,2023-10-01,48.999305,-101.627527,0,227
3414,Sherwood,North Dakota,US-Canada Border,2023-11-01,48.999305,-101.627527,0,319
3414,Sherwood,North Dakota,US-Canada Border,2023-12-01,48.999305,-101.627527,0,197
3414,Sherwood,North Dakota,US-Canada Border,2024-01-01,48.999305,-101.627527,0,155
3414,Sherwood,North Dakota,US-Canada Border,2024-02-01,48.999305,-101.627527,0,181
3414,Sherwood,North Dakota,US-Canada Border,2024-03-01,48.999305,-101.627527,0,166
3414,Sherwood,North Dakota,US-Canada Border,2024-04-01,48.999305,-101.627527,0,347
3414,Sherwood,North Dakota,US-Canada Border,2024-05-01,48.999305,-101.627527,0,280
3414,Sherwood,North Dakota,US-Canada Border,2024-06-01,48.999305,-101.627527,0,241
3414,Sherwood,North Dakota,US-Canada Border,2024-07-01,48.999305,-101.627527,0,282
3414,Sherwood,North Dakota,US-Canada Border,2024-08-01,48.999305,-101.627527,0,353
3414,Sherwood,North Dakota,US-Canada Border,2024-09-01,48.999305,-101.627527,0,299
3414,Sherwood,North Dakota,US-Canada Border,2024-10-01,48.999305,-101.627527,0,253
3414,Sherwood,North Dakota,US-Canada Border,2024-11-01,48.999305,-101.627527,0,227
3414,Sherwood,North Dakota,US-Canada Border,2024-12-01,48.999305,-101.627527,0,235
3415,Hansboro,North Dakota,US-Canada Border,2018-01-01,48.999583,-99.346527,0,6
3415,Hansboro,North Dakota,US-Canada Border,2018-02-01,48.999583,-99.346527,0,13
3415,Hansboro,North Dakota,US-Canada Border,2018-03-01,48.999583,-99.346527,0,9
3415,Hansboro,North Dakota,US-Canada Border,2018-04-01,48.999583,-99.346527,0,5
3415,Hansboro,North Dakota,US-Canada Border,2018-05-01,48.999583,-99.346527,0,5
3415,Hansboro,North Dakota,US-Canada Border,2018-06-01,48.999583,-99.346527,0,15
3415,Hansboro,North Dakota,US-Canada Border,2018-07-01,48.999583,-99.346527,0,32
3415,Hansboro,North Dakota,US-Canada Border,2018-08-01,48.999583,-99.346527,0,13
3415,Hansboro,North Dakota,US-Canada Border,2018-09-01,48.999583,-99.346527,0,12
3415,Hansboro,North Dakota,US-Canada Border,2018-10-01,48.999583,-99.346527,0,25
3415,Hansboro,North Dakota,US-Canada Border,2018-11-01,48.999583,-99.346527,0,35
3415,Hansboro,North Dakota,US-Canada Border,2018-12-01,48.999583,-99.346527,0,16
3415,Hansboro,North Dakota,US-Canada Border,2019-01-01,48.999583,-99.346527,0,12
3415,Hansboro,North Dakota,US-Canada Border,2019-02-01,48.999583,-99.346527,0,9
3415,Hansboro,North Dakota,US-Canada Border,2019-03-01,48.999583,-99.346527,0,6
3415,Hansboro,North Dakota,US-Canada Border,2019-05-01,48.999583,-99.346527,0,7
3415,Hansboro,North Dakota,US-Canada Border,2019-06-01,48.999583,-99.346527,0,4
3415,Hansboro,North Dakota,US-Canada Border,2019-07-01,48.999583,-99.346527,0,18
3415,Hansboro,North Dakota,US-Canada Border,2019-08-01,48.999583,-99.346527,0,34
3415,Hansboro,North Dakota,US-Canada Border,2019-09-01,48.999583,-99.346527,0,12
3415,Hansboro,North Dakota,US-Canada Border,2019-10-01,48.999583,-99.346527,0,12
3415,Hansboro,North Dakota,US-Canada Border,2019-11-01,48.999583,-99.346527,0,39
3415,Hansboro,North Dakota,US-Canada Border,2019-12-01,48.999583,-99.346527,0,16
3415,Hansboro,North Dakota,US-Canada Border,2020-01-01,48.999583,-99.346527,0,30
3415,Hansboro,North Dakota,US-Canada Border,2020-02-01,48.999583,-99.346527,0,19
3415,Hansboro,North Dakota,US-Canada Border,2020-03-01,48.999583,-99.346527,0,15
3415,Hansboro,North Dakota,US-Canada Border,2020-04-01,48.999583,-99.346527,0,1
3415,Hansboro,North Dakota,US-Canada Border,2020-05-01,48.999583,-99.346527,0,14
3415,Hansboro,North Dakota,US-Canada Border,2020-06-01,48.999583,-99.346527,0,25
3415,Hansboro,North Dakota,US-Canada Border,2020-07-01,48.999583,-99.346527,0,38
3415,Hansboro,North Dakota,US-Canada Border,2020-08-01,48.999583,-99.346527,0,53
3415,Hansboro,North Dakota,US-Canada Border,2020-09-01,48.999583,-99.346527,0,28
3415,Hansboro,North Dakota,US-Canada Border,2020-10-01,48.999583,-99.346527,0,25
3415,Hansboro,North Dakota,US-Canada Border,2020-11-01,48.999583,-99.346527,0,13
3415,Hansboro,North Dakota,US-Canada Border,2020-12-01,48.999583,-99.346527,0,17
3415,Hansboro,North Dakota,US-Canada Border,2021-01-01,48.999583,-99.346527,0,24
3415,Hansboro,North Dakota,US-Canada Border,2021-02-01,48.999583,-99.346527,0,27
3415,Hansboro,North Dakota,US-Canada Border,2021-03-01,48.999583,-99.346527,0,6
3415,Hansboro,North Dakota,US-Canada Border,2021-05-01,48.999583,-99.346527,0,5
3415,Hansboro,North Dakota,US-Canada Border,2021-06-01,48.999583,-99.346527,0,6
3415,Hansboro,North Dakota,US-Canada Border,2021-07-01,48.999583,-99.346527,0,9
3415,Hansboro,North Dakota,US-Canada Border,2021-08-01,48.999583,-99.346527,0,15
3415,Hansboro,North Dakota,US-Canada Border,2021-09-01,48.999583,-99.346527,0,14
3415,Hansboro,North Dakota,US-Canada Border,2021-10-01,48.999583,-99.346527,0,24
3415,Hansboro,North Dakota,US-Canada Border,2021-11-01,48.999583,-99.346527,0,73
3415,Hansboro,North Dakota,US-Canada Border,2021-12-01,48.999583,-99.346527,0,148
3415,Hansboro,North Dakota,US-Canada Border,2022-01-01,48.999583,-99.346527,0,100
3415,Hansboro,North Dakota,US-Canada Border,2022-02-01,48.999583,-99.346527,0,67
3415,Hansboro,North Dakota,US-Canada Border,2022-03-01,48.999583,-99.346527,0,122
3415,Hansboro,North Dakota,US-Canada Border,2022-04-01,48.999583,-99.346527,0,35
3415,Hansboro,North Dakota,US-Canada Border,2022-05-01,48.999583,-99.346527,0,60
3415,Hansboro,North Dakota,US-Canada Border,2022-06-01,48.999583,-99.346527,0,108
3415,Hansboro,North Dakota,US-Canada Border,2022-07-01,48.999583,-99.346527,0,78
3415,Hansboro,North Dakota,US-Canada Border,2022-08-01,48.999583,-99.346527,0,85
3415,Hansboro,North Dakota,US-Canada Border,2022-09-01,48.999583,-99.346527,0,45
3415,Hansboro,North Dakota,US-Canada Border,2022-10-01,48.999583,-99.346527,0,28
3415,Hansboro,North Dakota,US-Canada Border,2022-11-01,48.999583,-99.346527,0,15
3415,Hansboro,North Dakota,US-Canada Border,2022-12-01,48.999583,-99.346527,0,17
3415,Hansboro,North Dakota,US-Canada Border,2023-01-01,48.999583,-99.346527,0,10
3415,Hansboro,North Dakota,US-Canada Border,2023-02-01,48.999583,-99.346527,0,27
3415,Hansboro,North Dakota,US-Canada Border,2023-03-01,48.999583,-99.346527,0,22
3415,Hansboro,North Dakota,US-Canada Border,2023-04-01,48.999583,-99.346527,0,11
3415,Hansboro,North Dakota,US-Canada Border,2023-05-01,48.999583,-99.346527,0,7
3415,Hansboro,North Dakota,US-Canada Border,2023-06-01,48.999583,-99.346527,0,14
3415,Hansboro,North Dakota,US-Canada Border,2023-07-01,48.999583,-99.346527,0,24
3415,Hansboro,North Dakota,US-Canada Border,2023-08-01,48.999583,-99.346527,0,15
3415,Hansboro,North Dakota,US-Canada Border,2023-09-01,48.999583,-99.346527,0,26
3415,Hansboro,North Dakota,US-Canada Border,2023-10-01,48.999583,-99.346527,0,29
3415,Hansboro,North Dakota,US-Canada Border,2023-11-01,48.999583,-99.346527,0,40
3415,Hansboro,North Dakota,US-Canada Border,2023-12-01,48.999583,-99.346527,0,10
3415,Hansboro,North Dakota,US-Canada Border,2024-01-01,48.999583,-99.346527,0,17
3415,Hansboro,North Dakota,US-Canada Border,2024-02-01,48.999583,-99.346527,0,16
3415,Hansboro,North Dakota,US-Canada Border,2024-03-01,48.999583,-99.346527,0,34
3415,Hansboro,North Dakota,US-Canada Border,2024-04-01,48.999583,-99.346527,0,7
3415,Hansboro,North Dakota,US-Canada Border,2024-05-01,48.999583,-99.346527,0,13
3415,Hansboro,North Dakota,US-Canada Border,2024-06-01,48.999583,-99.346527,0,37
3415,Hansboro,North Dakota,US-Canada Border,2024-07-01,48.999583,-99.346527,0,23
3415,Hansboro,North Dakota,US-Canada Border,2024-08-01,48.999583,-99.346527,0,38
3415,Hansboro,North Dakota,US-Canada Border,2024-09-01,48.999583,-99.346527,0,56
3415,Hansboro,North Dakota,US-Canada Border,2024-10-01,48.999583,-99.346527,0,37
3415,Hansboro,North Dakota,US-Canada Border,2024-11-01,48.999583,-99.346527,0,29
3415,Hansboro,North Dakota,US-Canada Border,2024-12-01,48.999583,-99.346527,0,8
3416,Maida,North Dakota,US-Canada Border,2018-01-01,49.00025,-98.36525,0,127
3416,Maida,North Dakota,US-Canada Border,2018-02-01,49.00025,-98.36525,0,170
3416,Maida,North Dakota,US-Canada Border,2018-03-01,49.00025,-98.36525,0,93
3416,Maida,North Dakota,US-Canada Border,2018-04-01,49.00025,-98.36525,0,6
3416,Maida,North Dakota,US-Canada Border,2018-05-01,49.00025,-98.36525,0,6
3416,Maida,North Dakota,US-Canada Border,2018-06-01,49.00025,-98.36525,0,145
3416,Maida,North Dakota,US-Canada Border,2018-07-01,49.00025,-98.36525,0,222
3416,Maida,North Dakota,US-Canada Border,2018-08-01,49.00025,-98.36525,0,156
3416,Maida,North Dakota,US-Canada Border,2018-09-01,49.00025,-98.36525,0,182
3416,Maida,North Dakota,US-Canada Border,2018-10-01,49.00025,-98.36525,0,234
3416,Maida,North Dakota,US-Canada Border,2018-11-01,49.00025,-98.36525,0,189
3416,Maida,North Dakota,US-Canada Border,2018-12-01,49.00025,-98.36525,0,170
3416,Maida,North Dakota,US-Canada Border,2019-01-01,49.00025,-98.36525,0,68
3416,Maida,North Dakota,US-Canada Border,2019-02-01,49.00025,-98.36525,0,77
3416,Maida,North Dakota,US-Canada Border,2019-03-01,49.00025,-98.36525,0,72
3416,Maida,North Dakota,US-Canada Border,2019-04-01,49.00025,-98.36525,0,7
3416,Maida,North Dakota,US-Canada Border,2019-05-01,49.00025,-98.36525,0,14
3416,Maida,North Dakota,US-Canada Border,2019-06-01,49.00025,-98.36525,0,66
3416,Maida,North Dakota,US-Canada Border,2019-07-01,49.00025,-98.36525,0,179
3416,Maida,North Dakota,US-Canada Border,2019-08-01,49.00025,-98.36525,0,69
3416,Maida,North Dakota,US-Canada Border,2019-09-01,49.00025,-98.36525,0,59
3416,Maida,North Dakota,US-Canada Border,2019-10-01,49.00025,-98.36525,0,115
3416,Maida,North Dakota,US-Canada Border,2019-11-01,49.00025,-98.36525,0,66
3416,Maida,North Dakota,US-Canada Border,2019-12-01,49.00025,-98.36525,0,57
3416,Maida,North Dakota,US-Canada Border,2020-01-01,49.00025,-98.36525,0,27
3416,Maida,North Dakota,US-Canada Border,2020-02-01,49.00025,-98.36525,0,31
3416,Maida,North Dakota,US-Canada Border,2020-03-01,49.00025,-98.36525,0,82
3416,Maida,North Dakota,US-Canada Border,2020-04-01,49.00025,-98.36525,0,7
3416,Maida,North Dakota,US-Canada Border,2020-05-01,49.00025,-98.36525,0,3
3416,Maida,North Dakota,US-Canada Border,2020-06-01,49.00025,-98.36525,0,44
3416,Maida,North Dakota,US-Canada Border,2020-07-01,49.00025,-98.36525,0,63
3416,Maida,North Dakota,US-Canada Border,2020-08-01,49.00025,-98.36525,0,78
3416,Maida,North Dakota,US-Canada Border,2020-09-01,49.00025,-98.36525,0,77
3416,Maida,North Dakota,US-Canada Border,2020-10-01,49.00025,-98.36525,0,82
3416,Maida,North Dakota,US-Canada Border,2020-11-01,49.00025,-98.36525,0,90
3416,Maida,North Dakota,US-Canada Border,2020-12-01,49.00025,-98.36525,0,83
3416,Maida,North Dakota,US-Canada Border,2021-01-01,49.00025,-98.36525,0,49
3416,Maida,North Dakota,US-Canada Border,2021-02-01,49.00025,-98.36525,0,20
3416,Maida,North Dakota,US-Canada Border,2021-03-01,49.00025,-98.36525,0,19
3416,Maida,North Dakota,US-Canada Border,2021-04-01,49.00025,-98.36525,0,2
3416,Maida,North Dakota,US-Canada Border,2021-05-01,49.00025,-98.36525,0,15
3416,Maida,North Dakota,US-Canada Border,2021-06-01,49.00025,-98.36525,0,37
3416,Maida,North Dakota,US-Canada Border,2021-07-01,49.00025,-98.36525,0,41
3416,Maida,North Dakota,US-Canada Border,2021-08-01,49.00025,-98.36525,0,34
3416,Maida,North Dakota,US-Canada Border,2021-09-01,49.00025,-98.36525,0,16
3416,Maida,North Dakota,US-Canada Border,2021-10-01,49.00025,-98.36525,0,18
3416,Maida,North Dakota,US-Canada Border,2021-11-01,49.00025,-98.36525,0,120
3416,Maida,North Dakota,US-Canada Border,2021-12-01,49.00025,-98.36525,0,138
3416,Maida,North Dakota,US-Canada Border,2022-01-01,49.00025,-98.36525,0,103
3416,Maida,North Dakota,US-Canada Border,2022-02-01,49.00025,-98.36525,0,53
3416,Maida,North Dakota,US-Canada Border,2022-03-01,49.00025,-98.36525,0,55
3416,Maida,North Dakota,US-Canada Border,2022-04-01,49.00025,-98.36525,0,2
3416,Maida,North Dakota,US-Canada Border,2022-05-01,49.00025,-98.36525,0,37
3416,Maida,North Dakota,US-Canada Border,2022-06-01,49.00025,-98.36525,0,150
3416,Maida,North Dakota,US-Canada Border,2022-07-01,49.00025,-98.36525,0,124
3416,Maida,North Dakota,US-Canada Border,2022-08-01,49.00025,-98.36525,0,119
3416,Maida,North Dakota,US-Canada Border,2022-09-01,49.00025,-98.36525,0,72
3416,Maida,North Dakota,US-Canada Border,2022-10-01,49.00025,-98.36525,0,68
3416,Maida,North Dakota,US-Canada Border,2022-11-01,49.00025,-98.36525,0,49
3416,Maida,North Dakota,US-Canada Border,2022-12-01,49.00025,-98.36525,0,21
3416,Maida,North Dakota,US-Canada Border,2023-01-01,49.00025,-98.36525,0,17
3416,Maida,North Dakota,US-Canada Border,2023-02-01,49.00025,-98.36525,0,15
3416,Maida,North Dakota,US-Canada Border,2023-03-01,49.00025,-98.36525,0,55
3416,Maida,North Dakota,US-Canada Border,2023-04-01,49.00025,-98.36525,0,3
3416,Maida,North Dakota,US-Canada Border,2023-05-01,49.00025,-98.36525,0,20
3416,Maida,North Dakota,US-Canada Border,2023-06-01,49.00025,-98.36525,0,76
3416,Maida,North Dakota,US-Canada Border,2023-07-01,49.00025,-98.36525,0,89
3416,Maida,North Dakota,US-Canada Border,2023-08-01,49.00025,-98.36525,0,35
3416,Maida,North Dakota,US-Canada Border,2023-09-01,49.00025,-98.36525,0,49
3416,Maida,North Dakota,US-Canada Border,2023-10-01,49.00025,-98.36525,0,60
3416,Maida,North Dakota,US-Canada Border,2023-11-01,49.00025,-98.36525,0,125
3416,Maida,North Dakota,US-Canada Border,2023-12-01,49.00025,-98.36525,0,61
3416,Maida,North Dakota,US-Canada Border,2024-01-01,49.00025,-98.36525,0,81
3416,Maida,North Dakota,US-Canada Border,2024-02-01,49.00025,-98.36525,0,68
3416,Maida,North Dakota,US-Canada Border,2024-03-01,49.00025,-98.36525,0,66
3416,Maida,North Dakota,US-Canada Border,2024-04-01,49.00025,-98.36525,0,7
3416,Maida,North Dakota,US-Canada Border,2024-06-01,49.00025,-98.36525,0,24
3416,Maida,North Dakota,US-Canada Border,2024-07-01,49.00025,-98.36525,0,130
3416,Maida,North Dakota,US-Canada Border,2024-08-01,49.00025,-98.36525,0,152
3416,Maida,North Dakota,US-Canada Border,2024-09-01,49.00025,-98.36525,0,48
3416,Maida,North Dakota,US-Canada Border,2024-10-01,49.00025,-98.36525,0,53
3416,Maida,North Dakota,US-Canada Border,2024-11-01,49.00025,-98.36525,0,117
3416,Maida,North Dakota,US-Canada Border,2024-12-01,49.00025,-98.36525,0,30
3417,Fortuna,North Dakota,US-Canada Border,2018-01-01,48.999555,-103.80925,0,244
3417,Fortuna,North Dakota,US-Canada Border,2018-02-01,48.999555,-103.80925,0,401
3417,Fortuna,North Dakota,US-Canada Border,2018-03-01,48.999555,-103.80925,0,305
3417,Fortuna,North Dakota,US-Canada Border,2018-04-01,48.999555,-103.80925,0,372
3417,Fortuna,North Dakota,US-Canada Border,2018-05-01,48.999555,-103.80925,0,455
3417,Fortuna,North Dakota,US-Canada Border,2018-06-01,48.999555,-103.80925,0,368
3417,Fortuna,North Dakota,US-Canada Border,2018-07-01,48.999555,-103.80925,0,305
3417,Fortuna,North Dakota,US-Canada Border,2018-08-01,48.999555,-103.80925,0,351
3417,Fortuna,North Dakota,US-Canada Border,2018-09-01,48.999555,-103.80925,0,255
3417,Fortuna,North Dakota,US-Canada Border,2018-10-01,48.999555,-103.80925,0,352
3417,Fortuna,North Dakota,US-Canada Border,2018-11-01,48.999555,-103.80925,0,347
3417,Fortuna,North Dakota,US-Canada Border,2018-12-01,48.999555,-103.80925,0,395
3417,Fortuna,North Dakota,US-Canada Border,2019-01-01,48.999555,-103.80925,0,256
3417,Fortuna,North Dakota,US-Canada Border,2019-02-01,48.999555,-103.80925,0,227
3417,Fortuna,North Dakota,US-Canada Border,2019-03-01,48.999555,-103.80925,0,396
3417,Fortuna,North Dakota,US-Canada Border,2019-04-01,48.999555,-103.80925,0,428
3417,Fortuna,North Dakota,US-Canada Border,2019-05-01,48.999555,-103.80925,0,611
3417,Fortuna,North Dakota,US-Canada Border,2019-06-01,48.999555,-103.80925,0,329
3417,Fortuna,North Dakota,US-Canada Border,2019-07-01,48.999555,-103.80925,0,411
3417,Fortuna,North Dakota,US-Canada Border,2019-08-01,48.999555,-103.80925,0,410
3417,Fortuna,North Dakota,US-Canada Border,2019-09-01,48.999555,-103.80925,0,423
3417,Fortuna,North Dakota,US-Canada Border,2019-10-01,48.999555,-103.80925,0,128
3417,Fortuna,North Dakota,US-Canada Border,2019-11-01,48.999555,-103.80925,0,87
3417,Fortuna,North Dakota,US-Canada Border,2019-12-01,48.999555,-103.80925,0,347
3417,Fortuna,North Dakota,US-Canada Border,2020-01-01,48.999555,-103.80925,0,482
3417,Fortuna,North Dakota,US-Canada Border,2020-02-01,48.999555,-103.80925,0,420
3417,Fortuna,North Dakota,US-Canada Border,2020-03-01,48.999555,-103.80925,0,348
3417,Fortuna,North Dakota,US-Canada Border,2020-04-01,48.999555,-103.80925,0,313
3417,Fortuna,North Dakota,US-Canada Border,2020-05-01,48.999555,-103.80925,0,132
3417,Fortuna,North Dakota,US-Canada Border,2020-06-01,48.999555,-103.80925,0,189
3417,Fortuna,North Dakota,US-Canada Border,2020-07-01,48.999555,-103.80925,0,166
3417,Fortuna,North Dakota,US-Canada Border,2020-08-01,48.999555,-103.80925,0,158
3417,Fortuna,North Dakota,US-Canada Border,2020-09-01,48.999555,-103.80925,0,123
3417,Fortuna,North Dakota,US-Canada Border,2020-10-01,48.999555,-103.80925,0,72
3417,Fortuna,North Dakota,US-Canada Border,2020-11-01,48.999555,-103.80925,0,133
3417,Fortuna,North Dakota,US-Canada Border,2020-12-01,48.999555,-103.80925,0,159
3417,Fortuna,North Dakota,US-Canada Border,2021-01-01,48.999555,-103.80925,0,173
3417,Fortuna,North Dakota,US-Canada Border,2021-02-01,48.999555,-103.80925,0,107
3417,Fortuna,North Dakota,US-Canada Border,2021-03-01,48.999555,-103.80925,0,117
3417,Fortuna,North Dakota,US-Canada Border,2021-04-01,48.999555,-103.80925,0,103
3417,Fortuna,North Dakota,US-Canada Border,2021-05-01,48.999555,-103.80925,0,118
3417,Fortuna,North Dakota,US-Canada Border,2021-06-01,48.999555,-103.80925,0,53
3417,Fortuna,North Dakota,US-Canada Border,2021-07-01,48.999555,-103.80925,0,31
3417,Fortuna,North Dakota,US-Canada Border,2021-08-01,48.999555,-103.80925,0,189
3417,Fortuna,North Dakota,US-Canada Border,2021-09-01,48.999555,-103.80925,0,103
3417,Fortuna,North Dakota,US-Canada Border,2021-10-01,48.999555,-103.80925,0,60
3417,Fortuna,North Dakota,US-Canada Border,2021-11-01,48.999555,-103.80925,0,151
3417,Fortuna,North Dakota,US-Canada Border,2021-12-01,48.999555,-103.80925,0,163
3417,Fortuna,North Dakota,US-Canada Border,2022-01-01,48.999555,-103.80925,0,136
3417,Fortuna,North Dakota,US-Canada Border,2022-02-01,48.999555,-103.80925,0,47
3417,Fortuna,North Dakota,US-Canada Border,2022-03-01,48.999555,-103.80925,0,38
3417,Fortuna,North Dakota,US-Canada Border,2022-04-01,48.999555,-103.80925,0,239
3417,Fortuna,North Dakota,US-Canada Border,2022-05-01,48.999555,-103.80925,0,46
3417,Fortuna,North Dakota,US-Canada Border,2022-06-01,48.999555,-103.80925,0,46
3417,Fortuna,North Dakota,US-Canada Border,2022-07-01,48.999555,-103.80925,0,338
3417,Fortuna,North Dakota,US-Canada Border,2022-08-01,48.999555,-103.80925,0,429
3417,Fortuna,North Dakota,US-Canada Border,2022-09-01,48.999555,-103.80925,0,377
3417,Fortuna,North Dakota,US-Canada Border,2022-10-01,48.999555,-103.80925,0,476
3417,Fortuna,North Dakota,US-Canada Border,2022-11-01,48.999555,-103.80925,0,435
3417,Fortuna,North Dakota,US-Canada Border,2022-12-01,48.999555,-103.80925,0,372
3417,Fortuna,North Dakota,US-Canada Border,2023-01-01,48.999555,-103.80925,0,422
3417,Fortuna,North Dakota,US-Canada Border,2023-02-01,48.999555,-103.80925,0,508
3417,Fortuna,North Dakota,US-Canada Border,2023-03-01,48.999555,-103.80925,0,518
3417,Fortuna,North Dakota,US-Canada Border,2023-04-01,48.999555,-103.80925,0,473
3417,Fortuna,North Dakota,US-Canada Border,2023-05-01,48.999555,-103.80925,0,26
3417,Fortuna,North Dakota,US-Canada Border,2023-06-01,48.999555,-103.80925,0,57
3417,Fortuna,North Dakota,US-Canada Border,2023-07-01,48.999555,-103.80925,0,115
3417,Fortuna,North Dakota,US-Canada Border,2023-08-01,48.999555,-103.80925,0,61
3417,Fortuna,North Dakota,US-Canada Border,2023-09-01,48.999555,-103.80925,0,66
3417,Fortuna,North Dakota,US-Canada Border,2023-10-01,48.999555,-103.80925,0,64
3417,Fortuna,North Dakota,US-Canada Border,2023-11-01,48.999555,-103.80925,0,220
3417,Fortuna,North Dakota,US-Canada Border,2023-12-01,48.999555,-103.80925,0,227
3417,Fortuna,North Dakota,US-Canada Border,2024-01-01,48.999555,-103.80925,0,228
3417,Fortuna,North Dakota,US-Canada Border,2024-02-01,48.999555,-103.80925,0,214
3417,Fortuna,North Dakota,US-Canada Border,2024-03-01,48.999555,-103.80925,0,239
3417,Fortuna,North Dakota,US-Canada Border,2024-04-01,48.999555,-103.80925,0,252
3417,Fortuna,North Dakota,US-Canada Border,2024-05-01,48.999555,-103.80925,0,82
3417,Fortuna,North Dakota,US-Canada Border,2024-06-01,48.999555,-103.80925,0,119
3417,Fortuna,North Dakota,US-Canada Border,2024-07-01,48.999555,-103.80925,0,144
3417,Fortuna,North Dakota,US-Canada Border,2024-08-01,48.999555,-103.80925,0,114
3417,Fortuna,North Dakota,US-Canada Border,2024-09-01,48.999555,-103.80925,0,62
3417,Fortuna,North Dakota,US-Canada Border,2024-10-01,48.999555,-103.80925,0,74
3417,Fortuna,North Dakota,US-Canada Border,2024-11-01,48.999555,-103.80925,0,49
3417,Fortuna,North Dakota,US-Canada Border,2024-12-01,48.999555,-103.80925,0,49
3419,Westhope,North Dakota,US-Canada Border,2018-01-01,48.999611,-101.017277,0,651
3419,Westhope,North Dakota,US-Canada Border,2018-02-01,48.999611,-101.017277,0,608
3419,Westhope,North Dakota,US-Canada Border,2018-03-01,48.999611,-101.017277,0,843
3419,Westhope,North Dakota,US-Canada Border,2018-04-01,48.999611,-101.017277,0,1075
3419,Westhope,North Dakota,US-Canada Border,2018-05-01,48.999611,-101.017277,0,976
3419,Westhope,North Dakota,US-Canada Border,2018-06-01,48.999611,-101.017277,0,716
3419,Westhope,North Dakota,US-Canada Border,2018-07-01,48.999611,-101.017277,0,639
3419,Westhope,North Dakota,US-Canada Border,2018-08-01,48.999611,-101.017277,0,728
3419,Westhope,North Dakota,US-Canada Border,2018-09-01,48.999611,-101.017277,0,610
3419,Westhope,North Dakota,US-Canada Border,2018-10-01,48.999611,-101.017277,0,685
3419,Westhope,North Dakota,US-Canada Border,2018-11-01,48.999611,-101.017277,0,725
3419,Westhope,North Dakota,US-Canada Border,2018-12-01,48.999611,-101.017277,0,606
3419,Westhope,North Dakota,US-Canada Border,2019-01-01,48.999611,-101.017277,0,626
3419,Westhope,North Dakota,US-Canada Border,2019-02-01,48.999611,-101.017277,0,741
3419,Westhope,North Dakota,US-Canada Border,2019-03-01,48.999611,-101.017277,0,861
3419,Westhope,North Dakota,US-Canada Border,2019-04-01,48.999611,-101.017277,0,872
3419,Westhope,North Dakota,US-Canada Border,2019-05-01,48.999611,-101.017277,0,889
3419,Westhope,North Dakota,US-Canada Border,2019-06-01,48.999611,-101.017277,0,749
3419,Westhope,North Dakota,US-Canada Border,2019-07-01,48.999611,-101.017277,0,671
3419,Westhope,North Dakota,US-Canada Border,2019-08-01,48.999611,-101.017277,0,493
3419,Westhope,North Dakota,US-Canada Border,2019-09-01,48.999611,-101.017277,0,605
3419,Westhope,North Dakota,US-Canada Border,2019-10-01,48.999611,-101.017277,0,705
3419,Westhope,North Dakota,US-Canada Border,2019-11-01,48.999611,-101.017277,0,632
3419,Westhope,North Dakota,US-Canada Border,2019-12-01,48.999611,-101.017277,0,518
3419,Westhope,North Dakota,US-Canada Border,2020-01-01,48.999611,-101.017277,0,551
3419,Westhope,North Dakota,US-Canada Border,2020-02-01,48.999611,-101.017277,0,460
3419,Westhope,North Dakota,US-Canada Border,2020-03-01,48.999611,-101.017277,0,592
3419,Westhope,North Dakota,US-Canada Border,2020-04-01,48.999611,-101.017277,0,435
3419,Westhope,North Dakota,US-Canada Border,2020-05-01,48.999611,-101.017277,0,179
3419,Westhope,North Dakota,US-Canada Border,2020-06-01,48.999611,-101.017277,0,196
3419,Westhope,North Dakota,US-Canada Border,2020-07-01,48.999611,-101.017277,0,246
3419,Westhope,North Dakota,US-Canada Border,2020-08-01,48.999611,-101.017277,0,345
3419,Westhope,North Dakota,US-Canada Border,2020-09-01,48.999611,-101.017277,0,381
3419,Westhope,North Dakota,US-Canada Border,2020-10-01,48.999611,-101.017277,0,335
3419,Westhope,North Dakota,US-Canada Border,2020-11-01,48.999611,-101.017277,0,249
3419,Westhope,North Dakota,US-Canada Border,2020-12-01,48.999611,-101.017277,0,257
3419,Westhope,North Dakota,US-Canada Border,2021-01-01,48.999611,-101.017277,0,202
3419,Westhope,North Dakota,US-Canada Border,2021-02-01,48.999611,-101.017277,0,103
3419,Westhope,North Dakota,US-Canada Border,2021-03-01,48.999611,-101.017277,0,327
3419,Westhope,North Dakota,US-Canada Border,2021-04-01,48.999611,-101.017277,0,256
3419,Westhope,North Dakota,US-Canada Border,2021-05-01,48.999611,-101.017277,0,125
3419,Westhope,North Dakota,US-Canada Border,2021-06-01,48.999611,-101.017277,0,159
3419,Westhope,North Dakota,US-Canada Border,2021-07-01,48.999611,-101.017277,0,117
3419,Westhope,North Dakota,US-Canada Border,2021-08-01,48.999611,-101.017277,0,87
3419,Westhope,North Dakota,US-Canada Border,2021-09-01,48.999611,-101.017277,0,129
3419,Westhope,North Dakota,US-Canada Border,2021-10-01,48.999611,-101.017277,0,84
3419,Westhope,North Dakota,US-Canada Border,2021-11-01,48.999611,-101.017277,0,78
3419,Westhope,North Dakota,US-Canada Border,2021-12-01,48.999611,-101.017277,0,85
3419,Westhope,North Dakota,US-Canada Border,2022-01-01,48.999611,-101.017277,0,101
3419,Westhope,North Dakota,US-Canada Border,2022-02-01,48.999611,-101.017277,0,108
3419,Westhope,North Dakota,US-Canada Border,2022-03-01,48.999611,-101.017277,0,125
3419,Westhope,North Dakota,US-Canada Border,2022-04-01,48.999611,-101.017277,0,107
3419,Westhope,North Dakota,US-Canada Border,2022-05-01,48.999611,-101.017277,0,132
3419,Westhope,North Dakota,US-Canada Border,2022-06-01,48.999611,-101.017277,0,102
3419,Westhope,North Dakota,US-Canada Border,2022-07-01,48.999611,-101.017277,0,65
3419,Westhope,North Dakota,US-Canada Border,2022-08-01,48.999611,-101.017277,0,116
3419,Westhope,North Dakota,US-Canada Border,2022-09-01,48.999611,-101.017277,0,70
3419,Westhope,North Dakota,US-Canada Border,2022-10-01,48.999611,-101.017277,0,91
3419,Westhope,North Dakota,US-Canada Border,2022-11-01,48.999611,-101.017277,0,62
3419,Westhope,North Dakota,US-Canada Border,2022-12-01,48.999611,-101.017277,0,44
3419,Westhope,North Dakota,US-Canada Border,2023-01-01,48.999611,-101.017277,0,102
3419,Westhope,North Dakota,US-Canada Border,2023-02-01,48.999611,-101.017277,0,92
3419,Westhope,North Dakota,US-Canada Border,2023-03-01,48.999611,-101.017277,0,121
3419,Westhope,North Dakota,US-Canada Border,2023-04-01,48.999611,-101.017277,0,71
3419,Westhope,North Dakota,US-Canada Border,2023-05-01,48.999611,-101.017277,0,71
3419,Westhope,North Dakota,US-Canada Border,2023-06-01,48.999611,-101.017277,0,119
3419,Westhope,North Dakota,US-Canada Border,2023-07-01,48.999611,-101.017277,0,105
3419,Westhope,North Dakota,US-Canada Border,2023-08-01,48.999611,-101.017277,0,49
3419,Westhope,North Dakota,US-Canada Border,2023-09-01,48.999611,-101.017277,0,79
3419,Westhope,North Dakota,US-Canada Border,2023-10-01,48.999611,-101.017277,0,103
3419,Westhope,North Dakota,US-Canada Border,2023-11-01,48.999611,-101.017277,0,85
3419,Westhope,North Dakota,US-Canada Border,2023-12-01,48.999611,-101.017277,0,68
3419,Westhope,North Dakota,US-Canada Border,2024-01-01,48.999611,-101.017277,0,95
3419,Westhope,North Dakota,US-Canada Border,2024-02-01,48.999611,-101.017277,0,88
3419,Westhope,North Dakota,US-Canada Border,2024-03-01,48.999611,-101.017277,0,83
3419,Westhope,North Dakota,US-Canada Border,2024-04-01,48.999611,-101.017277,0,88
3419,Westhope,North Dakota,US-Canada Border,2024-05-01,48.999611,-101.017277,0,92
3419,Westhope,North Dakota,US-Canada Border,2024-06-01,48.999611,-101.017277,0,73
3419,Westhope,North Dakota,US-Canada Border,2024-07-01,48.999611,-101.017277,0,109
3419,Westhope,North Dakota,US-Canada Border,2024-08-01,48.999611,-101.017277,0,76
3419,Westhope,North Dakota,US-Canada Border,2024-09-01,48.999611,-101.017277,0,170
3419,Westhope,North Dakota,US-Canada Border,2024-10-01,48.999611,-101.017277,0,136
3419,Westhope,North Dakota,US-Canada Border,2024-11-01,48.999611,-101.017277,0,80
3419,Westhope,North Dakota,US-Canada Border,2024-12-01,48.999611,-101.017277,0,122
3420,Noonan,North Dakota,US-Canada Border,2018-01-01,48.999333,-103.004361,0,145
3420,Noonan,North Dakota,US-Canada Border,2018-02-01,48.999333,-103.004361,0,183
3420,Noonan,North Dakota,US-Canada Border,2018-03-01,48.999333,-103.004361,0,156
3420,Noonan,North Dakota,US-Canada Border,2018-04-01,48.999333,-103.004361,0,181
3420,Noonan,North Dakota,US-Canada Border,2018-05-01,48.999333,-103.004361,0,202
3420,Noonan,North Dakota,US-Canada Border,2018-06-01,48.999333,-103.004361,0,280
3420,Noonan,North Dakota,US-Canada Border,2018-07-01,48.999333,-103.004361,0,265
3420,Noonan,North Dakota,US-Canada Border,2018-08-01,48.999333,-103.004361,0,311
3420,Noonan,North Dakota,US-Canada Border,2018-09-01,48.999333,-103.004361,0,253
3420,Noonan,North Dakota,US-Canada Border,2018-10-01,48.999333,-103.004361,0,278
3420,Noonan,North Dakota,US-Canada Border,2018-11-01,48.999333,-103.004361,0,237
3420,Noonan,North Dakota,US-Canada Border,2018-12-01,48.999333,-103.004361,0,180
3420,Noonan,North Dakota,US-Canada Border,2019-01-01,48.999333,-103.004361,0,202
3420,Noonan,North Dakota,US-Canada Border,2019-02-01,48.999333,-103.004361,0,230
3420,Noonan,North Dakota,US-Canada Border,2019-03-01,48.999333,-103.004361,0,255
3420,Noonan,North Dakota,US-Canada Border,2019-04-01,48.999333,-103.004361,0,208
3420,Noonan,North Dakota,US-Canada Border,2019-05-01,48.999333,-103.004361,0,345
3420,Noonan,North Dakota,US-Canada Border,2019-06-01,48.999333,-103.004361,0,302
3420,Noonan,North Dakota,US-Canada Border,2019-07-01,48.999333,-103.004361,0,332
3420,Noonan,North Dakota,US-Canada Border,2019-08-01,48.999333,-103.004361,0,351
3420,Noonan,North Dakota,US-Canada Border,2019-09-01,48.999333,-103.004361,0,234
3420,Noonan,North Dakota,US-Canada Border,2019-10-01,48.999333,-103.004361,0,322
3420,Noonan,North Dakota,US-Canada Border,2019-11-01,48.999333,-103.004361,0,280
3420,Noonan,North Dakota,US-Canada Border,2019-12-01,48.999333,-103.004361,0,244
3420,Noonan,North Dakota,US-Canada Border,2020-01-01,48.999333,-103.004361,0,261
3420,Noonan,North Dakota,US-Canada Border,2020-02-01,48.999333,-103.004361,0,313
3420,Noonan,North Dakota,US-Canada Border,2020-03-01,48.999333,-103.004361,0,375
3420,Noonan,North Dakota,US-Canada Border,2020-04-01,48.999333,-103.004361,0,296
3420,Noonan,North Dakota,US-Canada Border,2020-05-01,48.999333,-103.004361,0,310
3420,Noonan,North Dakota,US-Canada Border,2020-06-01,48.999333,-103.004361,0,288
3420,Noonan,North Dakota,US-Canada Border,2020-07-01,48.999333,-103.004361,0,310
3420,Noonan,North Dakota,US-Canada Border,2020-08-01,48.999333,-103.004361,0,303
3420,Noonan,North Dakota,US-Canada Border,2020-09-01,48.999333,-103.004361,0,284
3420,Noonan,North Dakota,US-Canada Border,2020-10-01,48.999333,-103.004361,0,224
3420,Noonan,North Dakota,US-Canada Border,2020-11-01,48.999333,-103.004361,0,188
3420,Noonan,North Dakota,US-Canada Border,2020-12-01,48.999333,-103.004361,0,180
3420,Noonan,North Dakota,US-Canada Border,2021-01-01,48.999333,-103.004361,0,172
3420,Noonan,North Dakota,US-Canada Border,2021-02-01,48.999333,-103.004361,0,132
3420,Noonan,North Dakota,US-Canada Border,2021-03-01,48.999333,-103.004361,0,237
3420,Noonan,North Dakota,US-Canada Border,2021-04-01,48.999333,-103.004361,0,176
3420,Noonan,North Dakota,US-Canada Border,2021-05-01,48.999333,-103.004361,0,132
3420,Noonan,North Dakota,US-Canada Border,2021-06-01,48.999333,-103.004361,0,141
3420,Noonan,North Dakota,US-Canada Border,2021-07-01,48.999333,-103.004361,0,108
3420,Noonan,North Dakota,US-Canada Border,2021-08-01,48.999333,-103.004361,0,97
3420,Noonan,North Dakota,US-Canada Border,2021-09-01,48.999333,-103.004361,0,96
3420,Noonan,North Dakota,US-Canada Border,2021-10-01,48.999333,-103.004361,0,65
3420,Noonan,North Dakota,US-Canada Border,2021-11-01,48.999333,-103.004361,0,89
3420,Noonan,North Dakota,US-Canada Border,2021-12-01,48.999333,-103.004361,0,92
3420,Noonan,North Dakota,US-Canada Border,2022-01-01,48.999333,-103.004361,0,71
3420,Noonan,North Dakota,US-Canada Border,2022-02-01,48.999333,-103.004361,0,69
3420,Noonan,North Dakota,US-Canada Border,2022-03-01,48.999333,-103.004361,0,85
3420,Noonan,North Dakota,US-Canada Border,2022-04-01,48.999333,-103.004361,0,50
3420,Noonan,North Dakota,US-Canada Border,2022-05-01,48.999333,-103.004361,0,63
3420,Noonan,North Dakota,US-Canada Border,2022-06-01,48.999333,-103.004361,0,67
3420,Noonan,North Dakota,US-Canada Border,2022-07-01,48.999333,-103.004361,0,69
3420,Noonan,North Dakota,US-Canada Border,2022-08-01,48.999333,-103.004361,0,138
3420,Noonan,North Dakota,US-Canada Border,2022-09-01,48.999333,-103.004361,0,86
3420,Noonan,North Dakota,US-Canada Border,2022-10-01,48.999333,-103.004361,0,66
3420,Noonan,North Dakota,US-Canada Border,2022-11-01,48.999333,-103.004361,0,87
3420,Noonan,North Dakota,US-Canada Border,2022-12-01,48.999333,-103.004361,0,59
3420,Noonan,North Dakota,US-Canada Border,2023-01-01,48.999333,-103.004361,0,89
3420,Noonan,North Dakota,US-Canada Border,2023-02-01,48.999333,-103.004361,0,81
3420,Noonan,North Dakota,US-Canada Border,2023-03-01,48.999333,-103.004361,0,59
3420,Noonan,North Dakota,US-Canada Border,2023-04-01,48.999333,-103.004361,0,93
3420,Noonan,North Dakota,US-Canada Border,2023-05-01,48.999333,-103.004361,0,73
3420,Noonan,North Dakota,US-Canada Border,2023-06-01,48.999333,-103.004361,0,99
3420,Noonan,North Dakota,US-Canada Border,2023-07-01,48.999333,-103.004361,0,142
3420,Noonan,North Dakota,US-Canada Border,2023-08-01,48.999333,-103.004361,0,74
3420,Noonan,North Dakota,US-Canada Border,2023-09-01,48.999333,-103.004361,0,113
3420,Noonan,North Dakota,US-Canada Border,2023-10-01,48.999333,-103.004361,0,110
3420,Noonan,North Dakota,US-Canada Border,2023-11-01,48.999333,-103.004361,0,168
3420,Noonan,North Dakota,US-Canada Border,2023-12-01,48.999333,-103.004361,0,124
3420,Noonan,North Dakota,US-Canada Border,2024-01-01,48.999333,-103.004361,0,159
3420,Noonan,North Dakota,US-Canada Border,2024-02-01,48.999333,-103.004361,0,120
3420,Noonan,North Dakota,US-Canada Border,2024-03-01,48.999333,-103.004361,0,123
3420,Noonan,North Dakota,US-Canada Border,2024-04-01,48.999333,-103.004361,0,158
3420,Noonan,North Dakota,US-Canada Border,2024-05-01,48.999333,-103.004361,0,108
3420,Noonan,North Dakota,US-Canada Border,2024-06-01,48.999333,-103.004361,0,90
3420,Noonan,North Dakota,US-Canada Border,2024-07-01,48.999333,-103.004361,0,103
3420,Noonan,North Dakota,US-Canada Border,2024-08-01,48.999333,-103.004361,0,139
3420,Noonan,North Dakota,US-Canada Border,2024-09-01,48.999333,-103.004361,0,141
3420,Noonan,North Dakota,US-Canada Border,2024-10-01,48.999333,-103.004361,0,146
3420,Noonan,North Dakota,US-Canada Border,2024-11-01,48.999333,-103.004361,0,102
3420,Noonan,North Dakota,US-Canada Border,2024-12-01,48.999333,-103.004361,0,116
3421,Carbury,North Dakota,US-Canada Border,2018-01-01,48.999416,-100.555805,0,219
3421,Carbury,North Dakota,US-Canada Border,2018-02-01,48.999416,-100.555805,0,216
3421,Carbury,North Dakota,US-Canada Border,2018-03-01,48.999416,-100.555805,0,121
3421,Carbury,North Dakota,US-Canada Border,2018-04-01,48.999416,-100.555805,0,10
3421,Carbury,North Dakota,US-Canada Border,2018-05-01,48.999416,-100.555805,0,73
3421,Carbury,North Dakota,US-Canada Border,2018-06-01,48.999416,-100.555805,0,240
3421,Carbury,North Dakota,US-Canada Border,2018-07-01,48.999416,-100.555805,0,168
3421,Carbury,North Dakota,US-Canada Border,2018-08-01,48.999416,-100.555805,0,271
3421,Carbury,North Dakota,US-Canada Border,2018-09-01,48.999416,-100.555805,0,144
3421,Carbury,North Dakota,US-Canada Border,2018-10-01,48.999416,-100.555805,0,317
3421,Carbury,North Dakota,US-Canada Border,2018-11-01,48.999416,-100.555805,0,171
3421,Carbury,North Dakota,US-Canada Border,2018-12-01,48.999416,-100.555805,0,203
3421,Carbury,North Dakota,US-Canada Border,2019-01-01,48.999416,-100.555805,0,158
3421,Carbury,North Dakota,US-Canada Border,2019-02-01,48.999416,-100.555805,0,130
3421,Carbury,North Dakota,US-Canada Border,2019-03-01,48.999416,-100.555805,0,151
3421,Carbury,North Dakota,US-Canada Border,2019-04-01,48.999416,-100.555805,0,1
3421,Carbury,North Dakota,US-Canada Border,2019-05-01,48.999416,-100.555805,0,104
3421,Carbury,North Dakota,US-Canada Border,2019-06-01,48.999416,-100.555805,0,188
3421,Carbury,North Dakota,US-Canada Border,2019-07-01,48.999416,-100.555805,0,184
3421,Carbury,North Dakota,US-Canada Border,2019-08-01,48.999416,-100.555805,0,192
3421,Carbury,North Dakota,US-Canada Border,2019-09-01,48.999416,-100.555805,0,228
3421,Carbury,North Dakota,US-Canada Border,2019-10-01,48.999416,-100.555805,0,221
3421,Carbury,North Dakota,US-Canada Border,2019-11-01,48.999416,-100.555805,0,119
3421,Carbury,North Dakota,US-Canada Border,2019-12-01,48.999416,-100.555805,0,141
3421,Carbury,North Dakota,US-Canada Border,2020-01-01,48.999416,-100.555805,0,129
3421,Carbury,North Dakota,US-Canada Border,2020-02-01,48.999416,-100.555805,0,246
3421,Carbury,North Dakota,US-Canada Border,2020-03-01,48.999416,-100.555805,0,120
3421,Carbury,North Dakota,US-Canada Border,2020-04-01,48.999416,-100.555805,0,27
3421,Carbury,North Dakota,US-Canada Border,2020-05-01,48.999416,-100.555805,0,10
3421,Carbury,North Dakota,US-Canada Border,2020-06-01,48.999416,-100.555805,0,91
3421,Carbury,North Dakota,US-Canada Border,2020-07-01,48.999416,-100.555805,0,16
3421,Carbury,North Dakota,US-Canada Border,2020-08-01,48.999416,-100.555805,0,80
3421,Carbury,North Dakota,US-Canada Border,2020-09-01,48.999416,-100.555805,0,140
3421,Carbury,North Dakota,US-Canada Border,2020-10-01,48.999416,-100.555805,0,39
3421,Carbury,North Dakota,US-Canada Border,2020-11-01,48.999416,-100.555805,0,55
3421,Carbury,North Dakota,US-Canada Border,2020-12-01,48.999416,-100.555805,0,104
3421,Carbury,North Dakota,US-Canada Border,2021-01-01,48.999416,-100.555805,0,94
3421,Carbury,North Dakota,US-Canada Border,2021-02-01,48.999416,-100.555805,0,20
3421,Carbury,North Dakota,US-Canada Border,2021-03-01,48.999416,-100.555805,0,13
3421,Carbury,North Dakota,US-Canada Border,2021-04-01,48.999416,-100.555805,0,3
3421,Carbury,North Dakota,US-Canada Border,2021-05-01,48.999416,-100.555805,0,26
3421,Carbury,North Dakota,US-Canada Border,2021-06-01,48.999416,-100.555805,0,35
3421,Carbury,North Dakota,US-Canada Border,2021-07-01,48.999416,-100.555805,0,5
3421,Carbury,North Dakota,US-Canada Border,2021-08-01,48.999416,-100.555805,0,31
3421,Carbury,North Dakota,US-Canada Border,2021-09-01,48.999416,-100.555805,0,74
3421,Carbury,North Dakota,US-Canada Border,2021-10-01,48.999416,-100.555805,0,41
3421,Carbury,North Dakota,US-Canada Border,2021-11-01,48.999416,-100.555805,0,18
3421,Carbury,North Dakota,US-Canada Border,2021-12-01,48.999416,-100.555805,0,35
3421,Carbury,North Dakota,US-Canada Border,2022-01-01,48.999416,-100.555805,0,12
3421,Carbury,North Dakota,US-Canada Border,2022-02-01,48.999416,-100.555805,0,9
3421,Carbury,North Dakota,US-Canada Border,2022-03-01,48.999416,-100.555805,0,5
3421,Carbury,North Dakota,US-Canada Border,2022-04-01,48.999416,-100.555805,0,1
3421,Carbury,North Dakota,US-Canada Border,2022-06-01,48.999416,-100.555805,0,12
3421,Carbury,North Dakota,US-Canada Border,2022-07-01,48.999416,-100.555805,0,5
3421,Carbury,North Dakota,US-Canada Border,2022-08-01,48.999416,-100.555805,0,16
3421,Carbury,North Dakota,US-Canada Border,2022-09-01,48.999416,-100.555805,0,7
3421,Carbury,North Dakota,US-Canada Border,2022-10-01,48.999416,-100.555805,0,41
3421,Carbury,North Dakota,US-Canada Border,2022-11-01,48.999416,-100.555805,0,52
3421,Carbury,North Dakota,US-Canada Border,2022-12-01,48.999416,-100.555805,0,20
3421,Carbury,North Dakota,US-Canada Border,2023-01-01,48.999416,-100.555805,0,38
3421,Carbury,North Dakota,US-Canada Border,2023-02-01,48.999416,-100.555805,0,13
3421,Carbury,North Dakota,US-Canada Border,2023-03-01,48.999416,-100.555805,0,48
3421,Carbury,North Dakota,US-Canada Border,2023-04-01,48.999416,-100.555805,0,15
3421,Carbury,North Dakota,US-Canada Border,2023-05-01,48.999416,-100.555805,0,2
3421,Carbury,North Dakota,US-Canada Border,2023-06-01,48.999416,-100.555805,0,39
3421,Carbury,North Dakota,US-Canada Border,2023-07-01,48.999416,-100.555805,0,69
3421,Carbury,North Dakota,US-Canada Border,2023-08-01,48.999416,-100.555805,0,24
3421,Carbury,North Dakota,US-Canada Border,2023-09-01,48.999416,-100.555805,0,21
3421,Carbury,North Dakota,US-Canada Border,2023-10-01,48.999416,-100.555805,0,36
3421,Carbury,North Dakota,US-Canada Border,2023-11-01,48.999416,-100.555805,0,18
3421,Carbury,North Dakota,US-Canada Border,2023-12-01,48.999416,-100.555805,0,3
3421,Carbury,North Dakota,US-Canada Border,2024-01-01,48.999416,-100.555805,0,69
3421,Carbury,North Dakota,US-Canada Border,2024-02-01,48.999416,-100.555805,0,251
3421,Carbury,North Dakota,US-Canada Border,2024-03-01,48.999416,-100.555805,0,6
3421,Carbury,North Dakota,US-Canada Border,2024-05-01,48.999416,-100.555805,0,16
3421,Carbury,North Dakota,US-Canada Border,2024-06-01,48.999416,-100.555805,0,18
3421,Carbury,North Dakota,US-Canada Border,2024-07-01,48.999416,-100.555805,0,26
3421,Carbury,North Dakota,US-Canada Border,2024-08-01,48.999416,-100.555805,0,32
3421,Carbury,North Dakota,US-Canada Border,2024-09-01,48.999416,-100.555805,0,132
3421,Carbury,North Dakota,US-Canada Border,2024-10-01,48.999416,-100.555805,0,188
3421,Carbury,North Dakota,US-Canada Border,2024-11-01,48.999416,-100.555805,0,94
3421,Carbury,North Dakota,US-Canada Border,2024-12-01,48.999416,-100.555805,0,73
3422,Dunseith,North Dakota,US-Canada Border,2018-01-01,48.999277,-100.052166,0,2290
3422,Dunseith,North Dakota,US-Canada Border,2018-02-01,48.999277,-100.052166,0,1983
3422,Dunseith,North Dakota,US-Canada Border,2018-03-01,48.999277,-100.052166,0,2012
3422,Dunseith,North Dakota,US-Canada Border,2018-04-01,48.999277,-100.052166,0,2508
3422,Dunseith,North Dakota,US-Canada Border,2018-05-01,48.999277,-100.052166,0,3100
3422,Dunseith,North Dakota,US-Canada Border,2018-06-01,48.999277,-100.052166,0,2448
3422,Dunseith,North Dakota,US-Canada Border,2018-07-01,48.999277,-100.052166,0,2740
3422,Dunseith,North Dakota,US-Canada Border,2018-08-01,48.999277,-100.052166,0,2524
3422,Dunseith,North Dakota,US-Canada Border,2018-09-01,48.999277,-100.052166,0,2395
3422,Dunseith,North Dakota,US-Canada Border,2018-10-01,48.999277,-100.052166,0,2248
3422,Dunseith,North Dakota,US-Canada Border,2018-11-01,48.999277,-100.052166,0,1641
3422,Dunseith,North Dakota,US-Canada Border,2018-12-01,48.999277,-100.052166,0,1592
3422,Dunseith,North Dakota,US-Canada Border,2019-01-01,48.999277,-100.052166,0,1969
3422,Dunseith,North Dakota,US-Canada Border,2019-02-01,48.999277,-100.052166,0,1697
3422,Dunseith,North Dakota,US-Canada Border,2019-03-01,48.999277,-100.052166,0,2057
3422,Dunseith,North Dakota,US-Canada Border,2019-04-01,48.999277,-100.052166,0,2333
3422,Dunseith,North Dakota,US-Canada Border,2019-05-01,48.999277,-100.052166,0,2610
3422,Dunseith,North Dakota,US-Canada Border,2019-06-01,48.999277,-100.052166,0,2536
3422,Dunseith,North Dakota,US-Canada Border,2019-07-01,48.999277,-100.052166,0,2197
3422,Dunseith,North Dakota,US-Canada Border,2019-08-01,48.999277,-100.052166,0,2382
3422,Dunseith,North Dakota,US-Canada Border,2019-09-01,48.999277,-100.052166,0,2006
3422,Dunseith,North Dakota,US-Canada Border,2019-10-01,48.999277,-100.052166,0,1766
3422,Dunseith,North Dakota,US-Canada Border,2019-11-01,48.999277,-100.052166,0,1538
3422,Dunseith,North Dakota,US-Canada Border,2019-12-01,48.999277,-100.052166,0,1424
3422,Dunseith,North Dakota,US-Canada Border,2020-01-01,48.999277,-100.052166,0,1928
3422,Dunseith,North Dakota,US-Canada Border,2020-02-01,48.999277,-100.052166,0,2077
3422,Dunseith,North Dakota,US-Canada Border,2020-03-01,48.999277,-100.052166,0,2554
3422,Dunseith,North Dakota,US-Canada Border,2020-04-01,48.999277,-100.052166,0,2080
3422,Dunseith,North Dakota,US-Canada Border,2020-05-01,48.999277,-100.052166,0,2702
3422,Dunseith,North Dakota,US-Canada Border,2020-06-01,48.999277,-100.052166,0,2318
3422,Dunseith,North Dakota,US-Canada Border,2020-07-01,48.999277,-100.052166,0,2311
3422,Dunseith,North Dakota,US-Canada Border,2020-08-01,48.999277,-100.052166,0,1995
3422,Dunseith,North Dakota,US-Canada Border,2020-09-01,48.999277,-100.052166,0,2156
3422,Dunseith,North Dakota,US-Canada Border,2020-10-01,48.999277,-100.052166,0,1966
3422,Dunseith,North Dakota,US-Canada Border,2020-11-01,48.999277,-100.052166,0,1939
3422,Dunseith,North Dakota,US-Canada Border,2020-12-01,48.999277,-100.052166,0,1762
3422,Dunseith,North Dakota,US-Canada Border,2021-01-01,48.999277,-100.052166,0,2157
3422,Dunseith,North Dakota,US-Canada Border,2021-02-01,48.999277,-100.052166,0,1879
3422,Dunseith,North Dakota,US-Canada Border,2021-03-01,48.999277,-100.052166,0,2210
3422,Dunseith,North Dakota,US-Canada Border,2021-04-01,48.999277,-100.052166,0,1774
3422,Dunseith,North Dakota,US-Canada Border,2021-05-01,48.999277,-100.052166,0,2069
3422,Dunseith,North Dakota,US-Canada Border,2021-06-01,48.999277,-100.052166,0,1922
3422,Dunseith,North Dakota,US-Canada Border,2021-07-01,48.999277,-100.052166,0,2031
3422,Dunseith,North Dakota,US-Canada Border,2021-08-01,48.999277,-100.052166,0,2259
3422,Dunseith,North Dakota,US-Canada Border,2021-09-01,48.999277,-100.052166,0,2342
3422,Dunseith,North Dakota,US-Canada Border,2021-10-01,48.999277,-100.052166,0,2136
3422,Dunseith,North Dakota,US-Canada Border,2021-11-01,48.999277,-100.052166,0,2239
3422,Dunseith,North Dakota,US-Canada Border,2021-12-01,48.999277,-100.052166,0,2174
3422,Dunseith,North Dakota,US-Canada Border,2022-01-01,48.999277,-100.052166,0,1926
3422,Dunseith,North Dakota,US-Canada Border,2022-02-01,48.999277,-100.052166,0,2267
3422,Dunseith,North Dakota,US-Canada Border,2022-03-01,48.999277,-100.052166,0,2512
3422,Dunseith,North Dakota,US-Canada Border,2022-04-01,48.999277,-100.052166,0,1989
3422,Dunseith,North Dakota,US-Canada Border,2022-05-01,48.999277,-100.052166,0,2542
3422,Dunseith,North Dakota,US-Canada Border,2022-06-01,48.999277,-100.052166,0,2623
3422,Dunseith,North Dakota,US-Canada Border,2022-07-01,48.999277,-100.052166,0,2247
3422,Dunseith,North Dakota,US-Canada Border,2022-08-01,48.999277,-100.052166,0,2329
3422,Dunseith,North Dakota,US-Canada Border,2022-09-01,48.999277,-100.052166,0,1935
3422,Dunseith,North Dakota,US-Canada Border,2022-10-01,48.999277,-100.052166,0,2209
3422,Dunseith,North Dakota,US-Canada Border,2022-11-01,48.999277,-100.052166,0,2204
3422,Dunseith,North Dakota,US-Canada Border,2022-12-01,48.999277,-100.052166,0,1595
3422,Dunseith,North Dakota,US-Canada Border,2023-01-01,48.999277,-100.052166,0,2240
3422,Dunseith,North Dakota,US-Canada Border,2023-02-01,48.999277,-100.052166,0,2190
3422,Dunseith,North Dakota,US-Canada Border,2023-03-01,48.999277,-100.052166,0,2468
3422,Dunseith,North Dakota,US-Canada Border,2023-04-01,48.999277,-100.052166,0,1930
3422,Dunseith,North Dakota,US-Canada Border,2023-05-01,48.999277,-100.052166,0,2523
3422,Dunseith,North Dakota,US-Canada Border,2023-06-01,48.999277,-100.052166,0,2705
3422,Dunseith,North Dakota,US-Canada Border,2023-07-01,48.999277,-100.052166,0,2582
3422,Dunseith,North Dakota,US-Canada Border,2023-08-01,48.999277,-100.052166,0,3050
3422,Dunseith,North Dakota,US-Canada Border,2023-09-01,48.999277,-100.052166,0,2435
3422,Dunseith,North Dakota,US-Canada Border,2023-10-01,48.999277,-100.052166,0,2625
3422,Dunseith,North Dakota,US-Canada Border,2023-11-01,48.999277,-100.052166,0,2331
3422,Dunseith,North Dakota,US-Canada Border,2023-12-01,48.999277,-100.052166,0,1793
3422,Dunseith,North Dakota,US-Canada Border,2024-01-01,48.999277,-100.052166,0,2316
3422,Dunseith,North Dakota,US-Canada Border,2024-02-01,48.999277,-100.052166,0,2119
3422,Dunseith,North Dakota,US-Canada Border,2024-03-01,48.999277,-100.052166,0,2135
3422,Dunseith,North Dakota,US-Canada Border,2024-04-01,48.999277,-100.052166,0,2174
3422,Dunseith,North Dakota,US-Canada Border,2024-05-01,48.999277,-100.052166,0,2410
3422,Dunseith,North Dakota,US-Canada Border,2024-06-01,48.999277,-100.052166,0,2204
3422,Dunseith,North Dakota,US-Canada Border,2024-07-01,48.999277,-100.052166,0,2592
3422,Dunseith,North Dakota,US-Canada Border,2024-08-01,48.999277,-100.052166,0,2674
3422,Dunseith,North Dakota,US-Canada Border,2024-09-01,48.999277,-100.052166,0,2486
3422,Dunseith,North Dakota,US-Canada Border,2024-10-01,48.999277,-100.052166,0,2498
3422,Dunseith,North Dakota,US-Canada Border,2024-11-01,48.999277,-100.052166,0,1695
3422,Dunseith,North Dakota,US-Canada Border,2024-12-01,48.999277,-100.052166,0,1608
3423,Warroad,Minnesota,US-Canada Border,2018-01-01,48.999,-95.376555,0,735
3423,Warroad,Minnesota,US-Canada Border,2018-02-01,48.999,-95.376555,0,707
3423,Warroad,Minnesota,US-Canada Border,2018-03-01,48.999,-95.376555,0,820
3423,Warroad,Minnesota,US-Canada Border,2018-04-01,48.999,-95.376555,0,446
3423,Warroad,Minnesota,US-Canada Border,2018-05-01,48.999,-95.376555,0,469
3423,Warroad,Minnesota,US-Canada Border,2018-06-01,48.999,-95.376555,0,423
3423,Warroad,Minnesota,US-Canada Border,2018-07-01,48.999,-95.376555,0,417
3423,Warroad,Minnesota,US-Canada Border,2018-08-01,48.999,-95.376555,0,481
3423,Warroad,Minnesota,US-Canada Border,2018-09-01,48.999,-95.376555,0,379
3423,Warroad,Minnesota,US-Canada Border,2018-10-01,48.999,-95.376555,0,427
3423,Warroad,Minnesota,US-Canada Border,2018-11-01,48.999,-95.376555,0,324
3423,Warroad,Minnesota,US-Canada Border,2018-12-01,48.999,-95.376555,0,348
3423,Warroad,Minnesota,US-Canada Border,2019-01-01,48.999,-95.376555,0,534
3423,Warroad,Minnesota,US-Canada Border,2019-02-01,48.999,-95.376555,0,546
3423,Warroad,Minnesota,US-Canada Border,2019-03-01,48.999,-95.376555,0,578
3423,Warroad,Minnesota,US-Canada Border,2019-04-01,48.999,-95.376555,0,318
3423,Warroad,Minnesota,US-Canada Border,2019-05-01,48.999,-95.376555,0,372
3423,Warroad,Minnesota,US-Canada Border,2019-06-01,48.999,-95.376555,0,431
3423,Warroad,Minnesota,US-Canada Border,2019-07-01,48.999,-95.376555,0,367
3423,Warroad,Minnesota,US-Canada Border,2019-08-01,48.999,-95.376555,0,360
3423,Warroad,Minnesota,US-Canada Border,2019-09-01,48.999,-95.376555,0,447
3423,Warroad,Minnesota,US-Canada Border,2019-10-01,48.999,-95.376555,0,327
3423,Warroad,Minnesota,US-Canada Border,2019-11-01,48.999,-95.376555,0,275
3423,Warroad,Minnesota,US-Canada Border,2019-12-01,48.999,-95.376555,0,290
3423,Warroad,Minnesota,US-Canada Border,2020-01-01,48.999,-95.376555,0,523
3423,Warroad,Minnesota,US-Canada Border,2020-02-01,48.999,-95.376555,0,559
3423,Warroad,Minnesota,US-Canada Border,2020-03-01,48.999,-95.376555,0,643
3423,Warroad,Minnesota,US-Canada Border,2020-04-01,48.999,-95.376555,0,238
3423,Warroad,Minnesota,US-Canada Border,2020-05-01,48.999,-95.376555,0,293
3423,Warroad,Minnesota,US-Canada Border,2020-06-01,48.999,-95.376555,0,420
3423,Warroad,Minnesota,US-Canada Border,2020-07-01,48.999,-95.376555,0,413
3423,Warroad,Minnesota,US-Canada Border,2020-08-01,48.999,-95.376555,0,443
3423,Warroad,Minnesota,US-Canada Border,2020-09-01,48.999,-95.376555,0,522
3423,Warroad,Minnesota,US-Canada Border,2020-10-01,48.999,-95.376555,0,456
3423,Warroad,Minnesota,US-Canada Border,2020-11-01,48.999,-95.376555,0,420
3423,Warroad,Minnesota,US-Canada Border,2020-12-01,48.999,-95.376555,0,451
3423,Warroad,Minnesota,US-Canada Border,2021-01-01,48.999,-95.376555,0,753
3423,Warroad,Minnesota,US-Canada Border,2021-02-01,48.999,-95.376555,0,844
3423,Warroad,Minnesota,US-Canada Border,2021-03-01,48.999,-95.376555,0,698
3423,Warroad,Minnesota,US-Canada Border,2021-04-01,48.999,-95.376555,0,280
3423,Warroad,Minnesota,US-Canada Border,2021-05-01,48.999,-95.376555,0,366
3423,Warroad,Minnesota,US-Canada Border,2021-06-01,48.999,-95.376555,0,545
3423,Warroad,Minnesota,US-Canada Border,2021-07-01,48.999,-95.376555,0,500
3423,Warroad,Minnesota,US-Canada Border,2021-08-01,48.999,-95.376555,0,451
3423,Warroad,Minnesota,US-Canada Border,2021-09-01,48.999,-95.376555,0,608
3423,Warroad,Minnesota,US-Canada Border,2021-10-01,48.999,-95.376555,0,507
3423,Warroad,Minnesota,US-Canada Border,2021-11-01,48.999,-95.376555,0,519
3423,Warroad,Minnesota,US-Canada Border,2021-12-01,48.999,-95.376555,0,541
3423,Warroad,Minnesota,US-Canada Border,2022-01-01,48.999,-95.376555,0,620
3423,Warroad,Minnesota,US-Canada Border,2022-02-01,48.999,-95.376555,0,1359
3423,Warroad,Minnesota,US-Canada Border,2022-03-01,48.999,-95.376555,0,632
3423,Warroad,Minnesota,US-Canada Border,2022-04-01,48.999,-95.376555,0,387
3423,Warroad,Minnesota,US-Canada Border,2022-05-01,48.999,-95.376555,0,868
3423,Warroad,Minnesota,US-Canada Border,2022-06-01,48.999,-95.376555,0,401
3423,Warroad,Minnesota,US-Canada Border,2022-07-01,48.999,-95.376555,0,385
3423,Warroad,Minnesota,US-Canada Border,2022-08-01,48.999,-95.376555,0,409
3423,Warroad,Minnesota,US-Canada Border,2022-09-01,48.999,-95.376555,0,282
3423,Warroad,Minnesota,US-Canada Border,2022-10-01,48.999,-95.376555,0,274
3423,Warroad,Minnesota,US-Canada Border,2022-11-01,48.999,-95.376555,0,283
3423,Warroad,Minnesota,US-Canada Border,2022-12-01,48.999,-95.376555,0,286
3423,Warroad,Minnesota,US-Canada Border,2023-01-01,48.999,-95.376555,0,591
3423,Warroad,Minnesota,US-Canada Border,2023-02-01,48.999,-95.376555,0,567
3423,Warroad,Minnesota,US-Canada Border,2023-03-01,48.999,-95.376555,0,507
3423,Warroad,Minnesota,US-Canada Border,2023-04-01,48.999,-95.376555,0,292
3423,Warroad,Minnesota,US-Canada Border,2023-05-01,48.999,-95.376555,0,317
3423,Warroad,Minnesota,US-Canada Border,2023-06-01,48.999,-95.376555,0,326
3423,Warroad,Minnesota,US-Canada Border,2023-07-01,48.999,-95.376555,0,333
3423,Warroad,Minnesota,US-Canada Border,2023-08-01,48.999,-95.376555,0,320
3423,Warroad,Minnesota,US-Canada Border,2023-09-01,48.999,-95.376555,0,353
3423,Warroad,Minnesota,US-Canada Border,2023-10-01,48.999,-95.376555,0,426
3423,Warroad,Minnesota,US-Canada Border,2023-11-01,48.999,-95.376555,0,482
3423,Warroad,Minnesota,US-Canada Border,2023-12-01,48.999,-95.376555,0,575
3423,Warroad,Minnesota,US-Canada Border,2024-01-01,48.999,-95.376555,0,837
3423,Warroad,Minnesota,US-Canada Border,2024-02-01,48.999,-95.376555,0,855
3423,Warroad,Minnesota,US-Canada Border,2024-03-01,48.999,-95.376555,0,764
3423,Warroad,Minnesota,US-Canada Border,2024-04-01,48.999,-95.376555,0,522
3423,Warroad,Minnesota,US-Canada Border,2024-05-01,48.999,-95.376555,0,472
3423,Warroad,Minnesota,US-Canada Border,2024-06-01,48.999,-95.376555,0,489
3423,Warroad,Minnesota,US-Canada Border,2024-07-01,48.999,-95.376555,0,598
3423,Warroad,Minnesota,US-Canada Border,2024-08-01,48.999,-95.376555,0,449
3423,Warroad,Minnesota,US-Canada Border,2024-09-01,48.999,-95.376555,0,530
3423,Warroad,Minnesota,US-Canada Border,2024-10-01,48.999,-95.376555,0,591
3423,Warroad,Minnesota,US-Canada Border,2024-11-01,48.999,-95.376555,0,532
3423,Warroad,Minnesota,US-Canada Border,2024-12-01,48.999,-95.376555,0,443
3424,Baudette,Minnesota,US-Canada Border,2018-01-01,48.719109,-94.590467,0,708
3424,Baudette,Minnesota,US-Canada Border,2018-02-01,48.719109,-94.590467,0,687
3424,Baudette,Minnesota,US-Canada Border,2018-03-01,48.719109,-94.590467,0,726
3424,Baudette,Minnesota,US-Canada Border,2018-04-01,48.719109,-94.590467,0,439
3424,Baudette,Minnesota,US-Canada Border,2018-05-01,48.719109,-94.590467,0,483
3424,Baudette,Minnesota,US-Canada Border,2018-06-01,48.719109,-94.590467,0,526
3424,Baudette,Minnesota,US-Canada Border,2018-07-01,48.719109,-94.590467,0,570
3424,Baudette,Minnesota,US-Canada Border,2018-08-01,48.719109,-94.590467,0,550
3424,Baudette,Minnesota,US-Canada Border,2018-09-01,48.719109,-94.590467,0,465
3424,Baudette,Minnesota,US-Canada Border,2018-10-01,48.719109,-94.590467,0,379
3424,Baudette,Minnesota,US-Canada Border,2018-11-01,48.719109,-94.590467,0,285
3424,Baudette,Minnesota,US-Canada Border,2018-12-01,48.719109,-94.590467,0,429
3424,Baudette,Minnesota,US-Canada Border,2019-01-01,48.719109,-94.590467,0,519
3424,Baudette,Minnesota,US-Canada Border,2019-02-01,48.719109,-94.590467,0,499
3424,Baudette,Minnesota,US-Canada Border,2019-03-01,48.719109,-94.590467,0,530
3424,Baudette,Minnesota,US-Canada Border,2019-04-01,48.719109,-94.590467,0,392
3424,Baudette,Minnesota,US-Canada Border,2019-05-01,48.719109,-94.590467,0,518
3424,Baudette,Minnesota,US-Canada Border,2019-06-01,48.719109,-94.590467,0,474
3424,Baudette,Minnesota,US-Canada Border,2019-07-01,48.719109,-94.590467,0,338
3424,Baudette,Minnesota,US-Canada Border,2019-08-01,48.719109,-94.590467,0,385
3424,Baudette,Minnesota,US-Canada Border,2019-09-01,48.719109,-94.590467,0,337
3424,Baudette,Minnesota,US-Canada Border,2019-10-01,48.719109,-94.590467,0,271
3424,Baudette,Minnesota,US-Canada Border,2019-11-01,48.719109,-94.590467,0,316
3424,Baudette,Minnesota,US-Canada Border,2019-12-01,48.719109,-94.590467,0,428
3424,Baudette,Minnesota,US-Canada Border,2020-01-01,48.719109,-94.590467,0,610
3424,Baudette,Minnesota,US-Canada Border,2020-02-01,48.719109,-94.590467,0,543
3424,Baudette,Minnesota,US-Canada Border,2020-03-01,48.719109,-94.590467,0,631
3424,Baudette,Minnesota,US-Canada Border,2020-04-01,48.719109,-94.590467,0,156
3424,Baudette,Minnesota,US-Canada Border,2020-05-01,48.719109,-94.590467,0,142
3424,Baudette,Minnesota,US-Canada Border,2020-06-01,48.719109,-94.590467,0,259
3424,Baudette,Minnesota,US-Canada Border,2020-07-01,48.719109,-94.590467,0,444
3424,Baudette,Minnesota,US-Canada Border,2020-08-01,48.719109,-94.590467,0,465
3424,Baudette,Minnesota,US-Canada Border,2020-09-01,48.719109,-94.590467,0,391
3424,Baudette,Minnesota,US-Canada Border,2020-10-01,48.719109,-94.590467,0,462
3424,Baudette,Minnesota,US-Canada Border,2020-11-01,48.719109,-94.590467,0,392
3424,Baudette,Minnesota,US-Canada Border,2020-12-01,48.719109,-94.590467,0,345
3424,Baudette,Minnesota,US-Canada Border,2021-01-01,48.719109,-94.590467,0,479
3424,Baudette,Minnesota,US-Canada Border,2021-02-01,48.719109,-94.590467,0,527
3424,Baudette,Minnesota,US-Canada Border,2021-03-01,48.719109,-94.590467,0,473
3424,Baudette,Minnesota,US-Canada Border,2021-04-01,48.719109,-94.590467,0,167
3424,Baudette,Minnesota,US-Canada Border,2021-05-01,48.719109,-94.590467,0,274
3424,Baudette,Minnesota,US-Canada Border,2021-06-01,48.719109,-94.590467,0,352
3424,Baudette,Minnesota,US-Canada Border,2021-07-01,48.719109,-94.590467,0,350
3424,Baudette,Minnesota,US-Canada Border,2021-08-01,48.719109,-94.590467,0,423
3424,Baudette,Minnesota,US-Canada Border,2021-09-01,48.719109,-94.590467,0,488
3424,Baudette,Minnesota,US-Canada Border,2021-10-01,48.719109,-94.590467,0,509
3424,Baudette,Minnesota,US-Canada Border,2021-11-01,48.719109,-94.590467,0,584
3424,Baudette,Minnesota,US-Canada Border,2021-12-01,48.719109,-94.590467,0,586
3424,Baudette,Minnesota,US-Canada Border,2022-01-01,48.719109,-94.590467,0,482
3424,Baudette,Minnesota,US-Canada Border,2022-02-01,48.719109,-94.590467,0,391
3424,Baudette,Minnesota,US-Canada Border,2022-03-01,48.719109,-94.590467,0,413
3424,Baudette,Minnesota,US-Canada Border,2022-04-01,48.719109,-94.590467,0,205
3424,Baudette,Minnesota,US-Canada Border,2022-05-01,48.719109,-94.590467,0,414
3424,Baudette,Minnesota,US-Canada Border,2022-06-01,48.719109,-94.590467,0,397
3424,Baudette,Minnesota,US-Canada Border,2022-07-01,48.719109,-94.590467,0,25
3424,Baudette,Minnesota,US-Canada Border,2022-08-01,48.719109,-94.590467,0,215
3424,Baudette,Minnesota,US-Canada Border,2022-09-01,48.719109,-94.590467,0,155
3424,Baudette,Minnesota,US-Canada Border,2022-10-01,48.719109,-94.590467,0,196
3424,Baudette,Minnesota,US-Canada Border,2022-11-01,48.719109,-94.590467,0,184
3424,Baudette,Minnesota,US-Canada Border,2022-12-01,48.719109,-94.590467,0,189
3424,Baudette,Minnesota,US-Canada Border,2023-01-01,48.719109,-94.590467,0,448
3424,Baudette,Minnesota,US-Canada Border,2023-02-01,48.719109,-94.590467,0,493
3424,Baudette,Minnesota,US-Canada Border,2023-03-01,48.719109,-94.590467,0,410
3424,Baudette,Minnesota,US-Canada Border,2023-04-01,48.719109,-94.590467,0,129
3424,Baudette,Minnesota,US-Canada Border,2023-05-01,48.719109,-94.590467,0,232
3424,Baudette,Minnesota,US-Canada Border,2023-06-01,48.719109,-94.590467,0,348
3424,Baudette,Minnesota,US-Canada Border,2023-07-01,48.719109,-94.590467,0,342
3424,Baudette,Minnesota,US-Canada Border,2023-08-01,48.719109,-94.590467,0,93
3424,Baudette,Minnesota,US-Canada Border,2023-09-01,48.719109,-94.590467,0,251
3424,Baudette,Minnesota,US-Canada Border,2023-10-01,48.719109,-94.590467,0,224
3424,Baudette,Minnesota,US-Canada Border,2023-11-01,48.719109,-94.590467,0,252
3424,Baudette,Minnesota,US-Canada Border,2023-12-01,48.719109,-94.590467,0,377
3424,Baudette,Minnesota,US-Canada Border,2024-01-01,48.719109,-94.590467,0,520
3424,Baudette,Minnesota,US-Canada Border,2024-02-01,48.719109,-94.590467,0,560
3424,Baudette,Minnesota,US-Canada Border,2024-03-01,48.719109,-94.590467,0,453
3424,Baudette,Minnesota,US-Canada Border,2024-04-01,48.719109,-94.590467,0,357
3424,Baudette,Minnesota,US-Canada Border,2024-05-01,48.719109,-94.590467,0,374
3424,Baudette,Minnesota,US-Canada Border,2024-06-01,48.719109,-94.590467,0,394
3424,Baudette,Minnesota,US-Canada Border,2024-07-01,48.719109,-94.590467,0,304
3424,Baudette,Minnesota,US-Canada Border,2024-08-01,48.719109,-94.590467,0,216
3424,Baudette,Minnesota,US-Canada Border,2024-09-01,48.719109,-94.590467,0,290
3424,Baudette,Minnesota,US-Canada Border,2024-10-01,48.719109,-94.590467,0,316
3424,Baudette,Minnesota,US-Canada Border,2024-11-01,48.719109,-94.590467,0,250
3424,Baudette,Minnesota,US-Canada Border,2024-12-01,48.719109,-94.590467,0,259
3425,Pinecreek,Minnesota,US-Canada Border,2018-01-01,48.999916,-95.977694,0,40
3425,Pinecreek,Minnesota,US-Canada Border,2018-02-01,48.999916,-95.977694,0,43
3425,Pinecreek,Minnesota,US-Canada Border,2018-03-01,48.999916,-95.977694,0,39
3425,Pinecreek,Minnesota,US-Canada Border,2018-04-01,48.999916,-95.977694,0,21
3425,Pinecreek,Minnesota,US-Canada Border,2018-05-01,48.999916,-95.977694,0,21
3425,Pinecreek,Minnesota,US-Canada Border,2018-06-01,48.999916,-95.977694,0,16
3425,Pinecreek,Minnesota,US-Canada Border,2018-07-01,48.999916,-95.977694,0,17
3425,Pinecreek,Minnesota,US-Canada Border,2018-08-01,48.999916,-95.977694,0,10
3425,Pinecreek,Minnesota,US-Canada Border,2018-09-01,48.999916,-95.977694,0,8
3425,Pinecreek,Minnesota,US-Canada Border,2018-10-01,48.999916,-95.977694,0,13
3425,Pinecreek,Minnesota,US-Canada Border,2018-11-01,48.999916,-95.977694,0,10
3425,Pinecreek,Minnesota,US-Canada Border,2018-12-01,48.999916,-95.977694,0,6
3425,Pinecreek,Minnesota,US-Canada Border,2019-01-01,48.999916,-95.977694,0,12
3425,Pinecreek,Minnesota,US-Canada Border,2019-02-01,48.999916,-95.977694,0,10
3425,Pinecreek,Minnesota,US-Canada Border,2019-03-01,48.999916,-95.977694,0,19
3425,Pinecreek,Minnesota,US-Canada Border,2019-04-01,48.999916,-95.977694,0,24
3425,Pinecreek,Minnesota,US-Canada Border,2019-05-01,48.999916,-95.977694,0,15
3425,Pinecreek,Minnesota,US-Canada Border,2019-06-01,48.999916,-95.977694,0,19
3425,Pinecreek,Minnesota,US-Canada Border,2019-07-01,48.999916,-95.977694,0,21
3425,Pinecreek,Minnesota,US-Canada Border,2019-08-01,48.999916,-95.977694,0,32
3425,Pinecreek,Minnesota,US-Canada Border,2019-09-01,48.999916,-95.977694,0,20
3425,Pinecreek,Minnesota,US-Canada Border,2019-10-01,48.999916,-95.977694,0,30
3425,Pinecreek,Minnesota,US-Canada Border,2019-11-01,48.999916,-95.977694,0,26
3425,Pinecreek,Minnesota,US-Canada Border,2019-12-01,48.999916,-95.977694,0,22
3425,Pinecreek,Minnesota,US-Canada Border,2020-01-01,48.999916,-95.977694,0,16
3425,Pinecreek,Minnesota,US-Canada Border,2020-02-01,48.999916,-95.977694,0,12
3425,Pinecreek,Minnesota,US-Canada Border,2020-03-01,48.999916,-95.977694,0,18
3425,Pinecreek,Minnesota,US-Canada Border,2020-04-01,48.999916,-95.977694,0,14
3425,Pinecreek,Minnesota,US-Canada Border,2020-05-01,48.999916,-95.977694,0,12
3425,Pinecreek,Minnesota,US-Canada Border,2020-06-01,48.999916,-95.977694,0,15
3425,Pinecreek,Minnesota,US-Canada Border,2020-07-01,48.999916,-95.977694,0,15
3425,Pinecreek,Minnesota,US-Canada Border,2020-08-01,48.999916,-95.977694,0,13
3425,Pinecreek,Minnesota,US-Canada Border,2020-09-01,48.999916,-95.977694,0,16
3425,Pinecreek,Minnesota,US-Canada Border,2020-10-01,48.999916,-95.977694,0,26
3425,Pinecreek,Minnesota,US-Canada Border,2020-11-01,48.999916,-95.977694,0,11
3425,Pinecreek,Minnesota,US-Canada Border,2020-12-01,48.999916,-95.977694,0,16
3425,Pinecreek,Minnesota,US-Canada Border,2021-01-01,48.999916,-95.977694,0,11
3425,Pinecreek,Minnesota,US-Canada Border,2021-02-01,48.999916,-95.977694,0,8
3425,Pinecreek,Minnesota,US-Canada Border,2021-03-01,48.999916,-95.977694,0,14
3425,Pinecreek,Minnesota,US-Canada Border,2021-04-01,48.999916,-95.977694,0,18
3425,Pinecreek,Minnesota,US-Canada Border,2021-05-01,48.999916,-95.977694,0,14
3425,Pinecreek,Minnesota,US-Canada Border,2021-06-01,48.999916,-95.977694,0,12
3425,Pinecreek,Minnesota,US-Canada Border,2021-07-01,48.999916,-95.977694,0,16
3425,Pinecreek,Minnesota,US-Canada Border,2021-08-01,48.999916,-95.977694,0,21
3425,Pinecreek,Minnesota,US-Canada Border,2021-09-01,48.999916,-95.977694,0,12
3425,Pinecreek,Minnesota,US-Canada Border,2021-10-01,48.999916,-95.977694,0,15
3425,Pinecreek,Minnesota,US-Canada Border,2021-11-01,48.999916,-95.977694,0,15
3425,Pinecreek,Minnesota,US-Canada Border,2021-12-01,48.999916,-95.977694,0,15
3425,Pinecreek,Minnesota,US-Canada Border,2022-01-01,48.999916,-95.977694,0,14
3425,Pinecreek,Minnesota,US-Canada Border,2022-02-01,48.999916,-95.977694,0,7
3425,Pinecreek,Minnesota,US-Canada Border,2022-03-01,48.999916,-95.977694,0,8
3425,Pinecreek,Minnesota,US-Canada Border,2022-04-01,48.999916,-95.977694,0,6
3425,Pinecreek,Minnesota,US-Canada Border,2022-05-01,48.999916,-95.977694,0,8
3425,Pinecreek,Minnesota,US-Canada Border,2022-06-01,48.999916,-95.977694,0,9
3425,Pinecreek,Minnesota,US-Canada Border,2022-07-01,48.999916,-95.977694,0,6
3425,Pinecreek,Minnesota,US-Canada Border,2022-08-01,48.999916,-95.977694,0,7
3425,Pinecreek,Minnesota,US-Canada Border,2022-09-01,48.999916,-95.977694,0,10
3425,Pinecreek,Minnesota,US-Canada Border,2022-10-01,48.999916,-95.977694,0,8
3425,Pinecreek,Minnesota,US-Canada Border,2022-11-01,48.999916,-95.977694,0,11
3425,Pinecreek,Minnesota,US-Canada Border,2022-12-01,48.999916,-95.977694,0,8
3425,Pinecreek,Minnesota,US-Canada Border,2023-01-01,48.999916,-95.977694,0,8
3425,Pinecreek,Minnesota,US-Canada Border,2023-02-01,48.999916,-95.977694,0,4
3425,Pinecreek,Minnesota,US-Canada Border,2023-03-01,48.999916,-95.977694,0,4
3425,Pinecreek,Minnesota,US-Canada Border,2023-04-01,48.999916,-95.977694,0,5
3425,Pinecreek,Minnesota,US-Canada Border,2023-05-01,48.999916,-95.977694,0,8
3425,Pinecreek,Minnesota,US-Canada Border,2023-06-01,48.999916,-95.977694,0,8
3425,Pinecreek,Minnesota,US-Canada Border,2023-07-01,48.999916,-95.977694,0,6
3425,Pinecreek,Minnesota,US-Canada Border,2023-08-01,48.999916,-95.977694,0,6
3425,Pinecreek,Minnesota,US-Canada Border,2023-09-01,48.999916,-95.977694,0,6
3425,Pinecreek,Minnesota,US-Canada Border,2023-10-01,48.999916,-95.977694,0,5
3425,Pinecreek,Minnesota,US-Canada Border,2023-11-01,48.999916,-95.977694,0,5
3425,Pinecreek,Minnesota,US-Canada Border,2023-12-01,48.999916,-95.977694,0,5
3425,Pinecreek,Minnesota,US-Canada Border,2024-01-01,48.999916,-95.977694,0,4
3425,Pinecreek,Minnesota,US-Canada Border,2024-02-01,48.999916,-95.977694,0,4
3425,Pinecreek,Minnesota,US-Canada Border,2024-03-01,48.999916,-95.977694,0,5
3425,Pinecreek,Minnesota,US-Canada Border,2024-04-01,48.999916,-95.977694,0,6
3425,Pinecreek,Minnesota,US-Canada Border,2024-05-01,48.999916,-95.977694,0,6
3425,Pinecreek,Minnesota,US-Canada Border,2024-06-01,48.999916,-95.977694,0,7
3425,Pinecreek,Minnesota,US-Canada Border,2024-07-01,48.999916,-95.977694,0,6
3425,Pinecreek,Minnesota,US-Canada Border,2024-08-01,48.999916,-95.977694,0,8
3425,Pinecreek,Minnesota,US-Canada Border,2024-09-01,48.999916,-95.977694,0,5
3425,Pinecreek,Minnesota,US-Canada Border,2024-10-01,48.999916,-95.977694,0,5
3425,Pinecreek,Minnesota,US-Canada Border,2024-11-01,48.999916,-95.977694,0,4
3425,Pinecreek,Minnesota,US-Canada Border,2024-12-01,48.999916,-95.977694,0,3
3426,Roseau,Minnesota,US-Canada Border,2018-01-01,48.999538,-95.766469,0,285
3426,Roseau,Minnesota,US-Canada Border,2018-02-01,48.999538,-95.766469,0,249
3426,Roseau,Minnesota,US-Canada Border,2018-03-01,48.999538,-95.766469,0,257
3426,Roseau,Minnesota,US-Canada Border,2018-04-01,48.999538,-95.766469,0,279
3426,Roseau,Minnesota,US-Canada Border,2018-05-01,48.999538,-95.766469,0,222
3426,Roseau,Minnesota,US-Canada Border,2018-06-01,48.999538,-95.766469,0,242
3426,Roseau,Minnesota,US-Canada Border,2018-07-01,48.999538,-95.766469,0,249
3426,Roseau,Minnesota,US-Canada Border,2018-08-01,48.999538,-95.766469,0,259
3426,Roseau,Minnesota,US-Canada Border,2018-09-01,48.999538,-95.766469,0,252
3426,Roseau,Minnesota,US-Canada Border,2018-10-01,48.999538,-95.766469,0,257
3426,Roseau,Minnesota,US-Canada Border,2018-11-01,48.999538,-95.766469,0,277
3426,Roseau,Minnesota,US-Canada Border,2018-12-01,48.999538,-95.766469,0,227
3426,Roseau,Minnesota,US-Canada Border,2019-01-01,48.999538,-95.766469,0,163
3426,Roseau,Minnesota,US-Canada Border,2019-02-01,48.999538,-95.766469,0,175
3426,Roseau,Minnesota,US-Canada Border,2019-03-01,48.999538,-95.766469,0,204
3426,Roseau,Minnesota,US-Canada Border,2019-04-01,48.999538,-95.766469,0,217
3426,Roseau,Minnesota,US-Canada Border,2019-05-01,48.999538,-95.766469,0,207
3426,Roseau,Minnesota,US-Canada Border,2019-06-01,48.999538,-95.766469,0,290
3426,Roseau,Minnesota,US-Canada Border,2019-07-01,48.999538,-95.766469,0,227
3426,Roseau,Minnesota,US-Canada Border,2019-08-01,48.999538,-95.766469,0,298
3426,Roseau,Minnesota,US-Canada Border,2019-09-01,48.999538,-95.766469,0,314
3426,Roseau,Minnesota,US-Canada Border,2019-10-01,48.999538,-95.766469,0,268
3426,Roseau,Minnesota,US-Canada Border,2019-11-01,48.999538,-95.766469,0,333
3426,Roseau,Minnesota,US-Canada Border,2019-12-01,48.999538,-95.766469,0,246
3426,Roseau,Minnesota,US-Canada Border,2020-01-01,48.999538,-95.766469,0,165
3426,Roseau,Minnesota,US-Canada Border,2020-02-01,48.999538,-95.766469,0,135
3426,Roseau,Minnesota,US-Canada Border,2020-03-01,48.999538,-95.766469,0,194
3426,Roseau,Minnesota,US-Canada Border,2020-04-01,48.999538,-95.766469,0,210
3426,Roseau,Minnesota,US-Canada Border,2020-05-01,48.999538,-95.766469,0,241
3426,Roseau,Minnesota,US-Canada Border,2020-06-01,48.999538,-95.766469,0,334
3426,Roseau,Minnesota,US-Canada Border,2020-07-01,48.999538,-95.766469,0,290
3426,Roseau,Minnesota,US-Canada Border,2020-08-01,48.999538,-95.766469,0,301
3426,Roseau,Minnesota,US-Canada Border,2020-09-01,48.999538,-95.766469,0,315
3426,Roseau,Minnesota,US-Canada Border,2020-10-01,48.999538,-95.766469,0,209
3426,Roseau,Minnesota,US-Canada Border,2020-11-01,48.999538,-95.766469,0,332
3426,Roseau,Minnesota,US-Canada Border,2020-12-01,48.999538,-95.766469,0,281
3426,Roseau,Minnesota,US-Canada Border,2021-01-01,48.999538,-95.766469,0,206
3426,Roseau,Minnesota,US-Canada Border,2021-02-01,48.999538,-95.766469,0,206
3426,Roseau,Minnesota,US-Canada Border,2021-03-01,48.999538,-95.766469,0,246
3426,Roseau,Minnesota,US-Canada Border,2021-04-01,48.999538,-95.766469,0,231
3426,Roseau,Minnesota,US-Canada Border,2021-05-01,48.999538,-95.766469,0,282
3426,Roseau,Minnesota,US-Canada Border,2021-06-01,48.999538,-95.766469,0,342
3426,Roseau,Minnesota,US-Canada Border,2021-07-01,48.999538,-95.766469,0,369
3426,Roseau,Minnesota,US-Canada Border,2021-08-01,48.999538,-95.766469,0,314
3426,Roseau,Minnesota,US-Canada Border,2021-09-01,48.999538,-95.766469,0,257
3426,Roseau,Minnesota,US-Canada Border,2021-10-01,48.999538,-95.766469,0,264
3426,Roseau,Minnesota,US-Canada Border,2021-11-01,48.999538,-95.766469,0,280
3426,Roseau,Minnesota,US-Canada Border,2021-12-01,48.999538,-95.766469,0,280
3426,Roseau,Minnesota,US-Canada Border,2022-01-01,48.999538,-95.766469,0,259
3426,Roseau,Minnesota,US-Canada Border,2022-02-01,48.999538,-95.766469,0,422
3426,Roseau,Minnesota,US-Canada Border,2022-03-01,48.999538,-95.766469,0,341
3426,Roseau,Minnesota,US-Canada Border,2022-04-01,48.999538,-95.766469,0,267
3426,Roseau,Minnesota,US-Canada Border,2022-05-01,48.999538,-95.766469,0,387
3426,Roseau,Minnesota,US-Canada Border,2022-06-01,48.999538,-95.766469,0,271
3426,Roseau,Minnesota,US-Canada Border,2022-07-01,48.999538,-95.766469,0,297
3426,Roseau,Minnesota,US-Canada Border,2022-08-01,48.999538,-95.766469,0,341
3426,Roseau,Minnesota,US-Canada Border,2022-09-01,48.999538,-95.766469,0,237
3426,Roseau,Minnesota,US-Canada Border,2022-10-01,48.999538,-95.766469,0,252
3426,Roseau,Minnesota,US-Canada Border,2022-11-01,48.999538,-95.766469,0,235
3426,Roseau,Minnesota,US-Canada Border,2022-12-01,48.999538,-95.766469,0,249
3426,Roseau,Minnesota,US-Canada Border,2023-01-01,48.999538,-95.766469,0,250
3426,Roseau,Minnesota,US-Canada Border,2023-02-01,48.999538,-95.766469,0,254
3426,Roseau,Minnesota,US-Canada Border,2023-03-01,48.999538,-95.766469,0,243
3426,Roseau,Minnesota,US-Canada Border,2023-04-01,48.999538,-95.766469,0,157
3426,Roseau,Minnesota,US-Canada Border,2023-05-01,48.999538,-95.766469,0,262
3426,Roseau,Minnesota,US-Canada Border,2023-06-01,48.999538,-95.766469,0,449
3426,Roseau,Minnesota,US-Canada Border,2023-07-01,48.999538,-95.766469,0,356
3426,Roseau,Minnesota,US-Canada Border,2023-08-01,48.999538,-95.766469,0,240
3426,Roseau,Minnesota,US-Canada Border,2023-09-01,48.999538,-95.766469,0,223
3426,Roseau,Minnesota,US-Canada Border,2023-10-01,48.999538,-95.766469,0,201
3426,Roseau,Minnesota,US-Canada Border,2023-11-01,48.999538,-95.766469,0,259
3426,Roseau,Minnesota,US-Canada Border,2023-12-01,48.999538,-95.766469,0,189
3426,Roseau,Minnesota,US-Canada Border,2024-01-01,48.999538,-95.766469,0,189
3426,Roseau,Minnesota,US-Canada Border,2024-02-01,48.999538,-95.766469,0,124
3426,Roseau,Minnesota,US-Canada Border,2024-03-01,48.999538,-95.766469,0,202
3426,Roseau,Minnesota,US-Canada Border,2024-04-01,48.999538,-95.766469,0,193
3426,Roseau,Minnesota,US-Canada Border,2024-05-01,48.999538,-95.766469,0,220
3426,Roseau,Minnesota,US-Canada Border,2024-06-01,48.999538,-95.766469,0,190
3426,Roseau,Minnesota,US-Canada Border,2024-07-01,48.999538,-95.766469,0,216
3426,Roseau,Minnesota,US-Canada Border,2024-08-01,48.999538,-95.766469,0,254
3426,Roseau,Minnesota,US-Canada Border,2024-09-01,48.999538,-95.766469,0,239
3426,Roseau,Minnesota,US-Canada Border,2024-10-01,48.999538,-95.766469,0,252
3426,Roseau,Minnesota,US-Canada Border,2024-11-01,48.999538,-95.766469,0,145
3426,Roseau,Minnesota,US-Canada Border,2024-12-01,48.999538,-95.766469,0,141
3430,Lancaster,Minnesota,US-Canada Border,2018-01-01,49.000194,-96.800527,0,369
3430,Lancaster,Minnesota,US-Canada Border,2018-02-01,49.000194,-96.800527,0,309
3430,Lancaster,Minnesota,US-Canada Border,2018-03-01,49.000194,-96.800527,0,387
3430,Lancaster,Minnesota,US-Canada Border,2018-04-01,49.000194,-96.800527,0,392
3430,Lancaster,Minnesota,US-Canada Border,2018-05-01,49.000194,-96.800527,0,384
3430,Lancaster,Minnesota,US-Canada Border,2018-06-01,49.000194,-96.800527,0,351
3430,Lancaster,Minnesota,US-Canada Border,2018-07-01,49.000194,-96.800527,0,389
3430,Lancaster,Minnesota,US-Canada Border,2018-08-01,49.000194,-96.800527,0,366
3430,Lancaster,Minnesota,US-Canada Border,2018-09-01,49.000194,-96.800527,0,388
3430,Lancaster,Minnesota,US-Canada Border,2018-10-01,49.000194,-96.800527,0,434
3430,Lancaster,Minnesota,US-Canada Border,2018-11-01,49.000194,-96.800527,0,373
3430,Lancaster,Minnesota,US-Canada Border,2018-12-01,49.000194,-96.800527,0,302
3430,Lancaster,Minnesota,US-Canada Border,2019-01-01,49.000194,-96.800527,0,397
3430,Lancaster,Minnesota,US-Canada Border,2019-02-01,49.000194,-96.800527,0,320
3430,Lancaster,Minnesota,US-Canada Border,2019-03-01,49.000194,-96.800527,0,402
3430,Lancaster,Minnesota,US-Canada Border,2019-04-01,49.000194,-96.800527,0,448
3430,Lancaster,Minnesota,US-Canada Border,2019-05-01,49.000194,-96.800527,0,465
3430,Lancaster,Minnesota,US-Canada Border,2019-06-01,49.000194,-96.800527,0,392
3430,Lancaster,Minnesota,US-Canada Border,2019-07-01,49.000194,-96.800527,0,550
3430,Lancaster,Minnesota,US-Canada Border,2019-08-01,49.000194,-96.800527,0,541
3430,Lancaster,Minnesota,US-Canada Border,2019-09-01,49.000194,-96.800527,0,591
3430,Lancaster,Minnesota,US-Canada Border,2019-10-01,49.000194,-96.800527,0,526
3430,Lancaster,Minnesota,US-Canada Border,2019-11-01,49.000194,-96.800527,0,320
3430,Lancaster,Minnesota,US-Canada Border,2019-12-01,49.000194,-96.800527,0,324
3430,Lancaster,Minnesota,US-Canada Border,2020-01-01,49.000194,-96.800527,0,415
3430,Lancaster,Minnesota,US-Canada Border,2020-02-01,49.000194,-96.800527,0,394
3430,Lancaster,Minnesota,US-Canada Border,2020-03-01,49.000194,-96.800527,0,468
3430,Lancaster,Minnesota,US-Canada Border,2020-04-01,49.000194,-96.800527,0,324
3430,Lancaster,Minnesota,US-Canada Border,2020-05-01,49.000194,-96.800527,0,239
3430,Lancaster,Minnesota,US-Canada Border,2020-06-01,49.000194,-96.800527,0,136
3430,Lancaster,Minnesota,US-Canada Border,2020-07-01,49.000194,-96.800527,0,306
3430,Lancaster,Minnesota,US-Canada Border,2020-08-01,49.000194,-96.800527,0,220
3430,Lancaster,Minnesota,US-Canada Border,2020-09-01,49.000194,-96.800527,0,324
3430,Lancaster,Minnesota,US-Canada Border,2020-10-01,49.000194,-96.800527,0,333
3430,Lancaster,Minnesota,US-Canada Border,2020-11-01,49.000194,-96.800527,0,376
3430,Lancaster,Minnesota,US-Canada Border,2020-12-01,49.000194,-96.800527,0,401
3430,Lancaster,Minnesota,US-Canada Border,2021-01-01,49.000194,-96.800527,0,467
3430,Lancaster,Minnesota,US-Canada Border,2021-02-01,49.000194,-96.800527,0,356
3430,Lancaster,Minnesota,US-Canada Border,2021-03-01,49.000194,-96.800527,0,308
3430,Lancaster,Minnesota,US-Canada Border,2021-04-01,49.000194,-96.800527,0,278
3430,Lancaster,Minnesota,US-Canada Border,2021-05-01,49.000194,-96.800527,0,213
3430,Lancaster,Minnesota,US-Canada Border,2021-06-01,49.000194,-96.800527,0,230
3430,Lancaster,Minnesota,US-Canada Border,2021-07-01,49.000194,-96.800527,0,286
3430,Lancaster,Minnesota,US-Canada Border,2021-08-01,49.000194,-96.800527,0,284
3430,Lancaster,Minnesota,US-Canada Border,2021-09-01,49.000194,-96.800527,0,323
3430,Lancaster,Minnesota,US-Canada Border,2021-10-01,49.000194,-96.800527,0,451
3430,Lancaster,Minnesota,US-Canada Border,2021-11-01,49.000194,-96.800527,0,429
3430,Lancaster,Minnesota,US-Canada Border,2021-12-01,49.000194,-96.800527,0,478
3430,Lancaster,Minnesota,US-Canada Border,2022-01-01,49.000194,-96.800527,0,387
3430,Lancaster,Minnesota,US-Canada Border,2022-02-01,49.000194,-96.800527,0,1101
3430,Lancaster,Minnesota,US-Canada Border,2022-03-01,49.000194,-96.800527,0,461
3430,Lancaster,Minnesota,US-Canada Border,2022-04-01,49.000194,-96.800527,0,451
3430,Lancaster,Minnesota,US-Canada Border,2022-05-01,49.000194,-96.800527,0,585
3430,Lancaster,Minnesota,US-Canada Border,2022-06-01,49.000194,-96.800527,0,469
3430,Lancaster,Minnesota,US-Canada Border,2022-07-01,49.000194,-96.800527,0,295
3430,Lancaster,Minnesota,US-Canada Border,2022-08-01,49.000194,-96.800527,0,310
3430,Lancaster,Minnesota,US-Canada Border,2022-09-01,49.000194,-96.800527,0,284
3430,Lancaster,Minnesota,US-Canada Border,2022-10-01,49.000194,-96.800527,0,325
3430,Lancaster,Minnesota,US-Canada Border,2022-11-01,49.000194,-96.800527,0,333
3430,Lancaster,Minnesota,US-Canada Border,2022-12-01,49.000194,-96.800527,0,326
3430,Lancaster,Minnesota,US-Canada Border,2023-01-01,49.000194,-96.800527,0,407
3430,Lancaster,Minnesota,US-Canada Border,2023-02-01,49.000194,-96.800527,0,391
3430,Lancaster,Minnesota,US-Canada Border,2023-03-01,49.000194,-96.800527,0,532
3430,Lancaster,Minnesota,US-Canada Border,2023-04-01,49.000194,-96.800527,0,381
3430,Lancaster,Minnesota,US-Canada Border,2023-05-01,49.000194,-96.800527,0,378
3430,Lancaster,Minnesota,US-Canada Border,2023-06-01,49.000194,-96.800527,0,463
3430,Lancaster,Minnesota,US-Canada Border,2023-07-01,49.000194,-96.800527,0,398
3430,Lancaster,Minnesota,US-Canada Border,2023-08-01,49.000194,-96.800527,0,323
3430,Lancaster,Minnesota,US-Canada Border,2023-09-01,49.000194,-96.800527,0,368
3430,Lancaster,Minnesota,US-Canada Border,2023-10-01,49.000194,-96.800527,0,490
3430,Lancaster,Minnesota,US-Canada Border,2023-11-01,49.000194,-96.800527,0,519
3430,Lancaster,Minnesota,US-Canada Border,2023-12-01,49.000194,-96.800527,0,425
3430,Lancaster,Minnesota,US-Canada Border,2024-01-01,49.000194,-96.800527,0,565
3430,Lancaster,Minnesota,US-Canada Border,2024-02-01,49.000194,-96.800527,0,449
3430,Lancaster,Minnesota,US-Canada Border,2024-03-01,49.000194,-96.800527,0,482
3430,Lancaster,Minnesota,US-Canada Border,2024-04-01,49.000194,-96.800527,0,420
3430,Lancaster,Minnesota,US-Canada Border,2024-05-01,49.000194,-96.800527,0,478
3430,Lancaster,Minnesota,US-Canada Border,2024-06-01,49.000194,-96.800527,0,342
3430,Lancaster,Minnesota,US-Canada Border,2024-07-01,49.000194,-96.800527,0,360
3430,Lancaster,Minnesota,US-Canada Border,2024-08-01,49.000194,-96.800527,0,341
3430,Lancaster,Minnesota,US-Canada Border,2024-09-01,49.000194,-96.800527,0,360
3430,Lancaster,Minnesota,US-Canada Border,2024-10-01,49.000194,-96.800527,0,368
3430,Lancaster,Minnesota,US-Canada Border,2024-11-01,49.000194,-96.800527,0,290
3430,Lancaster,Minnesota,US-Canada Border,2024-12-01,49.000194,-96.800527,0,278
3604,International Falls,Minnesota,US-Canada Border,2018-01-01,48.6078,-93.401355,308,1685
3604,International Falls,Minnesota,US-Canada Border,2018-02-01,48.6078,-93.401355,300,1474
3604,International Falls,Minnesota,US-Canada Border,2018-03-01,48.6078,-93.401355,347,1535
3604,International Falls,Minnesota,US-Canada Border,2018-04-01,48.6078,-93.401355,348,1374
3604,International Falls,Minnesota,US-Canada Border,2018-05-01,48.6078,-93.401355,356,1377
3604,International Falls,Minnesota,US-Canada Border,2018-06-01,48.6078,-93.401355,320,1557
3604,International Falls,Minnesota,US-Canada Border,2018-07-01,48.6078,-93.401355,297,1482
3604,International Falls,Minnesota,US-Canada Border,2018-08-01,48.6078,-93.401355,378,1492
3604,International Falls,Minnesota,US-Canada Border,2018-09-01,48.6078,-93.401355,398,1325
3604,International Falls,Minnesota,US-Canada Border,2018-10-01,48.6078,-93.401355,402,1474
3604,International Falls,Minnesota,US-Canada Border,2018-11-01,48.6078,-93.401355,386,1456
3604,International Falls,Minnesota,US-Canada Border,2018-12-01,48.6078,-93.401355,447,1298
3604,International Falls,Minnesota,US-Canada Border,2019-01-01,48.6078,-93.401355,389,1426
3604,International Falls,Minnesota,US-Canada Border,2019-02-01,48.6078,-93.401355,283,1502
3604,International Falls,Minnesota,US-Canada Border,2019-03-01,48.6078,-93.401355,387,1577
3604,International Falls,Minnesota,US-Canada Border,2019-04-01,48.6078,-93.401355,386,1482
3604,International Falls,Minnesota,US-Canada Border,2019-05-01,48.6078,-93.401355,318,1456
3604,International Falls,Minnesota,US-Canada Border,2019-06-01,48.6078,-93.401355,358,1362
3604,International Falls,Minnesota,US-Canada Border,2019-07-01,48.6078,-93.401355,390,1405
3604,International Falls,Minnesota,US-Canada Border,2019-08-01,48.6078,-93.401355,350,1342
3604,International Falls,Minnesota,US-Canada Border,2019-09-01,48.6078,-93.401355,354,1246
3604,International Falls,Minnesota,US-Canada Border,2019-10-01,48.6078,-93.401355,356,1146
3604,International Falls,Minnesota,US-Canada Border,2019-11-01,48.6078,-93.401355,333,1191
3604,International Falls,Minnesota,US-Canada Border,2019-12-01,48.6078,-93.401355,363,1281
3604,International Falls,Minnesota,US-Canada Border,2020-01-01,48.6078,-93.401355,362,1422
3604,International Falls,Minnesota,US-Canada Border,2020-02-01,48.6078,-93.401355,331,1386
3604,International Falls,Minnesota,US-Canada Border,2020-03-01,48.6078,-93.401355,373,1479
3604,International Falls,Minnesota,US-Canada Border,2020-04-01,48.6078,-93.401355,302,1160
3604,International Falls,Minnesota,US-Canada Border,2020-05-01,48.6078,-93.401355,251,1035
3604,International Falls,Minnesota,US-Canada Border,2020-06-01,48.6078,-93.401355,241,1209
3604,International Falls,Minnesota,US-Canada Border,2020-07-01,48.6078,-93.401355,281,1162
3604,International Falls,Minnesota,US-Canada Border,2020-08-01,48.6078,-93.401355,320,1235
3604,International Falls,Minnesota,US-Canada Border,2020-09-01,48.6078,-93.401355,331,1262
3604,International Falls,Minnesota,US-Canada Border,2020-10-01,48.6078,-93.401355,351,1420
3604,International Falls,Minnesota,US-Canada Border,2020-11-01,48.6078,-93.401355,345,1388
3604,International Falls,Minnesota,US-Canada Border,2020-12-01,48.6078,-93.401355,354,1474
3604,International Falls,Minnesota,US-Canada Border,2021-01-01,48.6078,-93.401355,346,1805
3604,International Falls,Minnesota,US-Canada Border,2021-02-01,48.6078,-93.401355,299,1730
3604,International Falls,Minnesota,US-Canada Border,2021-03-01,48.6078,-93.401355,353,1635
3604,International Falls,Minnesota,US-Canada Border,2021-04-01,48.6078,-93.401355,315,1478
3604,International Falls,Minnesota,US-Canada Border,2021-05-01,48.6078,-93.401355,310,1289
3604,International Falls,Minnesota,US-Canada Border,2021-06-01,48.6078,-93.401355,292,1408
3604,International Falls,Minnesota,US-Canada Border,2021-07-01,48.6078,-93.401355,286,1376
3604,International Falls,Minnesota,US-Canada Border,2021-08-01,48.6078,-93.401355,315,1443
3604,International Falls,Minnesota,US-Canada Border,2021-09-01,48.6078,-93.401355,290,1411
3604,International Falls,Minnesota,US-Canada Border,2021-10-01,48.6078,-93.401355,357,1361
3604,International Falls,Minnesota,US-Canada Border,2021-11-01,48.6078,-93.401355,334,1504
3604,International Falls,Minnesota,US-Canada Border,2021-12-01,48.6078,-93.401355,311,1270
3604,International Falls,Minnesota,US-Canada Border,2022-01-01,48.6078,-93.401355,296,1267
3604,International Falls,Minnesota,US-Canada Border,2022-02-01,48.6078,-93.401355,293,1224
3604,International Falls,Minnesota,US-Canada Border,2022-03-01,48.6078,-93.401355,365,1562
3604,International Falls,Minnesota,US-Canada Border,2022-04-01,48.6078,-93.401355,373,1315
3604,International Falls,Minnesota,US-Canada Border,2022-05-01,48.6078,-93.401355,396,1666
3604,International Falls,Minnesota,US-Canada Border,2022-06-01,48.6078,-93.401355,348,1377
3604,International Falls,Minnesota,US-Canada Border,2022-07-01,48.6078,-93.401355,327,1405
3604,International Falls,Minnesota,US-Canada Border,2022-08-01,48.6078,-93.401355,341,1518
3604,International Falls,Minnesota,US-Canada Border,2022-09-01,48.6078,-93.401355,301,1591
3604,International Falls,Minnesota,US-Canada Border,2022-10-01,48.6078,-93.401355,333,1428
3604,International Falls,Minnesota,US-Canada Border,2022-11-01,48.6078,-93.401355,324,1389
3604,International Falls,Minnesota,US-Canada Border,2022-12-01,48.6078,-93.401355,314,1282
3604,International Falls,Minnesota,US-Canada Border,2023-01-01,48.6078,-93.401355,327,1604
3604,International Falls,Minnesota,US-Canada Border,2023-02-01,48.6078,-93.401355,317,1508
3604,International Falls,Minnesota,US-Canada Border,2023-03-01,48.6078,-93.401355,335,1838
3604,International Falls,Minnesota,US-Canada Border,2023-04-01,48.6078,-93.401355,340,1240
3604,International Falls,Minnesota,US-Canada Border,2023-05-01,48.6078,-93.401355,343,1451
3604,International Falls,Minnesota,US-Canada Border,2023-06-01,48.6078,-93.401355,297,1315
3604,International Falls,Minnesota,US-Canada Border,2023-07-01,48.6078,-93.401355,271,1395
3604,International Falls,Minnesota,US-Canada Border,2023-08-01,48.6078,-93.401355,308,1232
3604,International Falls,Minnesota,US-Canada Border,2023-09-01,48.6078,-93.401355,288,1290
3604,International Falls,Minnesota,US-Canada Border,2023-10-01,48.6078,-93.401355,330,1372
3604,International Falls,Minnesota,US-Canada Border,2023-11-01,48.6078,-93.401355,333,1351
3604,International Falls,Minnesota,US-Canada Border,2023-12-01,48.6078,-93.401355,344,1202
3604,International Falls,Minnesota,US-Canada Border,2024-01-01,48.6078,-93.401355,296,1524
3604,International Falls,Minnesota,US-Canada Border,2024-02-01,48.6078,-93.401355,329,1504
3604,International Falls,Minnesota,US-Canada Border,2024-03-01,48.6078,-93.401355,349,1363
3604,International Falls,Minnesota,US-Canada Border,2024-04-01,48.6078,-93.401355,341,1460
3604,International Falls,Minnesota,US-Canada Border,2024-05-01,48.6078,-93.401355,344,1414
3604,International Falls,Minnesota,US-Canada Border,2024-06-01,48.6078,-93.401355,298,1628
3604,International Falls,Minnesota,US-Canada Border,2024-07-01,48.6078,-93.401355,315,1667
3604,International Falls,Minnesota,US-Canada Border,2024-08-01,48.6078,-93.401355,299,1650
3604,International Falls,Minnesota,US-Canada Border,2024-09-01,48.6078,-93.401355,299,1602
3604,International Falls,Minnesota,US-Canada Border,2024-10-01,48.6078,-93.401355,296,1628
3604,International Falls,Minnesota,US-Canada Border,2024-11-01,48.6078,-93.401355,280,1457
3604,International Falls,Minnesota,US-Canada Border,2024-12-01,48.6078,-93.401355,313,1326
3613,Grand Portage,Minnesota,US-Canada Border,2018-01-01,48.001427,-89.58515,0,982
3613,Grand Portage,Minnesota,US-Canada Border,2018-02-01,48.001427,-89.58515,0,975
3613,Grand Portage,Minnesota,US-Canada Border,2018-03-01,48.001427,-89.58515,0,1207
3613,Grand Portage,Minnesota,US-Canada Border,2018-04-01,48.001427,-89.58515,0,950
3613,Grand Portage,Minnesota,US-Canada Border,2018-05-01,48.001427,-89.58515,0,1123
3613,Grand Portage,Minnesota,US-Canada Border,2018-06-01,48.001427,-89.58515,0,1051
3613,Grand Portage,Minnesota,US-Canada Border,2018-07-01,48.001427,-89.58515,0,1135
3613,Grand Portage,Minnesota,US-Canada Border,2018-08-01,48.001427,-89.58515,0,1261
3613,Grand Portage,Minnesota,US-Canada Border,2018-09-01,48.001427,-89.58515,0,988
3613,Grand Portage,Minnesota,US-Canada Border,2018-10-01,48.001427,-89.58515,0,1041
3613,Grand Portage,Minnesota,US-Canada Border,2018-11-01,48.001427,-89.58515,0,1007
3613,Grand Portage,Minnesota,US-Canada Border,2018-12-01,48.001427,-89.58515,0,914
3613,Grand Portage,Minnesota,US-Canada Border,2019-01-01,48.001427,-89.58515,0,1034
3613,Grand Portage,Minnesota,US-Canada Border,2019-02-01,48.001427,-89.58515,0,794
3613,Grand Portage,Minnesota,US-Canada Border,2019-03-01,48.001427,-89.58515,0,994
3613,Grand Portage,Minnesota,US-Canada Border,2019-04-01,48.001427,-89.58515,0,979
3613,Grand Portage,Minnesota,US-Canada Border,2019-05-01,48.001427,-89.58515,0,1051
3613,Grand Portage,Minnesota,US-Canada Border,2019-06-01,48.001427,-89.58515,0,1111
3613,Grand Portage,Minnesota,US-Canada Border,2019-07-01,48.001427,-89.58515,0,1165
3613,Grand Portage,Minnesota,US-Canada Border,2019-08-01,48.001427,-89.58515,0,1172
3613,Grand Portage,Minnesota,US-Canada Border,2019-09-01,48.001427,-89.58515,0,1036
3613,Grand Portage,Minnesota,US-Canada Border,2019-10-01,48.001427,-89.58515,0,1130
3613,Grand Portage,Minnesota,US-Canada Border,2019-11-01,48.001427,-89.58515,0,999
3613,Grand Portage,Minnesota,US-Canada Border,2019-12-01,48.001427,-89.58515,0,1025
3613,Grand Portage,Minnesota,US-Canada Border,2020-01-01,48.001427,-89.58515,0,1137
3613,Grand Portage,Minnesota,US-Canada Border,2020-02-01,48.001427,-89.58515,0,1095
3613,Grand Portage,Minnesota,US-Canada Border,2020-03-01,48.001427,-89.58515,0,1042
3613,Grand Portage,Minnesota,US-Canada Border,2020-04-01,48.001427,-89.58515,0,901
3613,Grand Portage,Minnesota,US-Canada Border,2020-05-01,48.001427,-89.58515,0,956
3613,Grand Portage,Minnesota,US-Canada Border,2020-06-01,48.001427,-89.58515,0,979
3613,Grand Portage,Minnesota,US-Canada Border,2020-07-01,48.001427,-89.58515,0,1159
3613,Grand Portage,Minnesota,US-Canada Border,2020-08-01,48.001427,-89.58515,0,1075
3613,Grand Portage,Minnesota,US-Canada Border,2020-09-01,48.001427,-89.58515,0,1210
3613,Grand Portage,Minnesota,US-Canada Border,2020-10-01,48.001427,-89.58515,0,1111
3613,Grand Portage,Minnesota,US-Canada Border,2020-11-01,48.001427,-89.58515,0,1067
3613,Grand Portage,Minnesota,US-Canada Border,2020-12-01,48.001427,-89.58515,0,1028
3613,Grand Portage,Minnesota,US-Canada Border,2021-01-01,48.001427,-89.58515,0,950
3613,Grand Portage,Minnesota,US-Canada Border,2021-02-01,48.001427,-89.58515,0,834
3613,Grand Portage,Minnesota,US-Canada Border,2021-03-01,48.001427,-89.58515,0,1075
3613,Grand Portage,Minnesota,US-Canada Border,2021-04-01,48.001427,-89.58515,0,1034
3613,Grand Portage,Minnesota,US-Canada Border,2021-05-01,48.001427,-89.58515,0,1019
3613,Grand Portage,Minnesota,US-Canada Border,2021-06-01,48.001427,-89.58515,0,1382
3613,Grand Portage,Minnesota,US-Canada Border,2021-07-01,48.001427,-89.58515,0,1267
3613,Grand Portage,Minnesota,US-Canada Border,2021-08-01,48.001427,-89.58515,0,1016
3613,Grand Portage,Minnesota,US-Canada Border,2021-09-01,48.001427,-89.58515,0,943
3613,Grand Portage,Minnesota,US-Canada Border,2021-10-01,48.001427,-89.58515,0,877
3613,Grand Portage,Minnesota,US-Canada Border,2021-11-01,48.001427,-89.58515,0,877
3613,Grand Portage,Minnesota,US-Canada Border,2021-12-01,48.001427,-89.58515,0,770
3613,Grand Portage,Minnesota,US-Canada Border,2022-01-01,48.001427,-89.58515,0,682
3613,Grand Portage,Minnesota,US-Canada Border,2022-02-01,48.001427,-89.58515,0,539
3613,Grand Portage,Minnesota,US-Canada Border,2022-03-01,48.001427,-89.58515,0,741
3613,Grand Portage,Minnesota,US-Canada Border,2022-04-01,48.001427,-89.58515,0,683
3613,Grand Portage,Minnesota,US-Canada Border,2022-05-01,48.001427,-89.58515,0,784
3613,Grand Portage,Minnesota,US-Canada Border,2022-06-01,48.001427,-89.58515,0,924
3613,Grand Portage,Minnesota,US-Canada Border,2022-07-01,48.001427,-89.58515,0,980
3613,Grand Portage,Minnesota,US-Canada Border,2022-08-01,48.001427,-89.58515,0,1102
3613,Grand Portage,Minnesota,US-Canada Border,2022-09-01,48.001427,-89.58515,0,1025
3613,Grand Portage,Minnesota,US-Canada Border,2022-10-01,48.001427,-89.58515,0,928
3613,Grand Portage,Minnesota,US-Canada Border,2022-11-01,48.001427,-89.58515,0,752
3613,Grand Portage,Minnesota,US-Canada Border,2022-12-01,48.001427,-89.58515,0,697
3613,Grand Portage,Minnesota,US-Canada Border,2023-01-01,48.001427,-89.58515,0,792
3613,Grand Portage,Minnesota,US-Canada Border,2023-02-01,48.001427,-89.58515,0,709
3613,Grand Portage,Minnesota,US-Canada Border,2023-03-01,48.001427,-89.58515,0,860
3613,Grand Portage,Minnesota,US-Canada Border,2023-04-01,48.001427,-89.58515,0,669
3613,Grand Portage,Minnesota,US-Canada Border,2023-05-01,48.001427,-89.58515,0,762
3613,Grand Portage,Minnesota,US-Canada Border,2023-06-01,48.001427,-89.58515,0,856
3613,Grand Portage,Minnesota,US-Canada Border,2023-07-01,48.001427,-89.58515,0,827
3613,Grand Portage,Minnesota,US-Canada Border,2023-08-01,48.001427,-89.58515,0,755
3613,Grand Portage,Minnesota,US-Canada Border,2023-09-01,48.001427,-89.58515,0,697
3613,Grand Portage,Minnesota,US-Canada Border,2023-10-01,48.001427,-89.58515,0,901
3613,Grand Portage,Minnesota,US-Canada Border,2023-11-01,48.001427,-89.58515,0,809
3613,Grand Portage,Minnesota,US-Canada Border,2023-12-01,48.001427,-89.58515,0,692
3613,Grand Portage,Minnesota,US-Canada Border,2024-01-01,48.001427,-89.58515,0,809
3613,Grand Portage,Minnesota,US-Canada Border,2024-02-01,48.001427,-89.58515,0,973
3613,Grand Portage,Minnesota,US-Canada Border,2024-03-01,48.001427,-89.58515,0,898
3613,Grand Portage,Minnesota,US-Canada Border,2024-04-01,48.001427,-89.58515,0,990
3613,Grand Portage,Minnesota,US-Canada Border,2024-05-01,48.001427,-89.58515,0,1108
3613,Grand Portage,Minnesota,US-Canada Border,2024-06-01,48.001427,-89.58515,0,1046
3613,Grand Portage,Minnesota,US-Canada Border,2024-07-01,48.001427,-89.58515,0,1115
3613,Grand Portage,Minnesota,US-Canada Border,2024-08-01,48.001427,-89.58515,0,1234
3613,Grand Portage,Minnesota,US-Canada Border,2024-09-01,48.001427,-89.58515,0,1215
3613,Grand Portage,Minnesota,US-Canada Border,2024-10-01,48.001427,-89.58515,0,1067
3613,Grand Portage,Minnesota,US-Canada Border,2024-11-01,48.001427,-89.58515,0,895
3613,Grand Portage,Minnesota,US-Canada Border,2024-12-01,48.001427,-89.58515,0,805
3801,Detroit,Michigan,US-Canada Border,2018-01-01,42.331685,-83.047924,156,135257
3801,Detroit,Michigan,US-Canada Border,2018-02-01,42.331685,-83.047924,149,128876
3801,Detroit,Michigan,US-Canada Border,2018-03-01,42.331685,-83.047924,156,139498
3801,Detroit,Michigan,US-Canada Border,2018-04-01,42.331685,-83.047924,155,138816
3801,Detroit,Michigan,US-Canada Border,2018-05-01,42.331685,-83.047924,156,139232
3801,Detroit,Michigan,US-Canada Border,2018-06-01,42.331685,-83.047924,140,135320
3801,Detroit,Michigan,US-Canada Border,2018-07-01,42.331685,-83.047924,156,122007
3801,Detroit,Michigan,US-Canada Border,2018-08-01,42.331685,-83.047924,155,137503
3801,Detroit,Michigan,US-Canada Border,2018-09-01,42.331685,-83.047924,156,128313
3801,Detroit,Michigan,US-Canada Border,2018-10-01,42.331685,-83.047924,168,139027
3801,Detroit,Michigan,US-Canada Border,2018-11-01,42.331685,-83.047924,151,129182
3801,Detroit,Michigan,US-Canada Border,2018-12-01,42.331685,-83.047924,142,108412
3801,Detroit,Michigan,US-Canada Border,2019-01-01,42.331685,-83.047924,150,127021
3801,Detroit,Michigan,US-Canada Border,2019-02-01,42.331685,-83.047924,130,120450
3801,Detroit,Michigan,US-Canada Border,2019-03-01,42.331685,-83.047924,156,135787
3801,Detroit,Michigan,US-Canada Border,2019-04-01,42.331685,-83.047924,154,126796
3801,Detroit,Michigan,US-Canada Border,2019-05-01,42.331685,-83.047924,159,138678
3801,Detroit,Michigan,US-Canada Border,2019-06-01,42.331685,-83.047924,155,134385
3801,Detroit,Michigan,US-Canada Border,2019-07-01,42.331685,-83.047924,162,120143
3801,Detroit,Michigan,US-Canada Border,2019-08-01,42.331685,-83.047924,152,132284
3801,Detroit,Michigan,US-Canada Border,2019-09-01,42.331685,-83.047924,147,131060
3801,Detroit,Michigan,US-Canada Border,2019-10-01,42.331685,-83.047924,154,135284
3801,Detroit,Michigan,US-Canada Border,2019-11-01,42.331685,-83.047924,148,127314
3801,Detroit,Michigan,US-Canada Border,2019-12-01,42.331685,-83.047924,145,112092
3801,Detroit,Michigan,US-Canada Border,2020-01-01,42.331685,-83.047924,143,124658
3801,Detroit,Michigan,US-Canada Border,2020-02-01,42.331685,-83.047924,144,124071
3801,Detroit,Michigan,US-Canada Border,2020-03-01,42.331685,-83.047924,147,116326
3801,Detroit,Michigan,US-Canada Border,2020-04-01,42.331685,-83.047924,111,60764
3801,Detroit,Michigan,US-Canada Border,2020-05-01,42.331685,-83.047924,86,74341
3801,Detroit,Michigan,US-Canada Border,2020-06-01,42.331685,-83.047924,123,120369
3801,Detroit,Michigan,US-Canada Border,2020-07-01,42.331685,-83.047924,135,119622
3801,Detroit,Michigan,US-Canada Border,2020-08-01,42.331685,-83.047924,123,127193
3801,Detroit,Michigan,US-Canada Border,2020-09-01,42.331685,-83.047924,142,126753
3801,Detroit,Michigan,US-Canada Border,2020-10-01,42.331685,-83.047924,146,125777
3801,Detroit,Michigan,US-Canada Border,2020-11-01,42.331685,-83.047924,140,122676
3801,Detroit,Michigan,US-Canada Border,2020-12-01,42.331685,-83.047924,140,110746
3801,Detroit,Michigan,US-Canada Border,2021-01-01,42.331685,-83.047924,133,117930
3801,Detroit,Michigan,US-Canada Border,2021-02-01,42.331685,-83.047924,128,108777
3801,Detroit,Michigan,US-Canada Border,2021-03-01,42.331685,-83.047924,154,132291
3801,Detroit,Michigan,US-Canada Border,2021-04-01,42.331685,-83.047924,137,109703
3801,Detroit,Michigan,US-Canada Border,2021-05-01,42.331685,-83.047924,133,110536
3801,Detroit,Michigan,US-Canada Border,2021-06-01,42.331685,-83.047924,137,119238
3801,Detroit,Michigan,US-Canada Border,2021-07-01,42.331685,-83.047924,130,109851
3801,Detroit,Michigan,US-Canada Border,2021-08-01,42.331685,-83.047924,129,120889
3801,Detroit,Michigan,US-Canada Border,2021-09-01,42.331685,-83.047924,125,112309
3801,Detroit,Michigan,US-Canada Border,2021-10-01,42.331685,-83.047924,125,120954
3801,Detroit,Michigan,US-Canada Border,2021-11-01,42.331685,-83.047924,121,124705
3801,Detroit,Michigan,US-Canada Border,2021-12-01,42.331685,-83.047924,125,111394
3801,Detroit,Michigan,US-Canada Border,2022-01-01,42.331685,-83.047924,118,111657
3801,Detroit,Michigan,US-Canada Border,2022-02-01,42.331685,-83.047924,117,88133
3801,Detroit,Michigan,US-Canada Border,2022-03-01,42.331685,-83.047924,128,131470
3801,Detroit,Michigan,US-Canada Border,2022-04-01,42.331685,-83.047924,134,117973
3801,Detroit,Michigan,US-Canada Border,2022-05-01,42.331685,-83.047924,139,123017
3801,Detroit,Michigan,US-Canada Border,2022-06-01,42.331685,-83.047924,140,120863
3801,Detroit,Michigan,US-Canada Border,2022-07-01,42.331685,-83.047924,132,110901
3801,Detroit,Michigan,US-Canada Border,2022-08-01,42.331685,-83.047924,131,129822
3801,Detroit,Michigan,US-Canada Border,2022-09-01,42.331685,-83.047924,122,120287
3801,Detroit,Michigan,US-Canada Border,2022-10-01,42.331685,-83.047924,128,123450
3801,Detroit,Michigan,US-Canada Border,2022-11-01,42.331685,-83.047924,123,126756
3801,Detroit,Michigan,US-Canada Border,2022-12-01,42.331685,-83.047924,126,110524
3801,Detroit,Michigan,US-Canada Border,2023-01-01,42.331685,-83.047924,127,126872
3801,Detroit,Michigan,US-Canada Border,2023-02-01,42.331685,-83.047924,115,117684
3801,Detroit,Michigan,US-Canada Border,2023-03-01,42.331685,-83.047924,129,138200
3801,Detroit,Michigan,US-Canada Border,2023-04-01,42.331685,-83.047924,125,120090
3801,Detroit,Michigan,US-Canada Border,2023-05-01,42.331685,-83.047924,137,139370
3801,Detroit,Michigan,US-Canada Border,2023-06-01,42.331685,-83.047924,132,138329
3801,Detroit,Michigan,US-Canada Border,2023-07-01,42.331685,-83.047924,129,135359
3801,Detroit,Michigan,US-Canada Border,2023-08-01,42.331685,-83.047924,128,136502
3801,Detroit,Michigan,US-Canada Border,2023-09-01,42.331685,-83.047924,127,135270
3801,Detroit,Michigan,US-Canada Border,2023-10-01,42.331685,-83.047924,127,134642
3801,Detroit,Michigan,US-Canada Border,2023-11-01,42.331685,-83.047924,130,132272
3801,Detroit,Michigan,US-Canada Border,2023-12-01,42.331685,-83.047924,129,107941
3801,Detroit,Michigan,US-Canada Border,2024-01-01,42.331685,-83.047924,122,130404
3801,Detroit,Michigan,US-Canada Border,2024-02-01,42.331685,-83.047924,138,125834
3801,Detroit,Michigan,US-Canada Border,2024-03-01,42.331685,-83.047924,145,125807
3801,Detroit,Michigan,US-Canada Border,2024-04-01,42.331685,-83.047924,130,129164
3801,Detroit,Michigan,US-Canada Border,2024-05-01,42.331685,-83.047924,128,125617
3801,Detroit,Michigan,US-Canada Border,2024-06-01,42.331685,-83.047924,129,119302
3801,Detroit,Michigan,US-Canada Border,2024-07-01,42.331685,-83.047924,130,108157
3801,Detroit,Michigan,US-Canada Border,2024-08-01,42.331685,-83.047924,122,110996
3801,Detroit,Michigan,US-Canada Border,2024-09-01,42.331685,-83.047924,142,112185
3801,Detroit,Michigan,US-Canada Border,2024-10-01,42.331685,-83.047924,144,114933
3801,Detroit,Michigan,US-Canada Border,2024-11-01,42.331685,-83.047924,141,101778
3801,Detroit,Michigan,US-Canada Border,2024-12-01,42.331685,-83.047924,124,93695
3802,Port Huron,Michigan,US-Canada Border,2018-01-01,42.998611,-82.423611,253,60144
3802,Port Huron,Michigan,US-Canada Border,2018-02-01,42.998611,-82.423611,236,59539
3802,Port Huron,Michigan,US-Canada Border,2018-03-01,42.998611,-82.423611,274,69603
3802,Port Huron,Michigan,US-Canada Border,2018-04-01,42.998611,-82.423611,262,70517
3802,Port Huron,Michigan,US-Canada Border,2018-05-01,42.998611,-82.423611,292,74647
3802,Port Huron,Michigan,US-Canada Border,2018-06-01,42.998611,-82.423611,275,71654
3802,Port Huron,Michigan,US-Canada Border,2018-07-01,42.998611,-82.423611,270,68675
3802,Port Huron,Michigan,US-Canada Border,2018-08-01,42.998611,-82.423611,258,74022
3802,Port Huron,Michigan,US-Canada Border,2018-09-01,42.998611,-82.423611,263,71916
3802,Port Huron,Michigan,US-Canada Border,2018-10-01,42.998611,-82.423611,260,79035
3802,Port Huron,Michigan,US-Canada Border,2018-11-01,42.998611,-82.423611,247,71478
3802,Port Huron,Michigan,US-Canada Border,2018-12-01,42.998611,-82.423611,243,60359
3802,Port Huron,Michigan,US-Canada Border,2019-01-01,42.998611,-82.423611,283,67543
3802,Port Huron,Michigan,US-Canada Border,2019-02-01,42.998611,-82.423611,241,59920
3802,Port Huron,Michigan,US-Canada Border,2019-03-01,42.998611,-82.423611,312,68906
3802,Port Huron,Michigan,US-Canada Border,2019-04-01,42.998611,-82.423611,275,69254
3802,Port Huron,Michigan,US-Canada Border,2019-05-01,42.998611,-82.423611,274,72056
3802,Port Huron,Michigan,US-Canada Border,2019-06-01,42.998611,-82.423611,356,69843
3802,Port Huron,Michigan,US-Canada Border,2019-07-01,42.998611,-82.423611,188,67681
3802,Port Huron,Michigan,US-Canada Border,2019-08-01,42.998611,-82.423611,281,68578
3802,Port Huron,Michigan,US-Canada Border,2019-09-01,42.998611,-82.423611,250,68602
3802,Port Huron,Michigan,US-Canada Border,2019-10-01,42.998611,-82.423611,228,70815
3802,Port Huron,Michigan,US-Canada Border,2019-11-01,42.998611,-82.423611,189,66692
3802,Port Huron,Michigan,US-Canada Border,2019-12-01,42.998611,-82.423611,216,58651
3802,Port Huron,Michigan,US-Canada Border,2020-01-01,42.998611,-82.423611,233,62752
3802,Port Huron,Michigan,US-Canada Border,2020-02-01,42.998611,-82.423611,240,60630
3802,Port Huron,Michigan,US-Canada Border,2020-03-01,42.998611,-82.423611,295,62346
3802,Port Huron,Michigan,US-Canada Border,2020-04-01,42.998611,-82.423611,216,37141
3802,Port Huron,Michigan,US-Canada Border,2020-05-01,42.998611,-82.423611,192,41868
3802,Port Huron,Michigan,US-Canada Border,2020-06-01,42.998611,-82.423611,219,61807
3802,Port Huron,Michigan,US-Canada Border,2020-07-01,42.998611,-82.423611,242,63478
3802,Port Huron,Michigan,US-Canada Border,2020-08-01,42.998611,-82.423611,263,66926
3802,Port Huron,Michigan,US-Canada Border,2020-09-01,42.998611,-82.423611,270,70971
3802,Port Huron,Michigan,US-Canada Border,2020-10-01,42.998611,-82.423611,265,71743
3802,Port Huron,Michigan,US-Canada Border,2020-11-01,42.998611,-82.423611,252,68252
3802,Port Huron,Michigan,US-Canada Border,2020-12-01,42.998611,-82.423611,267,61367
3802,Port Huron,Michigan,US-Canada Border,2021-01-01,42.998611,-82.423611,261,63057
3802,Port Huron,Michigan,US-Canada Border,2021-02-01,42.998611,-82.423611,212,60433
3802,Port Huron,Michigan,US-Canada Border,2021-03-01,42.998611,-82.423611,273,76205
3802,Port Huron,Michigan,US-Canada Border,2021-04-01,42.998611,-82.423611,233,69864
3802,Port Huron,Michigan,US-Canada Border,2021-05-01,42.998611,-82.423611,231,72602
3802,Port Huron,Michigan,US-Canada Border,2021-06-01,42.998611,-82.423611,236,76566
3802,Port Huron,Michigan,US-Canada Border,2021-07-01,42.998611,-82.423611,211,68330
3802,Port Huron,Michigan,US-Canada Border,2021-08-01,42.998611,-82.423611,220,74274
3802,Port Huron,Michigan,US-Canada Border,2021-09-01,42.998611,-82.423611,214,72610
3802,Port Huron,Michigan,US-Canada Border,2021-10-01,42.998611,-82.423611,253,75319
3802,Port Huron,Michigan,US-Canada Border,2021-11-01,42.998611,-82.423611,261,74620
3802,Port Huron,Michigan,US-Canada Border,2021-12-01,42.998611,-82.423611,258,66474
3802,Port Huron,Michigan,US-Canada Border,2022-01-01,42.998611,-82.423611,251,65242
3802,Port Huron,Michigan,US-Canada Border,2022-02-01,42.998611,-82.423611,248,72996
3802,Port Huron,Michigan,US-Canada Border,2022-03-01,42.998611,-82.423611,290,84160
3802,Port Huron,Michigan,US-Canada Border,2022-04-01,42.998611,-82.423611,276,74490
3802,Port Huron,Michigan,US-Canada Border,2022-05-01,42.998611,-82.423611,299,78854
3802,Port Huron,Michigan,US-Canada Border,2022-06-01,42.998611,-82.423611,273,76917
3802,Port Huron,Michigan,US-Canada Border,2022-07-01,42.998611,-82.423611,272,68539
3802,Port Huron,Michigan,US-Canada Border,2022-08-01,42.998611,-82.423611,298,75415
3802,Port Huron,Michigan,US-Canada Border,2022-09-01,42.998611,-82.423611,276,71565
3802,Port Huron,Michigan,US-Canada Border,2022-10-01,42.998611,-82.423611,305,74163
3802,Port Huron,Michigan,US-Canada Border,2022-11-01,42.998611,-82.423611,283,71869
3802,Port Huron,Michigan,US-Canada Border,2022-12-01,42.998611,-82.423611,259,59395
3802,Port Huron,Michigan,US-Canada Border,2023-01-01,42.998611,-82.423611,291,66811
3802,Port Huron,Michigan,US-Canada Border,2023-02-01,42.998611,-82.423611,260,61705
3802,Port Huron,Michigan,US-Canada Border,2023-03-01,42.998611,-82.423611,274,73768
3802,Port Huron,Michigan,US-Canada Border,2023-04-01,42.998611,-82.423611,274,64362
3802,Port Huron,Michigan,US-Canada Border,2023-05-01,42.998611,-82.423611,279,73876
3802,Port Huron,Michigan,US-Canada Border,2023-06-01,42.998611,-82.423611,270,71565
3802,Port Huron,Michigan,US-Canada Border,2023-07-01,42.998611,-82.423611,272,58103
3802,Port Huron,Michigan,US-Canada Border,2023-08-01,42.998611,-82.423611,289,57276
3802,Port Huron,Michigan,US-Canada Border,2023-09-01,42.998611,-82.423611,266,63062
3802,Port Huron,Michigan,US-Canada Border,2023-10-01,42.998611,-82.423611,271,68254
3802,Port Huron,Michigan,US-Canada Border,2023-11-01,42.998611,-82.423611,273,66468
3802,Port Huron,Michigan,US-Canada Border,2023-12-01,42.998611,-82.423611,274,57010
3802,Port Huron,Michigan,US-Canada Border,2024-01-01,42.998611,-82.423611,264,64502
3802,Port Huron,Michigan,US-Canada Border,2024-02-01,42.998611,-82.423611,287,65955
3802,Port Huron,Michigan,US-Canada Border,2024-03-01,42.998611,-82.423611,302,70230
3802,Port Huron,Michigan,US-Canada Border,2024-04-01,42.998611,-82.423611,288,76924
3802,Port Huron,Michigan,US-Canada Border,2024-05-01,42.998611,-82.423611,286,78635
3802,Port Huron,Michigan,US-Canada Border,2024-06-01,42.998611,-82.423611,287,73617
3802,Port Huron,Michigan,US-Canada Border,2024-07-01,42.998611,-82.423611,290,78224
3802,Port Huron,Michigan,US-Canada Border,2024-08-01,42.998611,-82.423611,266,80757
3802,Port Huron,Michigan,US-Canada Border,2024-09-01,42.998611,-82.423611,254,83787
3802,Port Huron,Michigan,US-Canada Border,2024-10-01,42.998611,-82.423611,272,86787
3802,Port Huron,Michigan,US-Canada Border,2024-11-01,42.998611,-82.423611,243,83339
3802,Port Huron,Michigan,US-Canada Border,2024-12-01,42.998611,-82.423611,252,73465
3803,Sault Sainte Marie,Michigan,US-Canada Border,2018-01-01,46.508611,-84.360833,30,3492
3803,Sault Sainte Marie,Michigan,US-Canada Border,2018-02-01,46.508611,-84.360833,28,3718
3803,Sault Sainte Marie,Michigan,US-Canada Border,2018-03-01,46.508611,-84.360833,31,3787
3803,Sault Sainte Marie,Michigan,US-Canada Border,2018-04-01,46.508611,-84.360833,31,3542
3803,Sault Sainte Marie,Michigan,US-Canada Border,2018-05-01,46.508611,-84.360833,31,3694
3803,Sault Sainte Marie,Michigan,US-Canada Border,2018-06-01,46.508611,-84.360833,30,3044
3803,Sault Sainte Marie,Michigan,US-Canada Border,2018-07-01,46.508611,-84.360833,26,3302
3803,Sault Sainte Marie,Michigan,US-Canada Border,2018-08-01,46.508611,-84.360833,31,3395
3803,Sault Sainte Marie,Michigan,US-Canada Border,2018-09-01,46.508611,-84.360833,30,3268
3803,Sault Sainte Marie,Michigan,US-Canada Border,2018-10-01,46.508611,-84.360833,29,3618
3803,Sault Sainte Marie,Michigan,US-Canada Border,2018-11-01,46.508611,-84.360833,31,3315
3803,Sault Sainte Marie,Michigan,US-Canada Border,2018-12-01,46.508611,-84.360833,29,2794
3803,Sault Sainte Marie,Michigan,US-Canada Border,2019-01-01,46.508611,-84.360833,29,3362
3803,Sault Sainte Marie,Michigan,US-Canada Border,2019-02-01,46.508611,-84.360833,28,3073
3803,Sault Sainte Marie,Michigan,US-Canada Border,2019-03-01,46.508611,-84.360833,30,3578
3803,Sault Sainte Marie,Michigan,US-Canada Border,2019-04-01,46.508611,-84.360833,29,3325
3803,Sault Sainte Marie,Michigan,US-Canada Border,2019-05-01,46.508611,-84.360833,31,3644
3803,Sault Sainte Marie,Michigan,US-Canada Border,2019-06-01,46.508611,-84.360833,29,3214
3803,Sault Sainte Marie,Michigan,US-Canada Border,2019-07-01,46.508611,-84.360833,30,3315
3803,Sault Sainte Marie,Michigan,US-Canada Border,2019-08-01,46.508611,-84.360833,31,3317
3803,Sault Sainte Marie,Michigan,US-Canada Border,2019-09-01,46.508611,-84.360833,30,3399
3803,Sault Sainte Marie,Michigan,US-Canada Border,2019-10-01,46.508611,-84.360833,31,3604
3803,Sault Sainte Marie,Michigan,US-Canada Border,2019-11-01,46.508611,-84.360833,30,3162
3803,Sault Sainte Marie,Michigan,US-Canada Border,2019-12-01,46.508611,-84.360833,29,2986
3803,Sault Sainte Marie,Michigan,US-Canada Border,2020-01-01,46.508611,-84.360833,30,3549
3803,Sault Sainte Marie,Michigan,US-Canada Border,2020-02-01,46.508611,-84.360833,29,3415
3803,Sault Sainte Marie,Michigan,US-Canada Border,2020-03-01,46.508611,-84.360833,31,3799
3803,Sault Sainte Marie,Michigan,US-Canada Border,2020-04-01,46.508611,-84.360833,31,2827
3803,Sault Sainte Marie,Michigan,US-Canada Border,2020-05-01,46.508611,-84.360833,31,2749
3803,Sault Sainte Marie,Michigan,US-Canada Border,2020-06-01,46.508611,-84.360833,31,2852
3803,Sault Sainte Marie,Michigan,US-Canada Border,2020-07-01,46.508611,-84.360833,33,3048
3803,Sault Sainte Marie,Michigan,US-Canada Border,2020-08-01,46.508611,-84.360833,31,3193
3803,Sault Sainte Marie,Michigan,US-Canada Border,2020-09-01,46.508611,-84.360833,40,3248
3803,Sault Sainte Marie,Michigan,US-Canada Border,2020-10-01,46.508611,-84.360833,32,3245
3803,Sault Sainte Marie,Michigan,US-Canada Border,2020-11-01,46.508611,-84.360833,31,3173
3803,Sault Sainte Marie,Michigan,US-Canada Border,2020-12-01,46.508611,-84.360833,29,3083
3803,Sault Sainte Marie,Michigan,US-Canada Border,2021-01-01,46.508611,-84.360833,33,3250
3803,Sault Sainte Marie,Michigan,US-Canada Border,2021-02-01,46.508611,-84.360833,28,3082
3803,Sault Sainte Marie,Michigan,US-Canada Border,2021-03-01,46.508611,-84.360833,30,3957
3803,Sault Sainte Marie,Michigan,US-Canada Border,2021-04-01,46.508611,-84.360833,30,3541
3803,Sault Sainte Marie,Michigan,US-Canada Border,2021-05-01,46.508611,-84.360833,31,3261
3803,Sault Sainte Marie,Michigan,US-Canada Border,2021-06-01,46.508611,-84.360833,31,3336
3803,Sault Sainte Marie,Michigan,US-Canada Border,2021-07-01,46.508611,-84.360833,30,3103
3803,Sault Sainte Marie,Michigan,US-Canada Border,2021-08-01,46.508611,-84.360833,32,3194
3803,Sault Sainte Marie,Michigan,US-Canada Border,2021-09-01,46.508611,-84.360833,30,3120
3803,Sault Sainte Marie,Michigan,US-Canada Border,2021-10-01,46.508611,-84.360833,30,3093
3803,Sault Sainte Marie,Michigan,US-Canada Border,2021-11-01,46.508611,-84.360833,30,2933
3803,Sault Sainte Marie,Michigan,US-Canada Border,2021-12-01,46.508611,-84.360833,30,2673
3803,Sault Sainte Marie,Michigan,US-Canada Border,2022-01-01,46.508611,-84.360833,30,2691
3803,Sault Sainte Marie,Michigan,US-Canada Border,2022-02-01,46.508611,-84.360833,29,2633
3803,Sault Sainte Marie,Michigan,US-Canada Border,2022-03-01,46.508611,-84.360833,31,2923
3803,Sault Sainte Marie,Michigan,US-Canada Border,2022-04-01,46.508611,-84.360833,30,2696
3803,Sault Sainte Marie,Michigan,US-Canada Border,2022-05-01,46.508611,-84.360833,33,2874
3803,Sault Sainte Marie,Michigan,US-Canada Border,2022-06-01,46.508611,-84.360833,30,2865
3803,Sault Sainte Marie,Michigan,US-Canada Border,2022-07-01,46.508611,-84.360833,28,2548
3803,Sault Sainte Marie,Michigan,US-Canada Border,2022-08-01,46.508611,-84.360833,30,2774
3803,Sault Sainte Marie,Michigan,US-Canada Border,2022-09-01,46.508611,-84.360833,30,2646
3803,Sault Sainte Marie,Michigan,US-Canada Border,2022-10-01,46.508611,-84.360833,30,2842
3803,Sault Sainte Marie,Michigan,US-Canada Border,2022-11-01,46.508611,-84.360833,31,2568
3803,Sault Sainte Marie,Michigan,US-Canada Border,2022-12-01,46.508611,-84.360833,27,2251
3803,Sault Sainte Marie,Michigan,US-Canada Border,2023-01-01,46.508611,-84.360833,32,2722
3803,Sault Sainte Marie,Michigan,US-Canada Border,2023-02-01,46.508611,-84.360833,27,2428
3803,Sault Sainte Marie,Michigan,US-Canada Border,2023-03-01,46.508611,-84.360833,31,2988
3803,Sault Sainte Marie,Michigan,US-Canada Border,2023-04-01,46.508611,-84.360833,31,2650
3803,Sault Sainte Marie,Michigan,US-Canada Border,2023-05-01,46.508611,-84.360833,30,2994
3803,Sault Sainte Marie,Michigan,US-Canada Border,2023-06-01,46.508611,-84.360833,30,3092
3803,Sault Sainte Marie,Michigan,US-Canada Border,2023-07-01,46.508611,-84.360833,32,2759
3803,Sault Sainte Marie,Michigan,US-Canada Border,2023-08-01,46.508611,-84.360833,32,2705
3803,Sault Sainte Marie,Michigan,US-Canada Border,2023-09-01,46.508611,-84.360833,31,2503
3803,Sault Sainte Marie,Michigan,US-Canada Border,2023-10-01,46.508611,-84.360833,31,2871
3803,Sault Sainte Marie,Michigan,US-Canada Border,2023-11-01,46.508611,-84.360833,30,2473
3803,Sault Sainte Marie,Michigan,US-Canada Border,2023-12-01,46.508611,-84.360833,30,2297
3803,Sault Sainte Marie,Michigan,US-Canada Border,2024-01-01,46.508611,-84.360833,32,2775
3803,Sault Sainte Marie,Michigan,US-Canada Border,2024-02-01,46.508611,-84.360833,29,2557
3803,Sault Sainte Marie,Michigan,US-Canada Border,2024-03-01,46.508611,-84.360833,31,2725
3803,Sault Sainte Marie,Michigan,US-Canada Border,2024-04-01,46.508611,-84.360833,29,2967
3803,Sault Sainte Marie,Michigan,US-Canada Border,2024-05-01,46.508611,-84.360833,32,2840
3803,Sault Sainte Marie,Michigan,US-Canada Border,2024-06-01,46.508611,-84.360833,30,2746
3803,Sault Sainte Marie,Michigan,US-Canada Border,2024-07-01,46.508611,-84.360833,31,2844
3803,Sault Sainte Marie,Michigan,US-Canada Border,2024-08-01,46.508611,-84.360833,31,2634
3803,Sault Sainte Marie,Michigan,US-Canada Border,2024-09-01,46.508611,-84.360833,29,2764
3803,Sault Sainte Marie,Michigan,US-Canada Border,2024-10-01,46.508611,-84.360833,31,3066
3803,Sault Sainte Marie,Michigan,US-Canada Border,2024-11-01,46.508611,-84.360833,29,2619
3803,Sault Sainte Marie,Michigan,US-Canada Border,2024-12-01,46.508611,-84.360833,30,2212
